Workbook

Sheet Lisez-moi
A1: Suivi des entraînements — ligne LC — Compétition — saison 2026-2027
B4: Un classeur par ligne d'eau
B5: Ce classeur suit une seule ligne d'eau, pour une seule saison. Le paramétrage du club vit dans « AA - Parametrage 2026-2027.xlsx » ; ce classeur en reçoit une copie de travail. Voir l'onglet Synchro.
B6: Une ligne d'eau a un seul support de saisie déclaré pour la saison : ce classeur, ou l'application. Jamais les deux.
B8: Quatre couleurs, quatre natures de cellule
B9: Blanc — saisie libre, à remplir à la main.
B10: Vert clair — saisie assistée par une liste déroulante : choisissez une valeur proposée.
B11: Gris clair — calculé par une formule de ce classeur : ça se met à jour tout seul, n'y touchez jamais.
B12: Bleu pâle — copié automatiquement depuis le classeur de Paramétrage à chaque synchronisation (onglets Referentiel, Personnes, Creneaux_Ref, Responsables, Qualifs_Securite) : une saisie ici serait silencieusement écrasée au prochain Synchro, sans message d'erreur.
B14: Sélectionner une personne
B15: Même principe que le classeur de paramétrage : une liste déroulante propose les personnes du club, triée par prénom. Tapez les premières lettres du prénom pour y aller plus vite, ou choisissez dans la liste. Le code numérique de l'onglet Personnes reste aussi accepté. Les colonnes suivantes affichent aussitôt l'identifiant, le nom et le prénom : un coup d'œil suffit à vérifier.
B17: Les listes se construisent toutes seules
B18: L'onglet Personnes porte l'ensemble du club, avec le groupe de niveau de chacun. Les membres de cette ligne y reçoivent automatiquement un code, de 1 à n. Les onglets Suivi_Objectifs, Suivi_Competences et Avis_Encadrants construisent leur liste d'apnéistes à partir de ce code : vous n'avez jamais de nom à recopier.
... B38: Version 1.1 — 2026-08-20.

Sheet Synchro
A1: Synchronisation avec le paramétrage du club
A2: Renseigné automatiquement par « sync_referentiel.py ». Ne pas modifier à la main.
A4: Information | B4: Valeur | C4: Remarque
A5: Ligne d'eau | B5: LC | C5: Groupe de niveau suivi par ce classeur
A6: Saison | B6: 2026-2027
A7: Classeur de paramétrage source | B7: AA - Parametrage 2026-2027.xlsx
A8: Version du paramétrage | B8: 1.3
A9: Date de la dernière synchronisation | B9: 2026-09-05 15:06 | C9: À relancer après toute modification du paramétrage
A10: Objectifs repris | B10: 10
A11: Compétences reprises | B11: 8
A12: Personnes reprises | B12: 97 | C12: Tout le club : un encadrant n'est pas nécessairement inscrit dans la ligne qu'il encadre
A13: Créneaux repris | B13: 1
A14: Responsables de ligne repris | B14: 0 | C14: Table datée : une ligne par changement en cours de saison
A16: Membres de la ligne, calculés en direct
A17: Apnéistes rattachés au groupe LC | B17: =COUNTIF(Personnes!$H$5:$H$154,"oui") -> 13 | C17: Déduit de la colonne « Groupe(s) » de l'onglet Personnes, sans intervention
A19: Pourquoi pas de lien Excel direct ?
A20: Une formule pointant vers un autre fichier dépend du chemin sur le disque. Elle casse dès que le classeur est déplacé, renommé, ouvert depuis un autre poste ou synchronisé par OneDrive.
A21: Le paramétrage est donc recopié ici, en lecture seule, par un script. C'est exactement ce que fera l'application plus tard.

Sheet Referentiel
A1: Référentiel de la ligne LC — Compétition
A2: Copie du paramétrage du club. Écrasé à chaque synchronisation : ne rien modifier ici.
A4: 1. OBJECTIFS DE PROGRESSION — maîtrise et acquisition
A5: ID | B5: Type | C5: Famille | D5: Intitulé | E5: Seuil de répétitions | F5: Intervalle max entre départs | G5: Critère de validation
A6: L4-M1 | B6: maîtrise | C6: DIST | D6: 125m dyn | G6: Pouvoir réaliser la distance sans contrainte particulière, régulièrement, sans incident. — critère qualitatif, non calculable.
A7: L4-M2 | B7: maîtrise | C7: SERIE_HC | D7: 4 x 50m départ 1' | G7: Pouvoir réaliser la distance sans contrainte particulière, régulièrement, sans incident. — critère qualitatif, non calculable.
A8: L4-M3 | B8: maîtrise | C8: STA_DYN | D8: 1'30 de STA + 75m | G8: Pouvoir réaliser la distance sans contrainte particulière, régulièrement, sans incident. — critère qualitatif, non calculable.
A9: L4-M4 | B9: maîtrise | C9: LENT | D9: 50m lent (2'30) | G9: Pouvoir réaliser la distance sans contrainte particulière, régulièrement, sans incident. — critère qualitatif, non calculable.
A10: L4-M5 | B10: maîtrise | C10: BRASSE | D10: 75m en brasse | G10: Pouvoir réaliser la distance sans contrainte particulière, régulièrement, sans incident. — critère qualitatif, non calculable.
A11: L4-A1 | B11: acquisition | C11: DIST | D11: 150m dyn | E11: 1 | G11: Pouvoir réaliser la distance ou l'exercice une fois de temps en temps en étant mis dans les meilleures conditions.
A12: L4-A2 | B12: acquisition | C12: SERIE_HC | D12: 4 x 50m départ 55'' | E12: 1 | G12: Pouvoir réaliser la distance ou l'exercice une fois de temps en temps en étant mis dans les meilleures conditions.
A13: L4-A3 | B13: acquisition | C13: STA_DYN | D13: 2' de STA + 75m | E13: 1 | G13: Pouvoir réaliser la distance ou l'exercice une fois de temps en temps en étant mis dans les meilleures conditions.
A14: L4-A4 | B14: acquisition | C14: LENT | D14: 50m lent (3') | E14: 1 | G14: Pouvoir réaliser la distance ou l'exercice une fois de temps en temps en étant mis dans les meilleures conditions.
A15: L4-A5 | B15: acquisition | C15: BRASSE | D15: 100m en brasse | E15: 1 | G15: Pouvoir réaliser la distance ou l'exercice une fois de temps en temps en étant mis dans les meilleures conditions.
A28: 2. COMPÉTENCES TECHNIQUES — niveau attendu en LC
A29: Code | B29: Libellé | C29: Niveau attendu | D29: Critère observable
A30: LEST | B30: Lestage | C30: expert | D30: Assiette horizontale tenue sans compensation musculaire ; flottabilité neutre en fin d'apnée.
A31: HYDRO | B31: Hydrodynamisme | C31: expert | D31: Position hydrodynamique conservée sur toute la distance ; aucun mouvement parasite.
A32: PALM_BI | B32: Palmage bi-palmes | C32: expert | D32: Ondulation propre, amplitude régulière, propulsion issue des hanches et non des cuisses.
A33: PALM_MONO | B33: Palmage monopalme | C33: acquis | D33: Ondulation continue tête-bassin-palme, bras en flèche tenus.
A34: VIRAGE | B34: Virage | C34: expert | D34: Virage fluide, sans perte de vitesse notable, sans apnée supplémentaire ; poussée d'au moins 10 m.
A35: VENTIL | B35: Ventilation | C35: expert | D35: Préparation ventilatoire abaissant la fréquence cardiaque, dernière inspiration maîtrisée, protocole de sécurité en sortie, récupération codée respectée.
A36: SAUV | B36: Sauvetage | C36: expert | D36: Sait repérer les signaux hypoxiques chez son binôme et conduire une remontée et un protocole de sauvetage.
A37: BRASSE | B37: Brasse DNF | C37: expert | D37: Coordination traction-glisse-ondulation, temps de glisse tenu, trajectoire rectiligne.
A52: 3. CRÉNEAUX DE LA LIGNE — copie du paramétrage
A53: ID | B53: Jour | C53: Heure début | D53: Heure fin | E53: Bassin | F53: Groupe de niveau | G53: Libellé (calculé) | H53: Encadrant (ID) | I53: Encadrant — nom | J53: Encadrant — prénom
A54: CR-SAM | B54: samedi | C54: 10h30 | D54: 12h00 | E54: B50 | F54: LC | H54: P045 | I54: SEGUI | J54: Danny
A66: 4. RESPONSABLE DE LIGNE — copie du paramétrage, table datée
A67: Date d'effet | B67: Personne (ID) | C67: Nom | D67: Prénom | E67: Commentaire
A79: 5. PERSONNES QUALIFIÉES SÉCURITÉ — copie du paramétrage, club entier
A80: Personne (ID) | B80: Nom | C80: Prénom

Sheet Personnes
A1: Personnes du club et effectif de la ligne
A2: Copie du référentiel du club. Le code de la colonne A est attribué automatiquement aux membres du groupe LC : c'est le raccourci de saisie.
A4: Code | B4: ID | C4: Nom | D4: Prénom | E4: Rôle déclaré | F4: Groupe(s) | G4: Objectif de la saison | H4: Membre de la ligne | I4: Séances suivies | J4: Séances tenues | K4: Taux de participation | L4: Code élève | M4: Code encadrant | N4: Libellé (calculé) | O4: Rang par prénom (calculé) | P4: Courriel
A5: =IF($H5="","",COUNTIF($H$5:$H5,"oui")) -> 1 | B5: P100 | C5: AUBERT | D5: Sebastien | E5: élève | F5: DNF / L4 / LC | H5: =IF($B5="","",IF(ISNUMBER(SEARCH("/LC/","/"&SUBSTITUTE($F5," / ","/")&"/")),"oui","")) -> oui | I5: =IF($H5="","",COUNTIF(Presences!$C$5:$C$504,$B5)) -> 0 | J5: =IF($H5="","",Tableau_de_bord!$B$5) -> 0 | K5: =IFERROR(IF($J5=0,"",$I5/$J5),"") | L5: =IF($H5<>"oui","",IF(OR($E5="élève",$E5="élève et encadrant"),COUNTIFS($H$5:$H5,"oui",$E$5:$E5,"élève")+COUNTIFS($H$5:$H5,"oui",$E$5:$E5,"élève et encadrant"),"")) -> 1 | M5: =IF($H5<>"oui","",IF(OR($E5="encadrant",$E5="élève et encadrant"),COUNTIFS($H$5:$H5,"oui",$E$5:$E5,"encadrant")+COUNTIFS($H$5:$H5,"oui",$E$5:$E5,"élève et encadrant"),"")) | N5: =IF($B5="","",TRIM(IF($D5="",$C5,$D5&" "&$C5))&" ["&$B5&"]") -> Sebastien AUBERT [P100] | O5: =IF($B5="","",COUNTIF(Personnes!$D$5:$D$154,"<"&$D5)+COUNTIF($D$5:$D5,$D5)) -> 82
A6: =IF($H6="","",COUNTIF($H$5:$H6,"oui")) -> 2 | B6: P101 | C6: BELHADJ KACEM | D6: Mohammed | E6: élève | F6: DNF / L4 / LC | H6: =IF($B6="","",IF(ISNUMBER(SEARCH("/LC/","/"&SUBSTITUTE($F6," / ","/")&"/")),"oui","")) -> oui | I6: =IF($H6="","",COUNTIF(Presences!$C$5:$C$504,$B6)) -> 0 | J6: =IF($H6="","",Tableau_de_bord!$B$5) -> 0 | K6: =IFERROR(IF($J6=0,"",$I6/$J6),"") | L6: =IF($H6<>"oui","",IF(OR($E6="élève",$E6="élève et encadrant"),COUNTIFS($H$5:$H6,"oui",$E$5:$E6,"élève")+COUNTIFS($H$5:$H6,"oui",$E$5:$E6,"élève et encadrant"),"")) -> 2 | M6: =IF($H6<>"oui","",IF(OR($E6="encadrant",$E6="élève et encadrant"),COUNTIFS($H$5:$H6,"oui",$E$5:$E6,"encadrant")+COUNTIFS($H$5:$H6,"oui",$E$5:$E6,"élève et encadrant"),"")) | N6: =IF($B6="","",TRIM(IF($D6="",$C6,$D6&" "&$C6))&" ["&$B6&"]") -> Mohammed BELHADJ KACEM [P101] | O6: =IF($B6="","",COUNTIF(Personnes!$D$5:$D$154,"<"&$D6)+COUNTIF($D$5:$D6,$D6)) -> 67
A7: =IF($H7="","",COUNTIF($H$5:$H7,"oui")) -> 3 | B7: P049 | C7: BOULANT | D7: Guillaume | E7: élève | F7: DNF / L4 / LC / STA | H7: =IF($B7="","",IF(ISNUMBER(SEARCH("/LC/","/"&SUBSTITUTE($F7," / ","/")&"/")),"oui","")) -> oui | I7: =IF($H7="","",COUNTIF(Presences!$C$5:$C$504,$B7)) -> 0 | J7: =IF($H7="","",Tableau_de_bord!$B$5) -> 0 | K7: =IFERROR(IF($J7=0,"",$I7/$J7),"") | L7: =IF($H7<>"oui","",IF(OR($E7="élève",$E7="élève et encadrant"),COUNTIFS($H$5:$H7,"oui",$E$5:$E7,"élève")+COUNTIFS($H$5:$H7,"oui",$E$5:$E7,"élève et encadrant"),"")) -> 3 | M7: =IF($H7<>"oui","",IF(OR($E7="encadrant",$E7="élève et encadrant"),COUNTIFS($H$5:$H7,"oui",$E$5:$E7,"encadrant")+COUNTIFS($H$5:$H7,"oui",$E$5:$E7,"élève et encadrant"),"")) | N7: =IF($B7="","",TRIM(IF($D7="",$C7,$D7&" "&$C7))&" ["&$B7&"]") -> Guillaume BOULANT [P049] | O7: =IF($B7="","",COUNTIF(Personnes!$D$5:$D$154,"<"&$D7)+COUNTIF($D$5:$D7,$D7)) -> 41 | P7: gboulant@gmail.com
A8: =IF($H8="","",COUNTIF($H$5:$H8,"oui")) -> 4 | B8: P057 | C8: COLIN DE VERDIERE | D8: Antoine | E8: élève | F8: DNF / L4 / LC | H8: =IF($B8="","",IF(ISNUMBER(SEARCH("/LC/","/"&SUBSTITUTE($F8," / ","/")&"/")),"oui","")) -> oui | I8: =IF($H8="","",COUNTIF(Presences!$C$5:$C$504,$B8)) -> 0 | J8: =IF($H8="","",Tableau_de_bord!$B$5) -> 0 | K8: =IFERROR(IF($J8=0,"",$I8/$J8),"") | L8: =IF($H8<>"oui","",IF(OR($E8="élève",$E8="élève et encadrant"),COUNTIFS($H$5:$H8,"oui",$E$5:$E8,"élève")+COUNTIFS($H$5:$H8,"oui",$E$5:$E8,"élève et encadrant"),"")) -> 4 | M8: =IF($H8<>"oui","",IF(OR($E8="encadrant",$E8="élève et encadrant"),COUNTIFS($H$5:$H8,"oui",$E$5:$E8,"encadrant")+COUNTIFS($H$5:$H8,"oui",$E$5:$E8,"élève et encadrant"),"")) | N8: =IF($B8="","",TRIM(IF($D8="",$C8,$D8&" "&$C8))&" ["&$B8&"]") -> Antoine COLIN DE VERDIERE [P057] | O8: =IF($B8="","",COUNTIF(Personnes!$D$5:$D$154,"<"&$D8)+COUNTIF($D$5:$D8,$D8)) -> 8 | P8: antoinecdv@gmail.com
A9: =IF($H9="","",COUNTIF($H$5:$H9,"oui")) -> 5 | B9: P063 | C9: COLLINET | D9: Sabine | E9: élève | F9: DNF / L4 / LC | H9: =IF($B9="","",IF(ISNUMBER(SEARCH("/LC/","/"&SUBSTITUTE($F9," / ","/")&"/")),"oui","")) -> oui | I9: =IF($H9="","",COUNTIF(Presences!$C$5:$C$504,$B9)) -> 0 | J9: =IF($H9="","",Tableau_de_bord!$B$5) -> 0 | K9: =IFERROR(IF($J9=0,"",$I9/$J9),"") | L9: =IF($H9<>"oui","",IF(OR($E9="élève",$E9="élève et encadrant"),COUNTIFS($H$5:$H9,"oui",$E$5:$E9,"élève")+COUNTIFS($H$5:$H9,"oui",$E$5:$E9,"élève et encadrant"),"")) -> 5 | M9: =IF($H9<>"oui","",IF(OR($E9="encadrant",$E9="élève et encadrant"),COUNTIFS($H$5:$H9,"oui",$E$5:$E9,"encadrant")+COUNTIFS($H$5:$H9,"oui",$E$5:$E9,"élève et encadrant"),"")) | N9: =IF($B9="","",TRIM(IF($D9="",$C9,$D9&" "&$C9))&" ["&$B9&"]") -> Sabine COLLINET [P063] | O9: =IF($B9="","",COUNTIF(Personnes!$D$5:$D$154,"<"&$D9)+COUNTIF($D$5:$D9,$D9)) -> 77 | P9: sabine.collinet@gmail.com
A10: =IF($H10="","",COUNTIF($H$5:$H10,"oui")) -> 6 | B10: P043 | C10: DUMONT | D10: Céline | E10: élève | F10: DNF / L4 / LC / STA | H10: =IF($B10="","",IF(ISNUMBER(SEARCH("/LC/","/"&SUBSTITUTE($F10," / ","/")&"/")),"oui","")) -> oui | I10: =IF($H10="","",COUNTIF(Presences!$C$5:$C$504,$B10)) -> 0 | J10: =IF($H10="","",Tableau_de_bord!$B$5) -> 0 | K10: =IFERROR(IF($J10=0,"",$I10/$J10),"") | L10: =IF($H10<>"oui","",IF(OR($E10="élève",$E10="élève et encadrant"),COUNTIFS($H$5:$H10,"oui",$E$5:$E10,"élève")+COUNTIFS($H$5:$H10,"oui",$E$5:$E10,"élève et encadrant"),"")) -> 6 | M10: =IF($H10<>"oui","",IF(OR($E10="encadrant",$E10="élève et encadrant"),COUNTIFS($H$5:$H10,"oui",$E$5:$E10,"encadrant")+COUNTIFS($H$5:$H10,"oui",$E$5:$E10,"élève et encadrant"),"")) | N10: =IF($B10="","",TRIM(IF($D10="",$C10,$D10&" "&$C10))&" ["&$B10&"]") -> Céline DUMONT [P043] | O10: =IF($B10="","",COUNTIF(Personnes!$D$5:$D$154,"<"&$D10)+COUNTIF($D$5:$D10,$D10)) -> 19 | P10: celibouteiller@gmail.com
A11: =IF($H11="","",COUNTIF($H$5:$H11,"oui")) -> 7 | B11: P102 | C11: DUSSAUD | D11: Sebastien | E11: élève | F11: DNF / L4 / LC | H11: =IF($B11="","",IF(ISNUMBER(SEARCH("/LC/","/"&SUBSTITUTE($F11," / ","/")&"/")),"oui","")) -> oui | I11: =IF($H11="","",COUNTIF(Presences!$C$5:$C$504,$B11)) -> 0 | J11: =IF($H11="","",Tableau_de_bord!$B$5) -> 0 | K11: =IFERROR(IF($J11=0,"",$I11/$J11),"") | L11: =IF($H11<>"oui","",IF(OR($E11="élève",$E11="élève et encadrant"),COUNTIFS($H$5:$H11,"oui",$E$5:$E11,"élève")+COUNTIFS($H$5:$H11,"oui",$E$5:$E11,"élève et encadrant"),"")) -> 7 | M11: =IF($H11<>"oui","",IF(OR($E11="encadrant",$E11="élève et encadrant"),COUNTIFS($H$5:$H11,"oui",$E$5:$E11,"encadrant")+COUNTIFS($H$5:$H11,"oui",$E$5:$E11,"élève et encadrant"),"")) | N11: =IF($B11="","",TRIM(IF($D11="",$C11,$D11&" "&$C11))&" ["&$B11&"]") -> Sebastien DUSSAUD [P102] | O11: =IF($B11="","",COUNTIF(Personnes!$D$5:$D$154,"<"&$D11)+COUNTIF($D$5:$D11,$D11)) -> 83
A12: =IF($H12="","",COUNTIF($H$5:$H12,"oui")) -> 8 | B12: P039 | C12: FREDON | D12: Philippe | E12: élève | F12: DNF / L4 / LC / STA | H12: =IF($B12="","",IF(ISNUMBER(SEARCH("/LC/","/"&SUBSTITUTE($F12," / ","/")&"/")),"oui","")) -> oui | I12: =IF($H12="","",COUNTIF(Presences!$C$5:$C$504,$B12)) -> 0 | J12: =IF($H12="","",Tableau_de_bord!$B$5) -> 0 | K12: =IFERROR(IF($J12=0,"",$I12/$J12),"") | L12: =IF($H12<>"oui","",IF(OR($E12="élève",$E12="élève et encadrant"),COUNTIFS($H$5:$H12,"oui",$E$5:$E12,"élève")+COUNTIFS($H$5:$H12,"oui",$E$5:$E12,"élève et encadrant"),"")) -> 8 | M12: =IF($H12<>"oui","",IF(OR($E12="encadrant",$E12="élève et encadrant"),COUNTIFS($H$5:$H12,"oui",$E$5:$E12,"encadrant")+COUNTIFS($H$5:$H12,"oui",$E$5:$E12,"élève et encadrant"),"")) | N12: =IF($B12="","",TRIM(IF($D12="",$C12,$D12&" "&$C12))&" ["&$B12&"]") -> Philippe FREDON [P039] | O12: =IF($B12="","",COUNTIF(Personnes!$D$5:$D$154,"<"&$D12)+COUNTIF($D$5:$D12,$D12)) -> 74 | P12: philippe.fredon@orange.fr
A13: =IF($H13="","",COUNTIF($H$5:$H13,"oui")) -> 9 | B13: P058 | C13: MAALAOUI | D13: Larbi | E13: élève | F13: DNF / L4 / LC | H13: =IF($B13="","",IF(ISNUMBER(SEARCH("/LC/","/"&SUBSTITUTE($F13," / ","/")&"/")),"oui","")) -> oui | I13: =IF($H13="","",COUNTIF(Presences!$C$5:$C$504,$B13)) -> 0 | J13: =IF($H13="","",Tableau_de_bord!$B$5) -> 0 | K13: =IFERROR(IF($J13=0,"",$I13/$J13),"") | L13: =IF($H13<>"oui","",IF(OR($E13="élève",$E13="élève et encadrant"),COUNTIFS($H$5:$H13,"oui",$E$5:$E13,"élève")+COUNTIFS($H$5:$H13,"oui",$E$5:$E13,"élève et encadrant"),"")) -> 9 | M13: =IF($H13<>"oui","",IF(OR($E13="encadrant",$E13="élève et encadrant"),COUNTIFS($H$5:$H13,"oui",$E$5:$E13,"encadrant")+COUNTIFS($H$5:$H13,"oui",$E$5:$E13,"élève et encadrant"),"")) | N13: =IF($B13="","",TRIM(IF($D13="",$C13,$D13&" "&$C13))&" ["&$B13&"]") -> Larbi MAALAOUI [P058] | O13: =IF($B13="","",COUNTIF(Personnes!$D$5:$D$154,"<"&$D13)+COUNTIF($D$5:$D13,$D13)) -> 53 | P13: lmaalaoui@yahoo.fr
A14: =IF($H14="","",COUNTIF($H$5:$H14,"oui")) -> 10 | B14: P103 | C14: NOURA | D14: Karim | E14: élève | F14: DNF / L4 / LC | H14: =IF($B14="","",IF(ISNUMBER(SEARCH("/LC/","/"&SUBSTITUTE($F14," / ","/")&"/")),"oui","")) -> oui | I14: =IF($H14="","",COUNTIF(Presences!$C$5:$C$504,$B14)) -> 0 | J14: =IF($H14="","",Tableau_de_bord!$B$5) -> 0 | K14: =IFERROR(IF($J14=0,"",$I14/$J14),"") | L14: =IF($H14<>"oui","",IF(OR($E14="élève",$E14="élève et encadrant"),COUNTIFS($H$5:$H14,"oui",$E$5:$E14,"élève")+COUNTIFS($H$5:$H14,"oui",$E$5:$E14,"élève et encadrant"),"")) -> 10 | M14: =IF($H14<>"oui","",IF(OR($E14="encadrant",$E14="élève et encadrant"),COUNTIFS($H$5:$H14,"oui",$E$5:$E14,"encadrant")+COUNTIFS($H$5:$H14,"oui",$E$5:$E14,"élève et encadrant"),"")) | N14: =IF($B14="","",TRIM(IF($D14="",$C14,$D14&" "&$C14))&" ["&$B14&"]") -> Karim NOURA [P103] | O14: =IF($B14="","",COUNTIF(Personnes!$D$5:$D$154,"<"&$D14)+COUNTIF($D$5:$D14,$D14)) -> 50
A15: =IF($H15="","",COUNTIF($H$5:$H15,"oui")) -> 11 | B15: P044 | C15: PASCAL | D15: Alain | E15: élève | F15: DNF / L4 / LC / STA | H15: =IF($B15="","",IF(ISNUMBER(SEARCH("/LC/","/"&SUBSTITUTE($F15," / ","/")&"/")),"oui","")) -> oui | I15: =IF($H15="","",COUNTIF(Presences!$C$5:$C$504,$B15)) -> 0 | J15: =IF($H15="","",Tableau_de_bord!$B$5) -> 0 | K15: =IFERROR(IF($J15=0,"",$I15/$J15),"") | L15: =IF($H15<>"oui","",IF(OR($E15="élève",$E15="élève et encadrant"),COUNTIFS($H$5:$H15,"oui",$E$5:$E15,"élève")+COUNTIFS($H$5:$H15,"oui",$E$5:$E15,"élève et encadrant"),"")) -> 11 | M15: =IF($H15<>"oui","",IF(OR($E15="encadrant",$E15="élève et encadrant"),COUNTIFS($H$5:$H15,"oui",$E$5:$E15,"encadrant")+COUNTIFS($H$5:$H15,"oui",$E$5:$E15,"élève et encadrant"),"")) | N15: =IF($B15="","",TRIM(IF($D15="",$C15,$D15&" "&$C15))&" ["&$B15&"]") -> Alain PASCAL [P044] | O15: =IF($B15="","",COUNTIF(Personnes!$D$5:$D$154,"<"&$D15)+COUNTIF($D$5:$D15,$D15)) -> 3 | P15: linux.apa@gmail.com
A16: =IF($H16="","",COUNTIF($H$5:$H16,"oui")) -> 12 | B16: P045 | C16: SEGUI | D16: Danny | E16: encadrant | F16: DNF / L4 / LC | H16: =IF($B16="","",IF(ISNUMBER(SEARCH("/LC/","/"&SUBSTITUTE($F16," / ","/")&"/")),"oui","")) -> oui | I16: =IF($H16="","",COUNTIF(Presences!$C$5:$C$504,$B16)) -> 0 | J16: =IF($H16="","",Tableau_de_bord!$B$5) -> 0 | K16: =IFERROR(IF($J16=0,"",$I16/$J16),"") | L16: =IF($H16<>"oui","",IF(OR($E16="élève",$E16="élève et encadrant"),COUNTIFS($H$5:$H16,"oui",$E$5:$E16,"élève")+COUNTIFS($H$5:$H16,"oui",$E$5:$E16,"élève et encadrant"),"")) | M16: =IF($H16<>"oui","",IF(OR($E16="encadrant",$E16="élève et encadrant"),COUNTIFS($H$5:$H16,"oui",$E$5:$E16,"encadrant")+COUNTIFS($H$5:$H16,"oui",$E$5:$E16,"élève et encadrant"),"")) -> 1 | N16: =IF($B16="","",TRIM(IF($D16="",$C16,$D16&" "&$C16))&" ["&$B16&"]") -> Danny SEGUI [P045] | O16: =IF($B16="","",COUNTIF(Personnes!$D$5:$D$154,"<"&$D16)+COUNTIF($D$5:$D16,$D16)) -> 27 | P16: d.segui@psm-ffessm.fr
A17: =IF($H17="","",COUNTIF($H$5:$H17,"oui")) -> 13 | B17: P045 | C17: SEGUI | D17: Danny | E17: élève | F17: DNF / L4 / LC | H17: =IF($B17="","",IF(ISNUMBER(SEARCH("/LC/","/"&SUBSTITUTE($F17," / ","/")&"/")),"oui","")) -> oui | I17: =IF($H17="","",COUNTIF(Presences!$C$5:$C$504,$B17)) -> 0 | J17: =IF($H17="","",Tableau_de_bord!$B$5) -> 0 | K17: =IFERROR(IF($J17=0,"",$I17/$J17),"") | L17: =IF($H17<>"oui","",IF(OR($E17="élève",$E17="élève et encadrant"),COUNTIFS($H$5:$H17,"oui",$E$5:$E17,"élève")+COUNTIFS($H$5:$H17,"oui",$E$5:$E17,"élève et encadrant"),"")) -> 12 | M17: =IF($H17<>"oui","",IF(OR($E17="encadrant",$E17="élève et encadrant"),COUNTIFS($H$5:$H17,"oui",$E$5:$E17,"encadrant")+COUNTIFS($H$5:$H17,"oui",$E$5:$E17,"élève et encadrant"),"")) | N17: =IF($B17="","",TRIM(IF($D17="",$C17,$D17&" "&$C17))&" ["&$B17&"]") -> Danny SEGUI [P045] | O17: =IF($B17="","",COUNTIF(Personnes!$D$5:$D$154,"<"&$D17)+COUNTIF($D$5:$D17,$D17)) -> 28 | P17: d.segui@psm-ffessm.fr
A18: =IF($H18="","",COUNTIF($H$5:$H18,"oui")) | B18: P053 | C18: BACHA | D18: Achour | F18: DNF / L4 / STA | H18: =IF($B18="","",IF(ISNUMBER(SEARCH("/LC/","/"&SUBSTITUTE($F18," / ","/")&"/")),"oui","")) | I18: =IF($H18="","",COUNTIF(Presences!$C$5:$C$504,$B18)) | J18: =IF($H18="","",Tableau_de_bord!$B$5) | K18: =IFERROR(IF($J18=0,"",$I18/$J18),"") | L18: =IF($H18<>"oui","",IF(OR($E18="élève",$E18="élève et encadrant"),COUNTIFS($H$5:$H18,"oui",$E$5:$E18,"élève")+COUNTIFS($H$5:$H18,"oui",$E$5:$E18,"élève et encadrant"),"")) | M18: =IF($H18<>"oui","",IF(OR($E18="encadrant",$E18="élève et encadrant"),COUNTIFS($H$5:$H18,"oui",$E$5:$E18,"encadrant")+COUNTIFS($H$5:$H18,"oui",$E$5:$E18,"élève et encadrant"),"")) | N18: =IF($B18="","",TRIM(IF($D18="",$C18,$D18&" "&$C18))&" ["&$B18&"]") -> Achour BACHA [P053] | O18: =IF($B18="","",COUNTIF(Personnes!$D$5:$D$154,"<"&$D18)+COUNTIF($D$5:$D18,$D18)) -> 1
A19: =IF($H19="","",COUNTIF($H$5:$H19,"oui")) | B19: P003 | C19: BARBIER | D19: Aurelien | F19: DNF / L3 / STA | H19: =IF($B19="","",IF(ISNUMBER(SEARCH("/LC/","/"&SUBSTITUTE($F19," / ","/")&"/")),"oui","")) | I19: =IF($H19="","",COUNTIF(Presences!$C$5:$C$504,$B19)) | J19: =IF($H19="","",Tableau_de_bord!$B$5) | K19: =IFERROR(IF($J19=0,"",$I19/$J19),"") | L19: =IF($H19<>"oui","",IF(OR($E19="élève",$E19="élève et encadrant"),COUNTIFS($H$5:$H19,"oui",$E$5:$E19,"élève")+COUNTIFS($H$5:$H19,"oui",$E$5:$E19,"élève et encadrant"),"")) | M19: =IF($H19<>"oui","",IF(OR($E19="encadrant",$E19="élève et encadrant"),COUNTIFS($H$5:$H19,"oui",$E$5:$E19,"encadrant")+COUNTIFS($H$5:$H19,"oui",$E$5:$E19,"élève et encadrant"),"")) | N19: =IF($B19="","",TRIM(IF($D19="",$C19,$D19&" "&$C19))&" ["&$B19&"]") -> Aurelien BARBIER [P003] | O19: =IF($B19="","",COUNTIF(Personnes!$D$5:$D$154,"<"&$D19)+COUNTIF($D$5:$D19,$D19)) -> 12
A20: =IF($H20="","",COUNTIF($H$5:$H20,"oui")) | B20: P076 | C20: BAUTISTA | D20: Mary | F20: DNF / L2 / STA | H20: =IF($B20="","",IF(ISNUMBER(SEARCH("/LC/","/"&SUBSTITUTE($F20," / ","/")&"/")),"oui","")) | I20: =IF($H20="","",COUNTIF(Presences!$C$5:$C$504,$B20)) | J20: =IF($H20="","",Tableau_de_bord!$B$5) | K20: =IFERROR(IF($J20=0,"",$I20/$J20),"") | L20: =IF($H20<>"oui","",IF(OR($E20="élève",$E20="élève et encadrant"),COUNTIFS($H$5:$H20,"oui",$E$5:$E20,"élève")+COUNTIFS($H$5:$H20,"oui",$E$5:$E20,"élève et encadrant"),"")) | M20: =IF($H20<>"oui","",IF(OR($E20="encadrant",$E20="élève et encadrant"),COUNTIFS($H$5:$H20,"oui",$E$5:$E20,"encadrant")+COUNTIFS($H$5:$H20,"oui",$E$5:$E20,"élève et encadrant"),"")) | N20: =IF($B20="","",TRIM(IF($D20="",$C20,$D20&" "&$C20))&" ["&$B20&"]") -> Mary BAUTISTA [P076] | O20: =IF($B20="","",COUNTIF(Personnes!$D$5:$D$154,"<"&$D20)+COUNTIF($D$5:$D20,$D20)) -> 63
A21: =IF($H21="","",COUNTIF($H$5:$H21,"oui")) | B21: P030 | C21: BEAUVALLET | D21: Dominique | F21: DNF / L1 / STA | H21: =IF($B21="","",IF(ISNUMBER(SEARCH("/LC/","/"&SUBSTITUTE($F21," / ","/")&"/")),"oui","")) | I21: =IF($H21="","",COUNTIF(Presences!$C$5:$C$504,$B21)) | J21: =IF($H21="","",Tableau_de_bord!$B$5) | K21: =IFERROR(IF($J21=0,"",$I21/$J21),"") | L21: =IF($H21<>"oui","",IF(OR($E21="élève",$E21="élève et encadrant"),COUNTIFS($H$5:$H21,"oui",$E$5:$E21,"élève")+COUNTIFS($H$5:$H21,"oui",$E$5:$E21,"élève et encadrant"),"")) | M21: =IF($H21<>"oui","",IF(OR($E21="encadrant",$E21="élève et encadrant"),COUNTIFS($H$5:$H21,"oui",$E$5:$E21,"encadrant")+COUNTIFS($H$5:$H21,"oui",$E$5:$E21,"élève et encadrant"),"")) | N21: =IF($B21="","",TRIM(IF($D21="",$C21,$D21&" "&$C21))&" ["&$B21&"]") -> Dominique BEAUVALLET [P030] | O21: =IF($B21="","",COUNTIF(Personnes!$D$5:$D$154,"<"&$D21)+COUNTIF($D$5:$D21,$D21)) -> 30 | P21: dombeauvallet@free.fr
A22: =IF($H22="","",COUNTIF($H$5:$H22,"oui")) | B22: P019 | C22: BECHARA | D22: Lionel | F22: DNF / L4 / STA | H22: =IF($B22="","",IF(ISNUMBER(SEARCH("/LC/","/"&SUBSTITUTE($F22," / ","/")&"/")),"oui","")) | I22: =IF($H22="","",COUNTIF(Presences!$C$5:$C$504,$B22)) | J22: =IF($H22="","",Tableau_de_bord!$B$5) | K22: =IFERROR(IF($J22=0,"",$I22/$J22),"") | L22: =IF($H22<>"oui","",IF(OR($E22="élève",$E22="élève et encadrant"),COUNTIFS($H$5:$H22,"oui",$E$5:$E22,"élève")+COUNTIFS($H$5:$H22,"oui",$E$5:$E22,"élève et encadrant"),"")) | M22: =IF($H22<>"oui","",IF(OR($E22="encadrant",$E22="élève et encadrant"),COUNTIFS($H$5:$H22,"oui",$E$5:$E22,"encadrant")+COUNTIFS($H$5:$H22,"oui",$E$5:$E22,"élève et encadrant"),"")) | N22: =IF($B22="","",TRIM(IF($D22="",$C22,$D22&" "&$C22))&" ["&$B22&"]") -> Lionel BECHARA [P019] | O22: =IF($B22="","",COUNTIF(Personnes!$D$5:$D$154,"<"&$D22)+COUNTIF($D$5:$D22,$D22)) -> 56
A23: =IF($H23="","",COUNTIF($H$5:$H23,"oui")) | B23: P077 | C23: BENDER | D23: Marc | F23: DNF / L2 / STA | H23: =IF($B23="","",IF(ISNUMBER(SEARCH("/LC/","/"&SUBSTITUTE($F23," / ","/")&"/")),"oui","")) | I23: =IF($H23="","",COUNTIF(Presences!$C$5:$C$504,$B23)) | J23: =IF($H23="","",Tableau_de_bord!$B$5) | K23: =IFERROR(IF($J23=0,"",$I23/$J23),"") | L23: =IF($H23<>"oui","",IF(OR($E23="élève",$E23="élève et encadrant"),COUNTIFS($H$5:$H23,"oui",$E$5:$E23,"élève")+COUNTIFS($H$5:$H23,"oui",$E$5:$E23,"élève et encadrant"),"")) | M23: =IF($H23<>"oui","",IF(OR($E23="encadrant",$E23="élève et encadrant"),COUNTIFS($H$5:$H23,"oui",$E$5:$E23,"encadrant")+COUNTIFS($H$5:$H23,"oui",$E$5:$E23,"élève et encadrant"),"")) | N23: =IF($B23="","",TRIM(IF($D23="",$C23,$D23&" "&$C23))&" ["&$B23&"]") -> Marc BENDER [P077] | O23: =IF($B23="","",COUNTIF(Personnes!$D$5:$D$154,"<"&$D23)+COUNTIF($D$5:$D23,$D23)) -> 59
A24: =IF($H24="","",COUNTIF($H$5:$H24,"oui")) | B24: P055 | C24: BENMANSOUR | D24: Ouafa | F24: DNF / L2 / STA | H24: =IF($B24="","",IF(ISNUMBER(SEARCH("/LC/","/"&SUBSTITUTE($F24," / ","/")&"/")),"oui","")) | I24: =IF($H24="","",COUNTIF(Presences!$C$5:$C$504,$B24)) | J24: =IF($H24="","",Tableau_de_bord!$B$5) | K24: =IFERROR(IF($J24=0,"",$I24/$J24),"") | L24: =IF($H24<>"oui","",IF(OR($E24="élève",$E24="élève et encadrant"),COUNTIFS($H$5:$H24,"oui",$E$5:$E24,"élève")+COUNTIFS($H$5:$H24,"oui",$E$5:$E24,"élève et encadrant"),"")) | M24: =IF($H24<>"oui","",IF(OR($E24="encadrant",$E24="élève et encadrant"),COUNTIFS($H$5:$H24,"oui",$E$5:$E24,"encadrant")+COUNTIFS($H$5:$H24,"oui",$E$5:$E24,"élève et encadrant"),"")) | N24: =IF($B24="","",TRIM(IF($D24="",$C24,$D24&" "&$C24))&" ["&$B24&"]") -> Ouafa BENMANSOUR [P055] | O24: =IF($B24="","",COUNTIF(Personnes!$D$5:$D$154,"<"&$D24)+COUNTIF($D$5:$D24,$D24)) -> 71 | P24: Amiwafa77@yahoo.fr
A25: =IF($H25="","",COUNTIF($H$5:$H25,"oui")) | B25: P035 | C25: BEYL | D25: Gabrielle | F25: DNF / L3 / L4 / STA | H25: =IF($B25="","",IF(ISNUMBER(SEARCH("/LC/","/"&SUBSTITUTE($F25," / ","/")&"/")),"oui","")) | I25: =IF($H25="","",COUNTIF(Presences!$C$5:$C$504,$B25)) | J25: =IF($H25="","",Tableau_de_bord!$B$5) | K25: =IFERROR(IF($J25=0,"",$I25/$J25),"") | L25: =IF($H25<>"oui","",IF(OR($E25="élève",$E25="élève et encadrant"),COUNTIFS($H$5:$H25,"oui",$E$5:$E25,"élève")+COUNTIFS($H$5:$H25,"oui",$E$5:$E25,"élève et encadrant"),"")) | M25: =IF($H25<>"oui","",IF(OR($E25="encadrant",$E25="élève et encadrant"),COUNTIFS($H$5:$H25,"oui",$E$5:$E25,"encadrant")+COUNTIFS($H$5:$H25,"oui",$E$5:$E25,"élève et encadrant"),"")) | N25: =IF($B25="","",TRIM(IF($D25="",$C25,$D25&" "&$C25))&" ["&$B25&"]") -> Gabrielle BEYL [P035] | O25: =IF($B25="","",COUNTIF(Personnes!$D$5:$D$154,"<"&$D25)+COUNTIF($D$5:$D25,$D25)) -> 39 | P25: g.beyl@outlook.fr
A26: =IF($H26="","",COUNTIF($H$5:$H26,"oui")) | B26: P078 | C26: BEZICOT | D26: Patrick | F26: DNF / L2 / STA | H26: =IF($B26="","",IF(ISNUMBER(SEARCH("/LC/","/"&SUBSTITUTE($F26," / ","/")&"/")),"oui","")) | I26: =IF($H26="","",COUNTIF(Presences!$C$5:$C$504,$B26)) | J26: =IF($H26="","",Tableau_de_bord!$B$5) | K26: =IFERROR(IF($J26=0,"",$I26/$J26),"") | L26: =IF($H26<>"oui","",IF(OR($E26="élève",$E26="élève et encadrant"),COUNTIFS($H$5:$H26,"oui",$E$5:$E26,"élève")+COUNTIFS($H$5:$H26,"oui",$E$5:$E26,"élève et encadrant"),"")) | M26: =IF($H26<>"oui","",IF(OR($E26="encadrant",$E26="élève et encadrant"),COUNTIFS($H$5:$H26,"oui",$E$5:$E26,"encadrant")+COUNTIFS($H$5:$H26,"oui",$E$5:$E26,"élève et encadrant"),"")) | N26: =IF($B26="","",TRIM(IF($D26="",$C26,$D26&" "&$C26))&" ["&$B26&"]") -> Patrick BEZICOT [P078] | O26: =IF($B26="","",COUNTIF(Personnes!$D$5:$D$154,"<"&$D26)+COUNTIF($D$5:$D26,$D26)) -> 72
A27: =IF($H27="","",COUNTIF($H$5:$H27,"oui")) | B27: P079 | C27: BIZON | D27: Christophe | F27: DNF / L2 / STA | H27: =IF($B27="","",IF(ISNUMBER(SEARCH("/LC/","/"&SUBSTITUTE($F27," / ","/")&"/")),"oui","")) | I27: =IF($H27="","",COUNTIF(Presences!$C$5:$C$504,$B27)) | J27: =IF($H27="","",Tableau_de_bord!$B$5) | K27: =IFERROR(IF($J27=0,"",$I27/$J27),"") | L27: =IF($H27<>"oui","",IF(OR($E27="élève",$E27="élève et encadrant"),COUNTIFS($H$5:$H27,"oui",$E$5:$E27,"élève")+COUNTIFS($H$5:$H27,"oui",$E$5:$E27,"élève et encadrant"),"")) | M27: =IF($H27<>"oui","",IF(OR($E27="encadrant",$E27="élève et encadrant"),COUNTIFS($H$5:$H27,"oui",$E$5:$E27,"encadrant")+COUNTIFS($H$5:$H27,"oui",$E$5:$E27,"élève et encadrant"),"")) | N27: =IF($B27="","",TRIM(IF($D27="",$C27,$D27&" "&$C27))&" ["&$B27&"]") -> Christophe BIZON [P079] | O27: =IF($B27="","",COUNTIF(Personnes!$D$5:$D$154,"<"&$D27)+COUNTIF($D$5:$D27,$D27)) -> 22
A28: =IF($H28="","",COUNTIF($H$5:$H28,"oui")) | B28: P060 | C28: BOUGEROL | D28: Bruno | F28: DNF / L2 / STA | H28: =IF($B28="","",IF(ISNUMBER(SEARCH("/LC/","/"&SUBSTITUTE($F28," / ","/")&"/")),"oui","")) | I28: =IF($H28="","",COUNTIF(Presences!$C$5:$C$504,$B28)) | J28: =IF($H28="","",Tableau_de_bord!$B$5) | K28: =IFERROR(IF($J28=0,"",$I28/$J28),"") | L28: =IF($H28<>"oui","",IF(OR($E28="élève",$E28="élève et encadrant"),COUNTIFS($H$5:$H28,"oui",$E$5:$E28,"élève")+COUNTIFS($H$5:$H28,"oui",$E$5:$E28,"élève et encadrant"),"")) | M28: =IF($H28<>"oui","",IF(OR($E28="encadrant",$E28="élève et encadrant"),COUNTIFS($H$5:$H28,"oui",$E$5:$E28,"encadrant")+COUNTIFS($H$5:$H28,"oui",$E$5:$E28,"élève et encadrant"),"")) | N28: =IF($B28="","",TRIM(IF($D28="",$C28,$D28&" "&$C28))&" ["&$B28&"]") -> Bruno BOUGEROL [P060] | O28: =IF($B28="","",COUNTIF(Personnes!$D$5:$D$154,"<"&$D28)+COUNTIF($D$5:$D28,$D28)) -> 17 | P28: b_bougerol@yahoo.fr
A29: =IF($H29="","",COUNTIF($H$5:$H29,"oui")) | B29: P068 | C29: BOUHAMMOU | D29: Salman | F29: DNF / L3 / STA | H29: =IF($B29="","",IF(ISNUMBER(SEARCH("/LC/","/"&SUBSTITUTE($F29," / ","/")&"/")),"oui","")) | I29: =IF($H29="","",COUNTIF(Presences!$C$5:$C$504,$B29)) | J29: =IF($H29="","",Tableau_de_bord!$B$5) | K29: =IFERROR(IF($J29=0,"",$I29/$J29),"") | L29: =IF($H29<>"oui","",IF(OR($E29="élève",$E29="élève et encadrant"),COUNTIFS($H$5:$H29,"oui",$E$5:$E29,"élève")+COUNTIFS($H$5:$H29,"oui",$E$5:$E29,"élève et encadrant"),"")) | M29: =IF($H29<>"oui","",IF(OR($E29="encadrant",$E29="élève et encadrant"),COUNTIFS($H$5:$H29,"oui",$E$5:$E29,"encadrant")+COUNTIFS($H$5:$H29,"oui",$E$5:$E29,"élève et encadrant"),"")) | N29: =IF($B29="","",TRIM(IF($D29="",$C29,$D29&" "&$C29))&" ["&$B29&"]") -> Salman BOUHAMMOU [P068] | O29: =IF($B29="","",COUNTIF(Personnes!$D$5:$D$154,"<"&$D29)+COUNTIF($D$5:$D29,$D29)) -> 78
A30: =IF($H30="","",COUNTIF($H$5:$H30,"oui")) | B30: P080 | C30: BRIAULT | D30: Beverly | F30: DNF / L2 / STA | H30: =IF($B30="","",IF(ISNUMBER(SEARCH("/LC/","/"&SUBSTITUTE($F30," / ","/")&"/")),"oui","")) | I30: =IF($H30="","",COUNTIF(Presences!$C$5:$C$504,$B30)) | J30: =IF($H30="","",Tableau_de_bord!$B$5) | K30: =IFERROR(IF($J30=0,"",$I30/$J30),"") | L30: =IF($H30<>"oui","",IF(OR($E30="élève",$E30="élève et encadrant"),COUNTIFS($H$5:$H30,"oui",$E$5:$E30,"élève")+COUNTIFS($H$5:$H30,"oui",$E$5:$E30,"élève et encadrant"),"")) | M30: =IF($H30<>"oui","",IF(OR($E30="encadrant",$E30="élève et encadrant"),COUNTIFS($H$5:$H30,"oui",$E$5:$E30,"encadrant")+COUNTIFS($H$5:$H30,"oui",$E$5:$E30,"élève et encadrant"),"")) | N30: =IF($B30="","",TRIM(IF($D30="",$C30,$D30&" "&$C30))&" ["&$B30&"]") -> Beverly BRIAULT [P080] | O30: =IF($B30="","",COUNTIF(Personnes!$D$5:$D$154,"<"&$D30)+COUNTIF($D$5:$D30,$D30)) -> 16
A31: =IF($H31="","",COUNTIF($H$5:$H31,"oui")) | B31: P056 | C31: BRIDENNE | D31: Philippe | F31: DNF / L2 / STA | H31: =IF($B31="","",IF(ISNUMBER(SEARCH("/LC/","/"&SUBSTITUTE($F31," / ","/")&"/")),"oui","")) | I31: =IF($H31="","",COUNTIF(Presences!$C$5:$C$504,$B31)) | J31: =IF($H31="","",Tableau_de_bord!$B$5) | K31: =IFERROR(IF($J31=0,"",$I31/$J31),"") | L31: =IF($H31<>"oui","",IF(OR($E31="élève",$E31="élève et encadrant"),COUNTIFS($H$5:$H31,"oui",$E$5:$E31,"élève")+COUNTIFS($H$5:$H31,"oui",$E$5:$E31,"élève et encadrant"),"")) | M31: =IF($H31<>"oui","",IF(OR($E31="encadrant",$E31="élève et encadrant"),COUNTIFS($H$5:$H31,"oui",$E$5:$E31,"encadrant")+COUNTIFS($H$5:$H31,"oui",$E$5:$E31,"élève et encadrant"),"")) | N31: =IF($B31="","",TRIM(IF($D31="",$C31,$D31&" "&$C31))&" ["&$B31&"]") -> Philippe BRIDENNE [P056] | O31: =IF($B31="","",COUNTIF(Personnes!$D$5:$D$154,"<"&$D31)+COUNTIF($D$5:$D31,$D31)) -> 75 | P31: philippe.bridenne@gmail.com
A32: =IF($H32="","",COUNTIF($H$5:$H32,"oui")) | B32: P081 | C32: CATHALA | D32: Virginie | F32: DNF / L2 / STA | H32: =IF($B32="","",IF(ISNUMBER(SEARCH("/LC/","/"&SUBSTITUTE($F32," / ","/")&"/")),"oui","")) | I32: =IF($H32="","",COUNTIF(Presences!$C$5:$C$504,$B32)) | J32: =IF($H32="","",Tableau_de_bord!$B$5) | K32: =IFERROR(IF($J32=0,"",$I32/$J32),"") | L32: =IF($H32<>"oui","",IF(OR($E32="élève",$E32="élève et encadrant"),COUNTIFS($H$5:$H32,"oui",$E$5:$E32,"élève")+COUNTIFS($H$5:$H32,"oui",$E$5:$E32,"élève et encadrant"),"")) | M32: =IF($H32<>"oui","",IF(OR($E32="encadrant",$E32="élève et encadrant"),COUNTIFS($H$5:$H32,"oui",$E$5:$E32,"encadrant")+COUNTIFS($H$5:$H32,"oui",$E$5:$E32,"élève et encadrant"),"")) | N32: =IF($B32="","",TRIM(IF($D32="",$C32,$D32&" "&$C32))&" ["&$B32&"]") -> Virginie CATHALA [P081] | O32: =IF($B32="","",COUNTIF(Personnes!$D$5:$D$154,"<"&$D32)+COUNTIF($D$5:$D32,$D32)) -> 96
A33: =IF($H33="","",COUNTIF($H$5:$H33,"oui")) | B33: P069 | C33: CAVATORE | D33: Magali | F33: DNF / L3 / STA | H33: =IF($B33="","",IF(ISNUMBER(SEARCH("/LC/","/"&SUBSTITUTE($F33," / ","/")&"/")),"oui","")) | I33: =IF($H33="","",COUNTIF(Presences!$C$5:$C$504,$B33)) | J33: =IF($H33="","",Tableau_de_bord!$B$5) | K33: =IFERROR(IF($J33=0,"",$I33/$J33),"") | L33: =IF($H33<>"oui","",IF(OR($E33="élève",$E33="élève et encadrant"),COUNTIFS($H$5:$H33,"oui",$E$5:$E33,"élève")+COUNTIFS($H$5:$H33,"oui",$E$5:$E33,"élève et encadrant"),"")) | M33: =IF($H33<>"oui","",IF(OR($E33="encadrant",$E33="élève et encadrant"),COUNTIFS($H$5:$H33,"oui",$E$5:$E33,"encadrant")+COUNTIFS($H$5:$H33,"oui",$E$5:$E33,"élève et encadrant"),"")) | N33: =IF($B33="","",TRIM(IF($D33="",$C33,$D33&" "&$C33))&" ["&$B33&"]") -> Magali CAVATORE [P069] | O33: =IF($B33="","",COUNTIF(Personnes!$D$5:$D$154,"<"&$D33)+COUNTIF($D$5:$D33,$D33)) -> 58
A34: =IF($H34="","",COUNTIF($H$5:$H34,"oui")) | B34: P097 | C34: CHABERNAUD | D34: Christophe | F34: DNF / L4 / STA | H34: =IF($B34="","",IF(ISNUMBER(SEARCH("/LC/","/"&SUBSTITUTE($F34," / ","/")&"/")),"oui","")) | I34: =IF($H34="","",COUNTIF(Presences!$C$5:$C$504,$B34)) | J34: =IF($H34="","",Tableau_de_bord!$B$5) | K34: =IFERROR(IF($J34=0,"",$I34/$J34),"") | L34: =IF($H34<>"oui","",IF(OR($E34="élève",$E34="élève et encadrant"),COUNTIFS($H$5:$H34,"oui",$E$5:$E34,"élève")+COUNTIFS($H$5:$H34,"oui",$E$5:$E34,"élève et encadrant"),"")) | M34: =IF($H34<>"oui","",IF(OR($E34="encadrant",$E34="élève et encadrant"),COUNTIFS($H$5:$H34,"oui",$E$5:$E34,"encadrant")+COUNTIFS($H$5:$H34,"oui",$E$5:$E34,"élève et encadrant"),"")) | N34: =IF($B34="","",TRIM(IF($D34="",$C34,$D34&" "&$C34))&" ["&$B34&"]") -> Christophe CHABERNAUD [P097] | O34: =IF($B34="","",COUNTIF(Personnes!$D$5:$D$154,"<"&$D34)+COUNTIF($D$5:$D34,$D34)) -> 23
A35: =IF($H35="","",COUNTIF($H$5:$H35,"oui")) | B35: P031 | C35: CHARDONNET | D35: Victorinne | F35: DNF / L1 / L2 / STA | H35: =IF($B35="","",IF(ISNUMBER(SEARCH("/LC/","/"&SUBSTITUTE($F35," / ","/")&"/")),"oui","")) | I35: =IF($H35="","",COUNTIF(Presences!$C$5:$C$504,$B35)) | J35: =IF($H35="","",Tableau_de_bord!$B$5) | K35: =IFERROR(IF($J35=0,"",$I35/$J35),"") | L35: =IF($H35<>"oui","",IF(OR($E35="élève",$E35="élève et encadrant"),COUNTIFS($H$5:$H35,"oui",$E$5:$E35,"élève")+COUNTIFS($H$5:$H35,"oui",$E$5:$E35,"élève et encadrant"),"")) | M35: =IF($H35<>"oui","",IF(OR($E35="encadrant",$E35="élève et encadrant"),COUNTIFS($H$5:$H35,"oui",$E$5:$E35,"encadrant")+COUNTIFS($H$5:$H35,"oui",$E$5:$E35,"élève et encadrant"),"")) | N35: =IF($B35="","",TRIM(IF($D35="",$C35,$D35&" "&$C35))&" ["&$B35&"]") -> Victorinne CHARDONNET [P031] | O35: =IF($B35="","",COUNTIF(Personnes!$D$5:$D$154,"<"&$D35)+COUNTIF($D$5:$D35,$D35)) -> 93 | P35: chardonnetvictorine@gmail.com
A36: =IF($H36="","",COUNTIF($H$5:$H36,"oui")) | B36: P022 | C36: CHIARAMONTE | D36: Matthieu | F36: DNF / L3 / STA | H36: =IF($B36="","",IF(ISNUMBER(SEARCH("/LC/","/"&SUBSTITUTE($F36," / ","/")&"/")),"oui","")) | I36: =IF($H36="","",COUNTIF(Presences!$C$5:$C$504,$B36)) | J36: =IF($H36="","",Tableau_de_bord!$B$5) | K36: =IFERROR(IF($J36=0,"",$I36/$J36),"") | L36: =IF($H36<>"oui","",IF(OR($E36="élève",$E36="élève et encadrant"),COUNTIFS($H$5:$H36,"oui",$E$5:$E36,"élève")+COUNTIFS($H$5:$H36,"oui",$E$5:$E36,"élève et encadrant"),"")) | M36: =IF($H36<>"oui","",IF(OR($E36="encadrant",$E36="élève et encadrant"),COUNTIFS($H$5:$H36,"oui",$E$5:$E36,"encadrant")+COUNTIFS($H$5:$H36,"oui",$E$5:$E36,"élève et encadrant"),"")) | N36: =IF($B36="","",TRIM(IF($D36="",$C36,$D36&" "&$C36))&" ["&$B36&"]") -> Matthieu CHIARAMONTE [P022] | O36: =IF($B36="","",COUNTIF(Personnes!$D$5:$D$154,"<"&$D36)+COUNTIF($D$5:$D36,$D36)) -> 64
A37: =IF($H37="","",COUNTIF($H$5:$H37,"oui")) | B37: P082 | C37: CODAZZO | D37: Franco | F37: DNF / L2 / STA | H37: =IF($B37="","",IF(ISNUMBER(SEARCH("/LC/","/"&SUBSTITUTE($F37," / ","/")&"/")),"oui","")) | I37: =IF($H37="","",COUNTIF(Presences!$C$5:$C$504,$B37)) | J37: =IF($H37="","",Tableau_de_bord!$B$5) | K37: =IFERROR(IF($J37=0,"",$I37/$J37),"") | L37: =IF($H37<>"oui","",IF(OR($E37="élève",$E37="élève et encadrant"),COUNTIFS($H$5:$H37,"oui",$E$5:$E37,"élève")+COUNTIFS($H$5:$H37,"oui",$E$5:$E37,"élève et encadrant"),"")) | M37: =IF($H37<>"oui","",IF(OR($E37="encadrant",$E37="élève et encadrant"),COUNTIFS($H$5:$H37,"oui",$E$5:$E37,"encadrant")+COUNTIFS($H$5:$H37,"oui",$E$5:$E37,"élève et encadrant"),"")) | N37: =IF($B37="","",TRIM(IF($D37="",$C37,$D37&" "&$C37))&" ["&$B37&"]") -> Franco CODAZZO [P082] | O37: =IF($B37="","",COUNTIF(Personnes!$D$5:$D$154,"<"&$D37)+COUNTIF($D$5:$D37,$D37)) -> 36
A38: =IF($H38="","",COUNTIF($H$5:$H38,"oui")) | B38: P006 | C38: COLIN DE VERDIERE | D38: Caroline | F38: DNF / L3 / STA | H38: =IF($B38="","",IF(ISNUMBER(SEARCH("/LC/","/"&SUBSTITUTE($F38," / ","/")&"/")),"oui","")) | I38: =IF($H38="","",COUNTIF(Presences!$C$5:$C$504,$B38)) | J38: =IF($H38="","",Tableau_de_bord!$B$5) | K38: =IFERROR(IF($J38=0,"",$I38/$J38),"") | L38: =IF($H38<>"oui","",IF(OR($E38="élève",$E38="élève et encadrant"),COUNTIFS($H$5:$H38,"oui",$E$5:$E38,"élève")+COUNTIFS($H$5:$H38,"oui",$E$5:$E38,"élève et encadrant"),"")) | M38: =IF($H38<>"oui","",IF(OR($E38="encadrant",$E38="élève et encadrant"),COUNTIFS($H$5:$H38,"oui",$E$5:$E38,"encadrant")+COUNTIFS($H$5:$H38,"oui",$E$5:$E38,"élève et encadrant"),"")) | N38: =IF($B38="","",TRIM(IF($D38="",$C38,$D38&" "&$C38))&" ["&$B38&"]") -> Caroline COLIN DE VERDIERE [P006] | O38: =IF($B38="","",COUNTIF(Personnes!$D$5:$D$154,"<"&$D38)+COUNTIF($D$5:$D38,$D38)) -> 18 | P38: treso.apneeattitude@outlook.com
A39: =IF($H39="","",COUNTIF($H$5:$H39,"oui")) | B39: P011 | C39: COLIN DE VERDIERE | D39: Etienne | F39: DNF / L3 / STA | H39: =IF($B39="","",IF(ISNUMBER(SEARCH("/LC/","/"&SUBSTITUTE($F39," / ","/")&"/")),"oui","")) | I39: =IF($H39="","",COUNTIF(Presences!$C$5:$C$504,$B39)) | J39: =IF($H39="","",Tableau_de_bord!$B$5) | K39: =IFERROR(IF($J39=0,"",$I39/$J39),"") | L39: =IF($H39<>"oui","",IF(OR($E39="élève",$E39="élève et encadrant"),COUNTIFS($H$5:$H39,"oui",$E$5:$E39,"élève")+COUNTIFS($H$5:$H39,"oui",$E$5:$E39,"élève et encadrant"),"")) | M39: =IF($H39<>"oui","",IF(OR($E39="encadrant",$E39="élève et encadrant"),COUNTIFS($H$5:$H39,"oui",$E$5:$E39,"encadrant")+COUNTIFS($H$5:$H39,"oui",$E$5:$E39,"élève et encadrant"),"")) | N39: =IF($B39="","",TRIM(IF($D39="",$C39,$D39&" "&$C39))&" ["&$B39&"]") -> Etienne COLIN DE VERDIERE [P011] | O39: =IF($B39="","",COUNTIF(Personnes!$D$5:$D$154,"<"&$D39)+COUNTIF($D$5:$D39,$D39)) -> 33 | P39: e.cdv@free.fr
A40: =IF($H40="","",COUNTIF($H$5:$H40,"oui")) | B40: P083 | C40: CORNET-VERNET | D40: Sandra | F40: DNF / L2 / STA | H40: =IF($B40="","",IF(ISNUMBER(SEARCH("/LC/","/"&SUBSTITUTE($F40," / ","/")&"/")),"oui","")) | I40: =IF($H40="","",COUNTIF(Presences!$C$5:$C$504,$B40)) | J40: =IF($H40="","",Tableau_de_bord!$B$5) | K40: =IFERROR(IF($J40=0,"",$I40/$J40),"") | L40: =IF($H40<>"oui","",IF(OR($E40="élève",$E40="élève et encadrant"),COUNTIFS($H$5:$H40,"oui",$E$5:$E40,"élève")+COUNTIFS($H$5:$H40,"oui",$E$5:$E40,"élève et encadrant"),"")) | M40: =IF($H40<>"oui","",IF(OR($E40="encadrant",$E40="élève et encadrant"),COUNTIFS($H$5:$H40,"oui",$E$5:$E40,"encadrant")+COUNTIFS($H$5:$H40,"oui",$E$5:$E40,"élève et encadrant"),"")) | N40: =IF($B40="","",TRIM(IF($D40="",$C40,$D40&" "&$C40))&" ["&$B40&"]") -> Sandra CORNET-VERNET [P083] | O40: =IF($B40="","",COUNTIF(Personnes!$D$5:$D$154,"<"&$D40)+COUNTIF($D$5:$D40,$D40)) -> 80
A41: =IF($H41="","",COUNTIF($H$5:$H41,"oui")) | B41: P084 | C41: COSSAIS | D41: Monia | F41: DNF / L2 / STA | H41: =IF($B41="","",IF(ISNUMBER(SEARCH("/LC/","/"&SUBSTITUTE($F41," / ","/")&"/")),"oui","")) | I41: =IF($H41="","",COUNTIF(Presences!$C$5:$C$504,$B41)) | J41: =IF($H41="","",Tableau_de_bord!$B$5) | K41: =IFERROR(IF($J41=0,"",$I41/$J41),"") | L41: =IF($H41<>"oui","",IF(OR($E41="élève",$E41="élève et encadrant"),COUNTIFS($H$5:$H41,"oui",$E$5:$E41,"élève")+COUNTIFS($H$5:$H41,"oui",$E$5:$E41,"élève et encadrant"),"")) | M41: =IF($H41<>"oui","",IF(OR($E41="encadrant",$E41="élève et encadrant"),COUNTIFS($H$5:$H41,"oui",$E$5:$E41,"encadrant")+COUNTIFS($H$5:$H41,"oui",$E$5:$E41,"élève et encadrant"),"")) | N41: =IF($B41="","",TRIM(IF($D41="",$C41,$D41&" "&$C41))&" ["&$B41&"]") -> Monia COSSAIS [P084] | O41: =IF($B41="","",COUNTIF(Personnes!$D$5:$D$154,"<"&$D41)+COUNTIF($D$5:$D41,$D41)) -> 68
A42: =IF($H42="","",COUNTIF($H$5:$H42,"oui")) | B42: P007 | C42: DANSEUX | D42: Charline | F42: DNF / L2 / L3 / STA | H42: =IF($B42="","",IF(ISNUMBER(SEARCH("/LC/","/"&SUBSTITUTE($F42," / ","/")&"/")),"oui","")) | I42: =IF($H42="","",COUNTIF(Presences!$C$5:$C$504,$B42)) | J42: =IF($H42="","",Tableau_de_bord!$B$5) | K42: =IFERROR(IF($J42=0,"",$I42/$J42),"") | L42: =IF($H42<>"oui","",IF(OR($E42="élève",$E42="élève et encadrant"),COUNTIFS($H$5:$H42,"oui",$E$5:$E42,"élève")+COUNTIFS($H$5:$H42,"oui",$E$5:$E42,"élève et encadrant"),"")) | M42: =IF($H42<>"oui","",IF(OR($E42="encadrant",$E42="élève et encadrant"),COUNTIFS($H$5:$H42,"oui",$E$5:$E42,"encadrant")+COUNTIFS($H$5:$H42,"oui",$E$5:$E42,"élève et encadrant"),"")) | N42: =IF($B42="","",TRIM(IF($D42="",$C42,$D42&" "&$C42))&" ["&$B42&"]") -> Charline DANSEUX [P007] | O42: =IF($B42="","",COUNTIF(Personnes!$D$5:$D$154,"<"&$D42)+COUNTIF($D$5:$D42,$D42)) -> 21 | P42: charline.danseux@gmail.com
A43: =IF($H43="","",COUNTIF($H$5:$H43,"oui")) | B43: P085 | C43: DE LA BRETESCHE | D43: Arnaud | F43: DNF / L2 / STA | H43: =IF($B43="","",IF(ISNUMBER(SEARCH("/LC/","/"&SUBSTITUTE($F43," / ","/")&"/")),"oui","")) | I43: =IF($H43="","",COUNTIF(Presences!$C$5:$C$504,$B43)) | J43: =IF($H43="","",Tableau_de_bord!$B$5) | K43: =IFERROR(IF($J43=0,"",$I43/$J43),"") | L43: =IF($H43<>"oui","",IF(OR($E43="élève",$E43="élève et encadrant"),COUNTIFS($H$5:$H43,"oui",$E$5:$E43,"élève")+COUNTIFS($H$5:$H43,"oui",$E$5:$E43,"élève et encadrant"),"")) | M43: =IF($H43<>"oui","",IF(OR($E43="encadrant",$E43="élève et encadrant"),COUNTIFS($H$5:$H43,"oui",$E$5:$E43,"encadrant")+COUNTIFS($H$5:$H43,"oui",$E$5:$E43,"élève et encadrant"),"")) | N43: =IF($B43="","",TRIM(IF($D43="",$C43,$D43&" "&$C43))&" ["&$B43&"]") -> Arnaud DE LA BRETESCHE [P085] | O43: =IF($B43="","",COUNTIF(Personnes!$D$5:$D$154,"<"&$D43)+COUNTIF($D$5:$D43,$D43)) -> 10
A44: =IF($H44="","",COUNTIF($H$5:$H44,"oui")) | B44: P086 | C44: DEPRETZ | D44: Alain | F44: DNF / L2 / STA | H44: =IF($B44="","",IF(ISNUMBER(SEARCH("/LC/","/"&SUBSTITUTE($F44," / ","/")&"/")),"oui","")) | I44: =IF($H44="","",COUNTIF(Presences!$C$5:$C$504,$B44)) | J44: =IF($H44="","",Tableau_de_bord!$B$5) | K44: =IFERROR(IF($J44=0,"",$I44/$J44),"") | L44: =IF($H44<>"oui","",IF(OR($E44="élève",$E44="élève et encadrant"),COUNTIFS($H$5:$H44,"oui",$E$5:$E44,"élève")+COUNTIFS($H$5:$H44,"oui",$E$5:$E44,"élève et encadrant"),"")) | M44: =IF($H44<>"oui","",IF(OR($E44="encadrant",$E44="élève et encadrant"),COUNTIFS($H$5:$H44,"oui",$E$5:$E44,"encadrant")+COUNTIFS($H$5:$H44,"oui",$E$5:$E44,"élève et encadrant"),"")) | N44: =IF($B44="","",TRIM(IF($D44="",$C44,$D44&" "&$C44))&" ["&$B44&"]") -> Alain DEPRETZ [P086] | O44: =IF($B44="","",COUNTIF(Personnes!$D$5:$D$154,"<"&$D44)+COUNTIF($D$5:$D44,$D44)) -> 4
A45: =IF($H45="","",COUNTIF($H$5:$H45,"oui")) | B45: P002 | C45: DESMERGES | D45: Antonin | F45: DNF / L3 / STA | H45: =IF($B45="","",IF(ISNUMBER(SEARCH("/LC/","/"&SUBSTITUTE($F45," / ","/")&"/")),"oui","")) | I45: =IF($H45="","",COUNTIF(Presences!$C$5:$C$504,$B45)) | J45: =IF($H45="","",Tableau_de_bord!$B$5) | K45: =IFERROR(IF($J45=0,"",$I45/$J45),"") | L45: =IF($H45<>"oui","",IF(OR($E45="élève",$E45="élève et encadrant"),COUNTIFS($H$5:$H45,"oui",$E$5:$E45,"élève")+COUNTIFS($H$5:$H45,"oui",$E$5:$E45,"élève et encadrant"),"")) | M45: =IF($H45<>"oui","",IF(OR($E45="encadrant",$E45="élève et encadrant"),COUNTIFS($H$5:$H45,"oui",$E$5:$E45,"encadrant")+COUNTIFS($H$5:$H45,"oui",$E$5:$E45,"élève et encadrant"),"")) | N45: =IF($B45="","",TRIM(IF($D45="",$C45,$D45&" "&$C45))&" ["&$B45&"]") -> Antonin DESMERGES [P002] | O45: =IF($B45="","",COUNTIF(Personnes!$D$5:$D$154,"<"&$D45)+COUNTIF($D$5:$D45,$D45)) -> 9
A46: =IF($H46="","",COUNTIF($H$5:$H46,"oui")) | B46: P070 | C46: DEVILLIERS | D46: Aurélien | F46: DNF / L3 / STA | H46: =IF($B46="","",IF(ISNUMBER(SEARCH("/LC/","/"&SUBSTITUTE($F46," / ","/")&"/")),"oui","")) | I46: =IF($H46="","",COUNTIF(Presences!$C$5:$C$504,$B46)) | J46: =IF($H46="","",Tableau_de_bord!$B$5) | K46: =IFERROR(IF($J46=0,"",$I46/$J46),"") | L46: =IF($H46<>"oui","",IF(OR($E46="élève",$E46="élève et encadrant"),COUNTIFS($H$5:$H46,"oui",$E$5:$E46,"élève")+COUNTIFS($H$5:$H46,"oui",$E$5:$E46,"élève et encadrant"),"")) | M46: =IF($H46<>"oui","",IF(OR($E46="encadrant",$E46="élève et encadrant"),COUNTIFS($H$5:$H46,"oui",$E$5:$E46,"encadrant")+COUNTIFS($H$5:$H46,"oui",$E$5:$E46,"élève et encadrant"),"")) | N46: =IF($B46="","",TRIM(IF($D46="",$C46,$D46&" "&$C46))&" ["&$B46&"]") -> Aurélien DEVILLIERS [P070] | O46: =IF($B46="","",COUNTIF(Personnes!$D$5:$D$154,"<"&$D46)+COUNTIF($D$5:$D46,$D46)) -> 13
A47: =IF($H47="","",COUNTIF($H$5:$H47,"oui")) | B47: P087 | C47: DUBUISSON | D47: Céline | F47: DNF / L2 / STA | H47: =IF($B47="","",IF(ISNUMBER(SEARCH("/LC/","/"&SUBSTITUTE($F47," / ","/")&"/")),"oui","")) | I47: =IF($H47="","",COUNTIF(Presences!$C$5:$C$504,$B47)) | J47: =IF($H47="","",Tableau_de_bord!$B$5) | K47: =IFERROR(IF($J47=0,"",$I47/$J47),"") | L47: =IF($H47<>"oui","",IF(OR($E47="élève",$E47="élève et encadrant"),COUNTIFS($H$5:$H47,"oui",$E$5:$E47,"élève")+COUNTIFS($H$5:$H47,"oui",$E$5:$E47,"élève et encadrant"),"")) | M47: =IF($H47<>"oui","",IF(OR($E47="encadrant",$E47="élève et encadrant"),COUNTIFS($H$5:$H47,"oui",$E$5:$E47,"encadrant")+COUNTIFS($H$5:$H47,"oui",$E$5:$E47,"élève et encadrant"),"")) | N47: =IF($B47="","",TRIM(IF($D47="",$C47,$D47&" "&$C47))&" ["&$B47&"]") -> Céline DUBUISSON [P087] | O47: =IF($B47="","",COUNTIF(Personnes!$D$5:$D$154,"<"&$D47)+COUNTIF($D$5:$D47,$D47)) -> 20
A48: =IF($H48="","",COUNTIF($H$5:$H48,"oui")) | B48: P071 | C48: DUVAL | D48: Jérôme | F48: DNF / L3 / STA | H48: =IF($B48="","",IF(ISNUMBER(SEARCH("/LC/","/"&SUBSTITUTE($F48," / ","/")&"/")),"oui","")) | I48: =IF($H48="","",COUNTIF(Presences!$C$5:$C$504,$B48)) | J48: =IF($H48="","",Tableau_de_bord!$B$5) | K48: =IFERROR(IF($J48=0,"",$I48/$J48),"") | L48: =IF($H48<>"oui","",IF(OR($E48="élève",$E48="élève et encadrant"),COUNTIFS($H$5:$H48,"oui",$E$5:$E48,"élève")+COUNTIFS($H$5:$H48,"oui",$E$5:$E48,"élève et encadrant"),"")) | M48: =IF($H48<>"oui","",IF(OR($E48="encadrant",$E48="élève et encadrant"),COUNTIFS($H$5:$H48,"oui",$E$5:$E48,"encadrant")+COUNTIFS($H$5:$H48,"oui",$E$5:$E48,"élève et encadrant"),"")) | N48: =IF($B48="","",TRIM(IF($D48="",$C48,$D48&" "&$C48))&" ["&$B48&"]") -> Jérôme DUVAL [P071] | O48: =IF($B48="","",COUNTIF(Personnes!$D$5:$D$154,"<"&$D48)+COUNTIF($D$5:$D48,$D48)) -> 47
A49: =IF($H49="","",COUNTIF($H$5:$H49,"oui")) | B49: P072 | C49: FIHEL | D49: Agnieszka | F49: DNF / L3 / STA | H49: =IF($B49="","",IF(ISNUMBER(SEARCH("/LC/","/"&SUBSTITUTE($F49," / ","/")&"/")),"oui","")) | I49: =IF($H49="","",COUNTIF(Presences!$C$5:$C$504,$B49)) | J49: =IF($H49="","",Tableau_de_bord!$B$5) | K49: =IFERROR(IF($J49=0,"",$I49/$J49),"") | L49: =IF($H49<>"oui","",IF(OR($E49="élève",$E49="élève et encadrant"),COUNTIFS($H$5:$H49,"oui",$E$5:$E49,"élève")+COUNTIFS($H$5:$H49,"oui",$E$5:$E49,"élève et encadrant"),"")) | M49: =IF($H49<>"oui","",IF(OR($E49="encadrant",$E49="élève et encadrant"),COUNTIFS($H$5:$H49,"oui",$E$5:$E49,"encadrant")+COUNTIFS($H$5:$H49,"oui",$E$5:$E49,"élève et encadrant"),"")) | N49: =IF($B49="","",TRIM(IF($D49="",$C49,$D49&" "&$C49))&" ["&$B49&"]") -> Agnieszka FIHEL [P072] | O49: =IF($B49="","",COUNTIF(Personnes!$D$5:$D$154,"<"&$D49)+COUNTIF($D$5:$D49,$D49)) -> 2
A50: =IF($H50="","",COUNTIF($H$5:$H50,"oui")) | B50: P088 | C50: FIOR | D50: Alain | F50: DNF / L2 / STA | H50: =IF($B50="","",IF(ISNUMBER(SEARCH("/LC/","/"&SUBSTITUTE($F50," / ","/")&"/")),"oui","")) | I50: =IF($H50="","",COUNTIF(Presences!$C$5:$C$504,$B50)) | J50: =IF($H50="","",Tableau_de_bord!$B$5) | K50: =IFERROR(IF($J50=0,"",$I50/$J50),"") | L50: =IF($H50<>"oui","",IF(OR($E50="élève",$E50="élève et encadrant"),COUNTIFS($H$5:$H50,"oui",$E$5:$E50,"élève")+COUNTIFS($H$5:$H50,"oui",$E$5:$E50,"élève et encadrant"),"")) | M50: =IF($H50<>"oui","",IF(OR($E50="encadrant",$E50="élève et encadrant"),COUNTIFS($H$5:$H50,"oui",$E$5:$E50,"encadrant")+COUNTIFS($H$5:$H50,"oui",$E$5:$E50,"élève et encadrant"),"")) | N50: =IF($B50="","",TRIM(IF($D50="",$C50,$D50&" "&$C50))&" ["&$B50&"]") -> Alain FIOR [P088] | O50: =IF($B50="","",COUNTIF(Personnes!$D$5:$D$154,"<"&$D50)+COUNTIF($D$5:$D50,$D50)) -> 5
A51: =IF($H51="","",COUNTIF($H$5:$H51,"oui")) | B51: P005 | C51: FRASCA | D51: Benjamin | F51: DNF / L3 / STA | H51: =IF($B51="","",IF(ISNUMBER(SEARCH("/LC/","/"&SUBSTITUTE($F51," / ","/")&"/")),"oui","")) | I51: =IF($H51="","",COUNTIF(Presences!$C$5:$C$504,$B51)) | J51: =IF($H51="","",Tableau_de_bord!$B$5) | K51: =IFERROR(IF($J51=0,"",$I51/$J51),"") | L51: =IF($H51<>"oui","",IF(OR($E51="élève",$E51="élève et encadrant"),COUNTIFS($H$5:$H51,"oui",$E$5:$E51,"élève")+COUNTIFS($H$5:$H51,"oui",$E$5:$E51,"élève et encadrant"),"")) | M51: =IF($H51<>"oui","",IF(OR($E51="encadrant",$E51="élève et encadrant"),COUNTIFS($H$5:$H51,"oui",$E$5:$E51,"encadrant")+COUNTIFS($H$5:$H51,"oui",$E$5:$E51,"élève et encadrant"),"")) | N51: =IF($B51="","",TRIM(IF($D51="",$C51,$D51&" "&$C51))&" ["&$B51&"]") -> Benjamin FRASCA [P005] | O51: =IF($B51="","",COUNTIF(Personnes!$D$5:$D$154,"<"&$D51)+COUNTIF($D$5:$D51,$D51)) -> 15 | P51: benjamin.frasca@gmail.com
A52: =IF($H52="","",COUNTIF($H$5:$H52,"oui")) | B52: P089 | C52: GARCIA | D52: Laurent | F52: DNF / L2 / STA | H52: =IF($B52="","",IF(ISNUMBER(SEARCH("/LC/","/"&SUBSTITUTE($F52," / ","/")&"/")),"oui","")) | I52: =IF($H52="","",COUNTIF(Presences!$C$5:$C$504,$B52)) | J52: =IF($H52="","",Tableau_de_bord!$B$5) | K52: =IFERROR(IF($J52=0,"",$I52/$J52),"") | L52: =IF($H52<>"oui","",IF(OR($E52="élève",$E52="élève et encadrant"),COUNTIFS($H$5:$H52,"oui",$E$5:$E52,"élève")+COUNTIFS($H$5:$H52,"oui",$E$5:$E52,"élève et encadrant"),"")) | M52: =IF($H52<>"oui","",IF(OR($E52="encadrant",$E52="élève et encadrant"),COUNTIFS($H$5:$H52,"oui",$E$5:$E52,"encadrant")+COUNTIFS($H$5:$H52,"oui",$E$5:$E52,"élève et encadrant"),"")) | N52: =IF($B52="","",TRIM(IF($D52="",$C52,$D52&" "&$C52))&" ["&$B52&"]") -> Laurent GARCIA [P089] | O52: =IF($B52="","",COUNTIF(Personnes!$D$5:$D$154,"<"&$D52)+COUNTIF($D$5:$D52,$D52)) -> 54
A53: =IF($H53="","",COUNTIF($H$5:$H53,"oui")) | B53: P027 | C53: GOBAA | D53: Samy | F53: DNF / L3 / STA | H53: =IF($B53="","",IF(ISNUMBER(SEARCH("/LC/","/"&SUBSTITUTE($F53," / ","/")&"/")),"oui","")) | I53: =IF($H53="","",COUNTIF(Presences!$C$5:$C$504,$B53)) | J53: =IF($H53="","",Tableau_de_bord!$B$5) | K53: =IFERROR(IF($J53=0,"",$I53/$J53),"") | L53: =IF($H53<>"oui","",IF(OR($E53="élève",$E53="élève et encadrant"),COUNTIFS($H$5:$H53,"oui",$E$5:$E53,"élève")+COUNTIFS($H$5:$H53,"oui",$E$5:$E53,"élève et encadrant"),"")) | M53: =IF($H53<>"oui","",IF(OR($E53="encadrant",$E53="élève et encadrant"),COUNTIFS($H$5:$H53,"oui",$E$5:$E53,"encadrant")+COUNTIFS($H$5:$H53,"oui",$E$5:$E53,"élève et encadrant"),"")) | N53: =IF($B53="","",TRIM(IF($D53="",$C53,$D53&" "&$C53))&" ["&$B53&"]") -> Samy GOBAA [P027] | O53: =IF($B53="","",COUNTIF(Personnes!$D$5:$D$154,"<"&$D53)+COUNTIF($D$5:$D53,$D53)) -> 79
A54: =IF($H54="","",COUNTIF($H$5:$H54,"oui")) | B54: P015 | C54: GOUDOU | D54: Jean-François | F54: DNF / L3 / STA | H54: =IF($B54="","",IF(ISNUMBER(SEARCH("/LC/","/"&SUBSTITUTE($F54," / ","/")&"/")),"oui","")) | I54: =IF($H54="","",COUNTIF(Presences!$C$5:$C$504,$B54)) | J54: =IF($H54="","",Tableau_de_bord!$B$5) | K54: =IFERROR(IF($J54=0,"",$I54/$J54),"") | L54: =IF($H54<>"oui","",IF(OR($E54="élève",$E54="élève et encadrant"),COUNTIFS($H$5:$H54,"oui",$E$5:$E54,"élève")+COUNTIFS($H$5:$H54,"oui",$E$5:$E54,"élève et encadrant"),"")) | M54: =IF($H54<>"oui","",IF(OR($E54="encadrant",$E54="élève et encadrant"),COUNTIFS($H$5:$H54,"oui",$E$5:$E54,"encadrant")+COUNTIFS($H$5:$H54,"oui",$E$5:$E54,"élève et encadrant"),"")) | N54: =IF($B54="","",TRIM(IF($D54="",$C54,$D54&" "&$C54))&" ["&$B54&"]") -> Jean-François GOUDOU [P015] | O54: =IF($B54="","",COUNTIF(Personnes!$D$5:$D$154,"<"&$D54)+COUNTIF($D$5:$D54,$D54)) -> 45 | P54: jfgoudou@gmail.com
A55: =IF($H55="","",COUNTIF($H$5:$H55,"oui")) | B55: P004 | C55: GOUSSARD | D55: Béatrice | F55: DNF / L3 / STA | H55: =IF($B55="","",IF(ISNUMBER(SEARCH("/LC/","/"&SUBSTITUTE($F55," / ","/")&"/")),"oui","")) | I55: =IF($H55="","",COUNTIF(Presences!$C$5:$C$504,$B55)) | J55: =IF($H55="","",Tableau_de_bord!$B$5) | K55: =IFERROR(IF($J55=0,"",$I55/$J55),"") | L55: =IF($H55<>"oui","",IF(OR($E55="élève",$E55="élève et encadrant"),COUNTIFS($H$5:$H55,"oui",$E$5:$E55,"élève")+COUNTIFS($H$5:$H55,"oui",$E$5:$E55,"élève et encadrant"),"")) | M55: =IF($H55<>"oui","",IF(OR($E55="encadrant",$E55="élève et encadrant"),COUNTIFS($H$5:$H55,"oui",$E$5:$E55,"encadrant")+COUNTIFS($H$5:$H55,"oui",$E$5:$E55,"élève et encadrant"),"")) | N55: =IF($B55="","",TRIM(IF($D55="",$C55,$D55&" "&$C55))&" ["&$B55&"]") -> Béatrice GOUSSARD [P004] | O55: =IF($B55="","",COUNTIF(Personnes!$D$5:$D$154,"<"&$D55)+COUNTIF($D$5:$D55,$D55)) -> 14 | P55: bea.davoine@gmail.com
A56: =IF($H56="","",COUNTIF($H$5:$H56,"oui")) | B56: P032 | C56: GRENIER | D56: Michael | F56: DNF / L1 / L2 / STA | H56: =IF($B56="","",IF(ISNUMBER(SEARCH("/LC/","/"&SUBSTITUTE($F56," / ","/")&"/")),"oui","")) | I56: =IF($H56="","",COUNTIF(Presences!$C$5:$C$504,$B56)) | J56: =IF($H56="","",Tableau_de_bord!$B$5) | K56: =IFERROR(IF($J56=0,"",$I56/$J56),"") | L56: =IF($H56<>"oui","",IF(OR($E56="élève",$E56="élève et encadrant"),COUNTIFS($H$5:$H56,"oui",$E$5:$E56,"élève")+COUNTIFS($H$5:$H56,"oui",$E$5:$E56,"élève et encadrant"),"")) | M56: =IF($H56<>"oui","",IF(OR($E56="encadrant",$E56="élève et encadrant"),COUNTIFS($H$5:$H56,"oui",$E$5:$E56,"encadrant")+COUNTIFS($H$5:$H56,"oui",$E$5:$E56,"élève et encadrant"),"")) | N56: =IF($B56="","",TRIM(IF($D56="",$C56,$D56&" "&$C56))&" ["&$B56&"]") -> Michael GRENIER [P032] | O56: =IF($B56="","",COUNTIF(Personnes!$D$5:$D$154,"<"&$D56)+COUNTIF($D$5:$D56,$D56)) -> 66 | P56: micgren@gmail.com
A57: =IF($H57="","",COUNTIF($H$5:$H57,"oui")) | B57: P023 | C57: GUEGUEN | D57: Matthieu | F57: DNF / L3 / STA | H57: =IF($B57="","",IF(ISNUMBER(SEARCH("/LC/","/"&SUBSTITUTE($F57," / ","/")&"/")),"oui","")) | I57: =IF($H57="","",COUNTIF(Presences!$C$5:$C$504,$B57)) | J57: =IF($H57="","",Tableau_de_bord!$B$5) | K57: =IFERROR(IF($J57=0,"",$I57/$J57),"") | L57: =IF($H57<>"oui","",IF(OR($E57="élève",$E57="élève et encadrant"),COUNTIFS($H$5:$H57,"oui",$E$5:$E57,"élève")+COUNTIFS($H$5:$H57,"oui",$E$5:$E57,"élève et encadrant"),"")) | M57: =IF($H57<>"oui","",IF(OR($E57="encadrant",$E57="élève et encadrant"),COUNTIFS($H$5:$H57,"oui",$E$5:$E57,"encadrant")+COUNTIFS($H$5:$H57,"oui",$E$5:$E57,"élève et encadrant"),"")) | N57: =IF($B57="","",TRIM(IF($D57="",$C57,$D57&" "&$C57))&" ["&$B57&"]") -> Matthieu GUEGUEN [P023] | O57: =IF($B57="","",COUNTIF(Personnes!$D$5:$D$154,"<"&$D57)+COUNTIF($D$5:$D57,$D57)) -> 65
A58: =IF($H58="","",COUNTIF($H$5:$H58,"oui")) | B58: P029 | C58: GUEGUEN | D58: Stephane | F58: DNF / L3 / STA | H58: =IF($B58="","",IF(ISNUMBER(SEARCH("/LC/","/"&SUBSTITUTE($F58," / ","/")&"/")),"oui","")) | I58: =IF($H58="","",COUNTIF(Presences!$C$5:$C$504,$B58)) | J58: =IF($H58="","",Tableau_de_bord!$B$5) | K58: =IFERROR(IF($J58=0,"",$I58/$J58),"") | L58: =IF($H58<>"oui","",IF(OR($E58="élève",$E58="élève et encadrant"),COUNTIFS($H$5:$H58,"oui",$E$5:$E58,"élève")+COUNTIFS($H$5:$H58,"oui",$E$5:$E58,"élève et encadrant"),"")) | M58: =IF($H58<>"oui","",IF(OR($E58="encadrant",$E58="élève et encadrant"),COUNTIFS($H$5:$H58,"oui",$E$5:$E58,"encadrant")+COUNTIFS($H$5:$H58,"oui",$E$5:$E58,"élève et encadrant"),"")) | N58: =IF($B58="","",TRIM(IF($D58="",$C58,$D58&" "&$C58))&" ["&$B58&"]") -> Stephane GUEGUEN [P029] | O58: =IF($B58="","",COUNTIF(Personnes!$D$5:$D$154,"<"&$D58)+COUNTIF($D$5:$D58,$D58)) -> 87
A59: =IF($H59="","",COUNTIF($H$5:$H59,"oui")) | B59: P001 | C59: GUEVEL | D59: Alain | F59: DNF / L3 / STA | H59: =IF($B59="","",IF(ISNUMBER(SEARCH("/LC/","/"&SUBSTITUTE($F59," / ","/")&"/")),"oui","")) | I59: =IF($H59="","",COUNTIF(Presences!$C$5:$C$504,$B59)) | J59: =IF($H59="","",Tableau_de_bord!$B$5) | K59: =IFERROR(IF($J59=0,"",$I59/$J59),"") | L59: =IF($H59<>"oui","",IF(OR($E59="élève",$E59="élève et encadrant"),COUNTIFS($H$5:$H59,"oui",$E$5:$E59,"élève")+COUNTIFS($H$5:$H59,"oui",$E$5:$E59,"élève et encadrant"),"")) | M59: =IF($H59<>"oui","",IF(OR($E59="encadrant",$E59="élève et encadrant"),COUNTIFS($H$5:$H59,"oui",$E$5:$E59,"encadrant")+COUNTIFS($H$5:$H59,"oui",$E$5:$E59,"élève et encadrant"),"")) | N59: =IF($B59="","",TRIM(IF($D59="",$C59,$D59&" "&$C59))&" ["&$B59&"]") -> Alain GUEVEL [P001] | O59: =IF($B59="","",COUNTIF(Personnes!$D$5:$D$154,"<"&$D59)+COUNTIF($D$5:$D59,$D59)) -> 6 | P59: aguevel94@gmail.com
A60: =IF($H60="","",COUNTIF($H$5:$H60,"oui")) | B60: P040 | C60: GUGLIELMO | D60: Anthony | F60: DNF / L4 / STA | H60: =IF($B60="","",IF(ISNUMBER(SEARCH("/LC/","/"&SUBSTITUTE($F60," / ","/")&"/")),"oui","")) | I60: =IF($H60="","",COUNTIF(Presences!$C$5:$C$504,$B60)) | J60: =IF($H60="","",Tableau_de_bord!$B$5) | K60: =IFERROR(IF($J60=0,"",$I60/$J60),"") | L60: =IF($H60<>"oui","",IF(OR($E60="élève",$E60="élève et encadrant"),COUNTIFS($H$5:$H60,"oui",$E$5:$E60,"élève")+COUNTIFS($H$5:$H60,"oui",$E$5:$E60,"élève et encadrant"),"")) | M60: =IF($H60<>"oui","",IF(OR($E60="encadrant",$E60="élève et encadrant"),COUNTIFS($H$5:$H60,"oui",$E$5:$E60,"encadrant")+COUNTIFS($H$5:$H60,"oui",$E$5:$E60,"élève et encadrant"),"")) | N60: =IF($B60="","",TRIM(IF($D60="",$C60,$D60&" "&$C60))&" ["&$B60&"]") -> Anthony GUGLIELMO [P040] | O60: =IF($B60="","",COUNTIF(Personnes!$D$5:$D$154,"<"&$D60)+COUNTIF($D$5:$D60,$D60)) -> 7 | P60: anthony.guglielmo.fra@gmail.com
A61: =IF($H61="","",COUNTIF($H$5:$H61,"oui")) | B61: P073 | C61: GUIBOURT | D61: Aude | F61: DNF / L3 / STA | H61: =IF($B61="","",IF(ISNUMBER(SEARCH("/LC/","/"&SUBSTITUTE($F61," / ","/")&"/")),"oui","")) | I61: =IF($H61="","",COUNTIF(Presences!$C$5:$C$504,$B61)) | J61: =IF($H61="","",Tableau_de_bord!$B$5) | K61: =IFERROR(IF($J61=0,"",$I61/$J61),"") | L61: =IF($H61<>"oui","",IF(OR($E61="élève",$E61="élève et encadrant"),COUNTIFS($H$5:$H61,"oui",$E$5:$E61,"élève")+COUNTIFS($H$5:$H61,"oui",$E$5:$E61,"élève et encadrant"),"")) | M61: =IF($H61<>"oui","",IF(OR($E61="encadrant",$E61="élève et encadrant"),COUNTIFS($H$5:$H61,"oui",$E$5:$E61,"encadrant")+COUNTIFS($H$5:$H61,"oui",$E$5:$E61,"élève et encadrant"),"")) | N61: =IF($B61="","",TRIM(IF($D61="",$C61,$D61&" "&$C61))&" ["&$B61&"]") -> Aude GUIBOURT [P073] | O61: =IF($B61="","",COUNTIF(Personnes!$D$5:$D$154,"<"&$D61)+COUNTIF($D$5:$D61,$D61)) -> 11
A62: =IF($H62="","",COUNTIF($H$5:$H62,"oui")) | B62: P074 | C62: HABERT | D62: Serge | F62: DNF / L3 / STA | H62: =IF($B62="","",IF(ISNUMBER(SEARCH("/LC/","/"&SUBSTITUTE($F62," / ","/")&"/")),"oui","")) | I62: =IF($H62="","",COUNTIF(Presences!$C$5:$C$504,$B62)) | J62: =IF($H62="","",Tableau_de_bord!$B$5) | K62: =IFERROR(IF($J62=0,"",$I62/$J62),"") | L62: =IF($H62<>"oui","",IF(OR($E62="élève",$E62="élève et encadrant"),COUNTIFS($H$5:$H62,"oui",$E$5:$E62,"élève")+COUNTIFS($H$5:$H62,"oui",$E$5:$E62,"élève et encadrant"),"")) | M62: =IF($H62<>"oui","",IF(OR($E62="encadrant",$E62="élève et encadrant"),COUNTIFS($H$5:$H62,"oui",$E$5:$E62,"encadrant")+COUNTIFS($H$5:$H62,"oui",$E$5:$E62,"élève et encadrant"),"")) | N62: =IF($B62="","",TRIM(IF($D62="",$C62,$D62&" "&$C62))&" ["&$B62&"]") -> Serge HABERT [P074] | O62: =IF($B62="","",COUNTIF(Personnes!$D$5:$D$154,"<"&$D62)+COUNTIF($D$5:$D62,$D62)) -> 85
A63: =IF($H63="","",COUNTIF($H$5:$H63,"oui")) | B63: P009 | C63: HANNOU | D63: Cyrille | F63: DNF / L2 / L3 / STA | H63: =IF($B63="","",IF(ISNUMBER(SEARCH("/LC/","/"&SUBSTITUTE($F63," / ","/")&"/")),"oui","")) | I63: =IF($H63="","",COUNTIF(Presences!$C$5:$C$504,$B63)) | J63: =IF($H63="","",Tableau_de_bord!$B$5) | K63: =IFERROR(IF($J63=0,"",$I63/$J63),"") | L63: =IF($H63<>"oui","",IF(OR($E63="élève",$E63="élève et encadrant"),COUNTIFS($H$5:$H63,"oui",$E$5:$E63,"élève")+COUNTIFS($H$5:$H63,"oui",$E$5:$E63,"élève et encadrant"),"")) | M63: =IF($H63<>"oui","",IF(OR($E63="encadrant",$E63="élève et encadrant"),COUNTIFS($H$5:$H63,"oui",$E$5:$E63,"encadrant")+COUNTIFS($H$5:$H63,"oui",$E$5:$E63,"élève et encadrant"),"")) | N63: =IF($B63="","",TRIM(IF($D63="",$C63,$D63&" "&$C63))&" ["&$B63&"]") -> Cyrille HANNOU [P009] | O63: =IF($B63="","",COUNTIF(Personnes!$D$5:$D$154,"<"&$D63)+COUNTIF($D$5:$D63,$D63)) -> 26 | P63: hannou_c@yahoo.fr
A64: =IF($H64="","",COUNTIF($H$5:$H64,"oui")) | B64: P098 | C64: HENRY | D64: Thomas | F64: DNF / L4 / STA | H64: =IF($B64="","",IF(ISNUMBER(SEARCH("/LC/","/"&SUBSTITUTE($F64," / ","/")&"/")),"oui","")) | I64: =IF($H64="","",COUNTIF(Presences!$C$5:$C$504,$B64)) | J64: =IF($H64="","",Tableau_de_bord!$B$5) | K64: =IFERROR(IF($J64=0,"",$I64/$J64),"") | L64: =IF($H64<>"oui","",IF(OR($E64="élève",$E64="élève et encadrant"),COUNTIFS($H$5:$H64,"oui",$E$5:$E64,"élève")+COUNTIFS($H$5:$H64,"oui",$E$5:$E64,"élève et encadrant"),"")) | M64: =IF($H64<>"oui","",IF(OR($E64="encadrant",$E64="élève et encadrant"),COUNTIFS($H$5:$H64,"oui",$E$5:$E64,"encadrant")+COUNTIFS($H$5:$H64,"oui",$E$5:$E64,"élève et encadrant"),"")) | N64: =IF($B64="","",TRIM(IF($D64="",$C64,$D64&" "&$C64))&" ["&$B64&"]") -> Thomas HENRY [P098] | O64: =IF($B64="","",COUNTIF(Personnes!$D$5:$D$154,"<"&$D64)+COUNTIF($D$5:$D64,$D64)) -> 92
A65: =IF($H65="","",COUNTIF($H$5:$H65,"oui")) | B65: P090 | C65: HERMANS | D65: Sylvie | F65: DNF / L2 / STA | H65: =IF($B65="","",IF(ISNUMBER(SEARCH("/LC/","/"&SUBSTITUTE($F65," / ","/")&"/")),"oui","")) | I65: =IF($H65="","",COUNTIF(Presences!$C$5:$C$504,$B65)) | J65: =IF($H65="","",Tableau_de_bord!$B$5) | K65: =IFERROR(IF($J65=0,"",$I65/$J65),"") | L65: =IF($H65<>"oui","",IF(OR($E65="élève",$E65="élève et encadrant"),COUNTIFS($H$5:$H65,"oui",$E$5:$E65,"élève")+COUNTIFS($H$5:$H65,"oui",$E$5:$E65,"élève et encadrant"),"")) | M65: =IF($H65<>"oui","",IF(OR($E65="encadrant",$E65="élève et encadrant"),COUNTIFS($H$5:$H65,"oui",$E$5:$E65,"encadrant")+COUNTIFS($H$5:$H65,"oui",$E$5:$E65,"élève et encadrant"),"")) | N65: =IF($B65="","",TRIM(IF($D65="",$C65,$D65&" "&$C65))&" ["&$B65&"]") -> Sylvie HERMANS [P090] | O65: =IF($B65="","",COUNTIF(Personnes!$D$5:$D$154,"<"&$D65)+COUNTIF($D$5:$D65,$D65)) -> 89
A66: =IF($H66="","",COUNTIF($H$5:$H66,"oui")) | B66: P041 | C66: HOYAU | D66: Pierre-Alain | F66: DNF / L4 / STA | H66: =IF($B66="","",IF(ISNUMBER(SEARCH("/LC/","/"&SUBSTITUTE($F66," / ","/")&"/")),"oui","")) | I66: =IF($H66="","",COUNTIF(Presences!$C$5:$C$504,$B66)) | J66: =IF($H66="","",Tableau_de_bord!$B$5) | K66: =IFERROR(IF($J66=0,"",$I66/$J66),"") | L66: =IF($H66<>"oui","",IF(OR($E66="élève",$E66="élève et encadrant"),COUNTIFS($H$5:$H66,"oui",$E$5:$E66,"élève")+COUNTIFS($H$5:$H66,"oui",$E$5:$E66,"élève et encadrant"),"")) | M66: =IF($H66<>"oui","",IF(OR($E66="encadrant",$E66="élève et encadrant"),COUNTIFS($H$5:$H66,"oui",$E$5:$E66,"encadrant")+COUNTIFS($H$5:$H66,"oui",$E$5:$E66,"élève et encadrant"),"")) | N66: =IF($B66="","",TRIM(IF($D66="",$C66,$D66&" "&$C66))&" ["&$B66&"]") -> Pierre-Alain HOYAU [P041] | O66: =IF($B66="","",COUNTIF(Personnes!$D$5:$D$154,"<"&$D66)+COUNTIF($D$5:$D66,$D66)) -> 76 | P66: pierre-alain.hoyau@univ-eiffel.fr
A67: =IF($H67="","",COUNTIF($H$5:$H67,"oui")) | B67: P042 | C67: INSERGUET | D67: David | F67: DNF / L4 / STA | H67: =IF($B67="","",IF(ISNUMBER(SEARCH("/LC/","/"&SUBSTITUTE($F67," / ","/")&"/")),"oui","")) | I67: =IF($H67="","",COUNTIF(Presences!$C$5:$C$504,$B67)) | J67: =IF($H67="","",Tableau_de_bord!$B$5) | K67: =IFERROR(IF($J67=0,"",$I67/$J67),"") | L67: =IF($H67<>"oui","",IF(OR($E67="élève",$E67="élève et encadrant"),COUNTIFS($H$5:$H67,"oui",$E$5:$E67,"élève")+COUNTIFS($H$5:$H67,"oui",$E$5:$E67,"élève et encadrant"),"")) | M67: =IF($H67<>"oui","",IF(OR($E67="encadrant",$E67="élève et encadrant"),COUNTIFS($H$5:$H67,"oui",$E$5:$E67,"encadrant")+COUNTIFS($H$5:$H67,"oui",$E$5:$E67,"élève et encadrant"),"")) | N67: =IF($B67="","",TRIM(IF($D67="",$C67,$D67&" "&$C67))&" ["&$B67&"]") -> David INSERGUET [P042] | O67: =IF($B67="","",COUNTIF(Personnes!$D$5:$D$154,"<"&$D67)+COUNTIF($D$5:$D67,$D67)) -> 29 | P67: valdav92@gmail.com
A68: =IF($H68="","",COUNTIF($H$5:$H68,"oui")) | B68: P024 | C68: JACQUEMOT | D68: Nelly | F68: DNF / L2 / L3 / STA | H68: =IF($B68="","",IF(ISNUMBER(SEARCH("/LC/","/"&SUBSTITUTE($F68," / ","/")&"/")),"oui","")) | I68: =IF($H68="","",COUNTIF(Presences!$C$5:$C$504,$B68)) | J68: =IF($H68="","",Tableau_de_bord!$B$5) | K68: =IFERROR(IF($J68=0,"",$I68/$J68),"") | L68: =IF($H68<>"oui","",IF(OR($E68="élève",$E68="élève et encadrant"),COUNTIFS($H$5:$H68,"oui",$E$5:$E68,"élève")+COUNTIFS($H$5:$H68,"oui",$E$5:$E68,"élève et encadrant"),"")) | M68: =IF($H68<>"oui","",IF(OR($E68="encadrant",$E68="élève et encadrant"),COUNTIFS($H$5:$H68,"oui",$E$5:$E68,"encadrant")+COUNTIFS($H$5:$H68,"oui",$E$5:$E68,"élève et encadrant"),"")) | N68: =IF($B68="","",TRIM(IF($D68="",$C68,$D68&" "&$C68))&" ["&$B68&"]") -> Nelly JACQUEMOT [P024] | O68: =IF($B68="","",COUNTIF(Personnes!$D$5:$D$154,"<"&$D68)+COUNTIF($D$5:$D68,$D68)) -> 69 | P68: nellyjacquemot@yahoo.fr
A69: =IF($H69="","",COUNTIF($H$5:$H69,"oui")) | B69: P014 | C69: LABAYE | D69: Hélène | F69: DNF / L3 / STA | H69: =IF($B69="","",IF(ISNUMBER(SEARCH("/LC/","/"&SUBSTITUTE($F69," / ","/")&"/")),"oui","")) | I69: =IF($H69="","",COUNTIF(Presences!$C$5:$C$504,$B69)) | J69: =IF($H69="","",Tableau_de_bord!$B$5) | K69: =IFERROR(IF($J69=0,"",$I69/$J69),"") | L69: =IF($H69<>"oui","",IF(OR($E69="élève",$E69="élève et encadrant"),COUNTIFS($H$5:$H69,"oui",$E$5:$E69,"élève")+COUNTIFS($H$5:$H69,"oui",$E$5:$E69,"élève et encadrant"),"")) | M69: =IF($H69<>"oui","",IF(OR($E69="encadrant",$E69="élève et encadrant"),COUNTIFS($H$5:$H69,"oui",$E$5:$E69,"encadrant")+COUNTIFS($H$5:$H69,"oui",$E$5:$E69,"élève et encadrant"),"")) | N69: =IF($B69="","",TRIM(IF($D69="",$C69,$D69&" "&$C69))&" ["&$B69&"]") -> Hélène LABAYE [P014] | O69: =IF($B69="","",COUNTIF(Personnes!$D$5:$D$154,"<"&$D69)+COUNTIF($D$5:$D69,$D69)) -> 42 | P69: h_labaye@yahoo.fr
A70: =IF($H70="","",COUNTIF($H$5:$H70,"oui")) | B70: P008 | C70: LABROSSE | D70: Cyril | F70: DNF / L3 / STA | H70: =IF($B70="","",IF(ISNUMBER(SEARCH("/LC/","/"&SUBSTITUTE($F70," / ","/")&"/")),"oui","")) | I70: =IF($H70="","",COUNTIF(Presences!$C$5:$C$504,$B70)) | J70: =IF($H70="","",Tableau_de_bord!$B$5) | K70: =IFERROR(IF($J70=0,"",$I70/$J70),"") | L70: =IF($H70<>"oui","",IF(OR($E70="élève",$E70="élève et encadrant"),COUNTIFS($H$5:$H70,"oui",$E$5:$E70,"élève")+COUNTIFS($H$5:$H70,"oui",$E$5:$E70,"élève et encadrant"),"")) | M70: =IF($H70<>"oui","",IF(OR($E70="encadrant",$E70="élève et encadrant"),COUNTIFS($H$5:$H70,"oui",$E$5:$E70,"encadrant")+COUNTIFS($H$5:$H70,"oui",$E$5:$E70,"élève et encadrant"),"")) | N70: =IF($B70="","",TRIM(IF($D70="",$C70,$D70&" "&$C70))&" ["&$B70&"]") -> Cyril LABROSSE [P008] | O70: =IF($B70="","",COUNTIF(Personnes!$D$5:$D$154,"<"&$D70)+COUNTIF($D$5:$D70,$D70)) -> 25
A71: =IF($H71="","",COUNTIF($H$5:$H71,"oui")) | B71: P012 | C71: LACOUR | D71: Etienne | F71: DNF / L3 / STA | H71: =IF($B71="","",IF(ISNUMBER(SEARCH("/LC/","/"&SUBSTITUTE($F71," / ","/")&"/")),"oui","")) | I71: =IF($H71="","",COUNTIF(Presences!$C$5:$C$504,$B71)) | J71: =IF($H71="","",Tableau_de_bord!$B$5) | K71: =IFERROR(IF($J71=0,"",$I71/$J71),"") | L71: =IF($H71<>"oui","",IF(OR($E71="élève",$E71="élève et encadrant"),COUNTIFS($H$5:$H71,"oui",$E$5:$E71,"élève")+COUNTIFS($H$5:$H71,"oui",$E$5:$E71,"élève et encadrant"),"")) | M71: =IF($H71<>"oui","",IF(OR($E71="encadrant",$E71="élève et encadrant"),COUNTIFS($H$5:$H71,"oui",$E$5:$E71,"encadrant")+COUNTIFS($H$5:$H71,"oui",$E$5:$E71,"élève et encadrant"),"")) | N71: =IF($B71="","",TRIM(IF($D71="",$C71,$D71&" "&$C71))&" ["&$B71&"]") -> Etienne LACOUR [P012] | O71: =IF($B71="","",COUNTIF(Personnes!$D$5:$D$154,"<"&$D71)+COUNTIF($D$5:$D71,$D71)) -> 34 | P71: etienne.lacour@outlook.fr
A72: =IF($H72="","",COUNTIF($H$5:$H72,"oui")) | B72: P025 | C72: LAMBERT | D72: Oman | F72: DNF / L3 / STA | H72: =IF($B72="","",IF(ISNUMBER(SEARCH("/LC/","/"&SUBSTITUTE($F72," / ","/")&"/")),"oui","")) | I72: =IF($H72="","",COUNTIF(Presences!$C$5:$C$504,$B72)) | J72: =IF($H72="","",Tableau_de_bord!$B$5) | K72: =IFERROR(IF($J72=0,"",$I72/$J72),"") | L72: =IF($H72<>"oui","",IF(OR($E72="élève",$E72="élève et encadrant"),COUNTIFS($H$5:$H72,"oui",$E$5:$E72,"élève")+COUNTIFS($H$5:$H72,"oui",$E$5:$E72,"élève et encadrant"),"")) | M72: =IF($H72<>"oui","",IF(OR($E72="encadrant",$E72="élève et encadrant"),COUNTIFS($H$5:$H72,"oui",$E$5:$E72,"encadrant")+COUNTIFS($H$5:$H72,"oui",$E$5:$E72,"élève et encadrant"),"")) | N72: =IF($B72="","",TRIM(IF($D72="",$C72,$D72&" "&$C72))&" ["&$B72&"]") -> Oman LAMBERT [P025] | O72: =IF($B72="","",COUNTIF(Personnes!$D$5:$D$154,"<"&$D72)+COUNTIF($D$5:$D72,$D72)) -> 70
A73: =IF($H73="","",COUNTIF($H$5:$H73,"oui")) | B73: P028 | C73: LANDEAU | D73: Sophie | F73: DNF / L2 / L3 / STA | H73: =IF($B73="","",IF(ISNUMBER(SEARCH("/LC/","/"&SUBSTITUTE($F73," / ","/")&"/")),"oui","")) | I73: =IF($H73="","",COUNTIF(Presences!$C$5:$C$504,$B73)) | J73: =IF($H73="","",Tableau_de_bord!$B$5) | K73: =IFERROR(IF($J73=0,"",$I73/$J73),"") | L73: =IF($H73<>"oui","",IF(OR($E73="élève",$E73="élève et encadrant"),COUNTIFS($H$5:$H73,"oui",$E$5:$E73,"élève")+COUNTIFS($H$5:$H73,"oui",$E$5:$E73,"élève et encadrant"),"")) | M73: =IF($H73<>"oui","",IF(OR($E73="encadrant",$E73="élève et encadrant"),COUNTIFS($H$5:$H73,"oui",$E$5:$E73,"encadrant")+COUNTIFS($H$5:$H73,"oui",$E$5:$E73,"élève et encadrant"),"")) | N73: =IF($B73="","",TRIM(IF($D73="",$C73,$D73&" "&$C73))&" ["&$B73&"]") -> Sophie LANDEAU [P028] | O73: =IF($B73="","",COUNTIF(Personnes!$D$5:$D$154,"<"&$D73)+COUNTIF($D$5:$D73,$D73)) -> 86 | P73: sophiemattioli@yahoo.fr
A74: =IF($H74="","",COUNTIF($H$5:$H74,"oui")) | B74: P037 | C74: LE BRIGAND | D74: Fred | F74: DNF / L3 / L4 / STA | H74: =IF($B74="","",IF(ISNUMBER(SEARCH("/LC/","/"&SUBSTITUTE($F74," / ","/")&"/")),"oui","")) | I74: =IF($H74="","",COUNTIF(Presences!$C$5:$C$504,$B74)) | J74: =IF($H74="","",Tableau_de_bord!$B$5) | K74: =IFERROR(IF($J74=0,"",$I74/$J74),"") | L74: =IF($H74<>"oui","",IF(OR($E74="élève",$E74="élève et encadrant"),COUNTIFS($H$5:$H74,"oui",$E$5:$E74,"élève")+COUNTIFS($H$5:$H74,"oui",$E$5:$E74,"élève et encadrant"),"")) | M74: =IF($H74<>"oui","",IF(OR($E74="encadrant",$E74="élève et encadrant"),COUNTIFS($H$5:$H74,"oui",$E$5:$E74,"encadrant")+COUNTIFS($H$5:$H74,"oui",$E$5:$E74,"élève et encadrant"),"")) | N74: =IF($B74="","",TRIM(IF($D74="",$C74,$D74&" "&$C74))&" ["&$B74&"]") -> Fred LE BRIGAND [P037] | O74: =IF($B74="","",COUNTIF(Personnes!$D$5:$D$154,"<"&$D74)+COUNTIF($D$5:$D74,$D74)) -> 38 | P74: flebrigand@gmail.com
A75: =IF($H75="","",COUNTIF($H$5:$H75,"oui")) | B75: P052 | C75: LE BRIGAND | D75: Corinne | F75: DNF / L2 / STA | H75: =IF($B75="","",IF(ISNUMBER(SEARCH("/LC/","/"&SUBSTITUTE($F75," / ","/")&"/")),"oui","")) | I75: =IF($H75="","",COUNTIF(Presences!$C$5:$C$504,$B75)) | J75: =IF($H75="","",Tableau_de_bord!$B$5) | K75: =IFERROR(IF($J75=0,"",$I75/$J75),"") | L75: =IF($H75<>"oui","",IF(OR($E75="élève",$E75="élève et encadrant"),COUNTIFS($H$5:$H75,"oui",$E$5:$E75,"élève")+COUNTIFS($H$5:$H75,"oui",$E$5:$E75,"élève et encadrant"),"")) | M75: =IF($H75<>"oui","",IF(OR($E75="encadrant",$E75="élève et encadrant"),COUNTIFS($H$5:$H75,"oui",$E$5:$E75,"encadrant")+COUNTIFS($H$5:$H75,"oui",$E$5:$E75,"élève et encadrant"),"")) | N75: =IF($B75="","",TRIM(IF($D75="",$C75,$D75&" "&$C75))&" ["&$B75&"]") -> Corinne LE BRIGAND [P052] | O75: =IF($B75="","",COUNTIF(Personnes!$D$5:$D$154,"<"&$D75)+COUNTIF($D$5:$D75,$D75)) -> 24 | P75: clebrigand@gmail.com
A76: =IF($H76="","",COUNTIF($H$5:$H76,"oui")) | B76: P017 | C76: LEFEBVRE | D76: Jérôme | F76: DNF / L3 / STA | H76: =IF($B76="","",IF(ISNUMBER(SEARCH("/LC/","/"&SUBSTITUTE($F76," / ","/")&"/")),"oui","")) | I76: =IF($H76="","",COUNTIF(Presences!$C$5:$C$504,$B76)) | J76: =IF($H76="","",Tableau_de_bord!$B$5) | K76: =IFERROR(IF($J76=0,"",$I76/$J76),"") | L76: =IF($H76<>"oui","",IF(OR($E76="élève",$E76="élève et encadrant"),COUNTIFS($H$5:$H76,"oui",$E$5:$E76,"élève")+COUNTIFS($H$5:$H76,"oui",$E$5:$E76,"élève et encadrant"),"")) | M76: =IF($H76<>"oui","",IF(OR($E76="encadrant",$E76="élève et encadrant"),COUNTIFS($H$5:$H76,"oui",$E$5:$E76,"encadrant")+COUNTIFS($H$5:$H76,"oui",$E$5:$E76,"élève et encadrant"),"")) | N76: =IF($B76="","",TRIM(IF($D76="",$C76,$D76&" "&$C76))&" ["&$B76&"]") -> Jérôme LEFEBVRE [P017] | O76: =IF($B76="","",COUNTIF(Personnes!$D$5:$D$154,"<"&$D76)+COUNTIF($D$5:$D76,$D76)) -> 48
A77: =IF($H77="","",COUNTIF($H$5:$H77,"oui")) | B77: P050 | C77: LELARGE | D77: Gérald | F77: DNF / L4 / STA | H77: =IF($B77="","",IF(ISNUMBER(SEARCH("/LC/","/"&SUBSTITUTE($F77," / ","/")&"/")),"oui","")) | I77: =IF($H77="","",COUNTIF(Presences!$C$5:$C$504,$B77)) | J77: =IF($H77="","",Tableau_de_bord!$B$5) | K77: =IFERROR(IF($J77=0,"",$I77/$J77),"") | L77: =IF($H77<>"oui","",IF(OR($E77="élève",$E77="élève et encadrant"),COUNTIFS($H$5:$H77,"oui",$E$5:$E77,"élève")+COUNTIFS($H$5:$H77,"oui",$E$5:$E77,"élève et encadrant"),"")) | M77: =IF($H77<>"oui","",IF(OR($E77="encadrant",$E77="élève et encadrant"),COUNTIFS($H$5:$H77,"oui",$E$5:$E77,"encadrant")+COUNTIFS($H$5:$H77,"oui",$E$5:$E77,"élève et encadrant"),"")) | N77: =IF($B77="","",TRIM(IF($D77="",$C77,$D77&" "&$C77))&" ["&$B77&"]") -> Gérald LELARGE [P050] | O77: =IF($B77="","",COUNTIF(Personnes!$D$5:$D$154,"<"&$D77)+COUNTIF($D$5:$D77,$D77)) -> 40 | P77: glelarge@gmail.com
A78: =IF($H78="","",COUNTIF($H$5:$H78,"oui")) | B78: P010 | C78: LICHTNER | D78: Edward | F78: DNF / L2 / L3 / STA | H78: =IF($B78="","",IF(ISNUMBER(SEARCH("/LC/","/"&SUBSTITUTE($F78," / ","/")&"/")),"oui","")) | I78: =IF($H78="","",COUNTIF(Presences!$C$5:$C$504,$B78)) | J78: =IF($H78="","",Tableau_de_bord!$B$5) | K78: =IFERROR(IF($J78=0,"",$I78/$J78),"") | L78: =IF($H78<>"oui","",IF(OR($E78="élève",$E78="élève et encadrant"),COUNTIFS($H$5:$H78,"oui",$E$5:$E78,"élève")+COUNTIFS($H$5:$H78,"oui",$E$5:$E78,"élève et encadrant"),"")) | M78: =IF($H78<>"oui","",IF(OR($E78="encadrant",$E78="élève et encadrant"),COUNTIFS($H$5:$H78,"oui",$E$5:$E78,"encadrant")+COUNTIFS($H$5:$H78,"oui",$E$5:$E78,"élève et encadrant"),"")) | N78: =IF($B78="","",TRIM(IF($D78="",$C78,$D78&" "&$C78))&" ["&$B78&"]") -> Edward LICHTNER [P010] | O78: =IF($B78="","",COUNTIF(Personnes!$D$5:$D$154,"<"&$D78)+COUNTIF($D$5:$D78,$D78)) -> 31 | P78: edwardlichtner515@gmail.com
A79: =IF($H79="","",COUNTIF($H$5:$H79,"oui")) | B79: P018 | C79: MADE | D79: Jérôme | F79: DNF / L3 / STA | H79: =IF($B79="","",IF(ISNUMBER(SEARCH("/LC/","/"&SUBSTITUTE($F79," / ","/")&"/")),"oui","")) | I79: =IF($H79="","",COUNTIF(Presences!$C$5:$C$504,$B79)) | J79: =IF($H79="","",Tableau_de_bord!$B$5) | K79: =IFERROR(IF($J79=0,"",$I79/$J79),"") | L79: =IF($H79<>"oui","",IF(OR($E79="élève",$E79="élève et encadrant"),COUNTIFS($H$5:$H79,"oui",$E$5:$E79,"élève")+COUNTIFS($H$5:$H79,"oui",$E$5:$E79,"élève et encadrant"),"")) | M79: =IF($H79<>"oui","",IF(OR($E79="encadrant",$E79="élève et encadrant"),COUNTIFS($H$5:$H79,"oui",$E$5:$E79,"encadrant")+COUNTIFS($H$5:$H79,"oui",$E$5:$E79,"élève et encadrant"),"")) | N79: =IF($B79="","",TRIM(IF($D79="",$C79,$D79&" "&$C79))&" ["&$B79&"]") -> Jérôme MADE [P018] | O79: =IF($B79="","",COUNTIF(Personnes!$D$5:$D$154,"<"&$D79)+COUNTIF($D$5:$D79,$D79)) -> 49
A80: =IF($H80="","",COUNTIF($H$5:$H80,"oui")) | B80: P075 | C80: MARCHIORI | D80: Marie | F80: DNF / L3 / STA | H80: =IF($B80="","",IF(ISNUMBER(SEARCH("/LC/","/"&SUBSTITUTE($F80," / ","/")&"/")),"oui","")) | I80: =IF($H80="","",COUNTIF(Presences!$C$5:$C$504,$B80)) | J80: =IF($H80="","",Tableau_de_bord!$B$5) | K80: =IFERROR(IF($J80=0,"",$I80/$J80),"") | L80: =IF($H80<>"oui","",IF(OR($E80="élève",$E80="élève et encadrant"),COUNTIFS($H$5:$H80,"oui",$E$5:$E80,"élève")+COUNTIFS($H$5:$H80,"oui",$E$5:$E80,"élève et encadrant"),"")) | M80: =IF($H80<>"oui","",IF(OR($E80="encadrant",$E80="élève et encadrant"),COUNTIFS($H$5:$H80,"oui",$E$5:$E80,"encadrant")+COUNTIFS($H$5:$H80,"oui",$E$5:$E80,"élève et encadrant"),"")) | N80: =IF($B80="","",TRIM(IF($D80="",$C80,$D80&" "&$C80))&" ["&$B80&"]") -> Marie MARCHIORI [P075] | O80: =IF($B80="","",COUNTIF(Personnes!$D$5:$D$154,"<"&$D80)+COUNTIF($D$5:$D80,$D80)) -> 60
A81: =IF($H81="","",COUNTIF($H$5:$H81,"oui")) | B81: P091 | C81: MASGRAU | D81: Kévin | F81: DNF / L2 / STA | H81: =IF($B81="","",IF(ISNUMBER(SEARCH("/LC/","/"&SUBSTITUTE($F81," / ","/")&"/")),"oui","")) | I81: =IF($H81="","",COUNTIF(Presences!$C$5:$C$504,$B81)) | J81: =IF($H81="","",Tableau_de_bord!$B$5) | K81: =IFERROR(IF($J81=0,"",$I81/$J81),"") | L81: =IF($H81<>"oui","",IF(OR($E81="élève",$E81="élève et encadrant"),COUNTIFS($H$5:$H81,"oui",$E$5:$E81,"élève")+COUNTIFS($H$5:$H81,"oui",$E$5:$E81,"élève et encadrant"),"")) | M81: =IF($H81<>"oui","",IF(OR($E81="encadrant",$E81="élève et encadrant"),COUNTIFS($H$5:$H81,"oui",$E$5:$E81,"encadrant")+COUNTIFS($H$5:$H81,"oui",$E$5:$E81,"élève et encadrant"),"")) | N81: =IF($B81="","",TRIM(IF($D81="",$C81,$D81&" "&$C81))&" ["&$B81&"]") -> Kévin MASGRAU [P091] | O81: =IF($B81="","",COUNTIF(Personnes!$D$5:$D$154,"<"&$D81)+COUNTIF($D$5:$D81,$D81)) -> 52
A82: =IF($H82="","",COUNTIF($H$5:$H82,"oui")) | B82: P046 | C82: MEASSON | D82: Yvan | F82: DNF / L4 / STA | H82: =IF($B82="","",IF(ISNUMBER(SEARCH("/LC/","/"&SUBSTITUTE($F82," / ","/")&"/")),"oui","")) | I82: =IF($H82="","",COUNTIF(Presences!$C$5:$C$504,$B82)) | J82: =IF($H82="","",Tableau_de_bord!$B$5) | K82: =IFERROR(IF($J82=0,"",$I82/$J82),"") | L82: =IF($H82<>"oui","",IF(OR($E82="élève",$E82="élève et encadrant"),COUNTIFS($H$5:$H82,"oui",$E$5:$E82,"élève")+COUNTIFS($H$5:$H82,"oui",$E$5:$E82,"élève et encadrant"),"")) | M82: =IF($H82<>"oui","",IF(OR($E82="encadrant",$E82="élève et encadrant"),COUNTIFS($H$5:$H82,"oui",$E$5:$E82,"encadrant")+COUNTIFS($H$5:$H82,"oui",$E$5:$E82,"élève et encadrant"),"")) | N82: =IF($B82="","",TRIM(IF($D82="",$C82,$D82&" "&$C82))&" ["&$B82&"]") -> Yvan MEASSON [P046] | O82: =IF($B82="","",COUNTIF(Personnes!$D$5:$D$154,"<"&$D82)+COUNTIF($D$5:$D82,$D82)) -> 97 | P82: ymeasson@isybot.com
A83: =IF($H83="","",COUNTIF($H$5:$H83,"oui")) | B83: P054 | C83: MEMAIN | D83: Hervé | F83: DNF / L4 / STA | H83: =IF($B83="","",IF(ISNUMBER(SEARCH("/LC/","/"&SUBSTITUTE($F83," / ","/")&"/")),"oui","")) | I83: =IF($H83="","",COUNTIF(Presences!$C$5:$C$504,$B83)) | J83: =IF($H83="","",Tableau_de_bord!$B$5) | K83: =IFERROR(IF($J83=0,"",$I83/$J83),"") | L83: =IF($H83<>"oui","",IF(OR($E83="élève",$E83="élève et encadrant"),COUNTIFS($H$5:$H83,"oui",$E$5:$E83,"élève")+COUNTIFS($H$5:$H83,"oui",$E$5:$E83,"élève et encadrant"),"")) | M83: =IF($H83<>"oui","",IF(OR($E83="encadrant",$E83="élève et encadrant"),COUNTIFS($H$5:$H83,"oui",$E$5:$E83,"encadrant")+COUNTIFS($H$5:$H83,"oui",$E$5:$E83,"élève et encadrant"),"")) | N83: =IF($B83="","",TRIM(IF($D83="",$C83,$D83&" "&$C83))&" ["&$B83&"]") -> Hervé MEMAIN [P054] | O83: =IF($B83="","",COUNTIF(Personnes!$D$5:$D$154,"<"&$D83)+COUNTIF($D$5:$D83,$D83)) -> 43 | P83: herve.memain@gmail.com
A84: =IF($H84="","",COUNTIF($H$5:$H84,"oui")) | B84: P033 | C84: MEMHELD | D84: François | F84: DNF / L2 / L4 / STA | H84: =IF($B84="","",IF(ISNUMBER(SEARCH("/LC/","/"&SUBSTITUTE($F84," / ","/")&"/")),"oui","")) | I84: =IF($H84="","",COUNTIF(Presences!$C$5:$C$504,$B84)) | J84: =IF($H84="","",Tableau_de_bord!$B$5) | K84: =IFERROR(IF($J84=0,"",$I84/$J84),"") | L84: =IF($H84<>"oui","",IF(OR($E84="élève",$E84="élève et encadrant"),COUNTIFS($H$5:$H84,"oui",$E$5:$E84,"élève")+COUNTIFS($H$5:$H84,"oui",$E$5:$E84,"élève et encadrant"),"")) | M84: =IF($H84<>"oui","",IF(OR($E84="encadrant",$E84="élève et encadrant"),COUNTIFS($H$5:$H84,"oui",$E$5:$E84,"encadrant")+COUNTIFS($H$5:$H84,"oui",$E$5:$E84,"élève et encadrant"),"")) | N84: =IF($B84="","",TRIM(IF($D84="",$C84,$D84&" "&$C84))&" ["&$B84&"]") -> François MEMHELD [P033] | O84: =IF($B84="","",COUNTIF(Personnes!$D$5:$D$154,"<"&$D84)+COUNTIF($D$5:$D84,$D84)) -> 37 | P84: francois.memheld@orange.fr
A85: =IF($H85="","",COUNTIF($H$5:$H85,"oui")) | B85: P092 | C85: NIGEN | D85: Isabelle | F85: DNF / L2 / STA | H85: =IF($B85="","",IF(ISNUMBER(SEARCH("/LC/","/"&SUBSTITUTE($F85," / ","/")&"/")),"oui","")) | I85: =IF($H85="","",COUNTIF(Presences!$C$5:$C$504,$B85)) | J85: =IF($H85="","",Tableau_de_bord!$B$5) | K85: =IFERROR(IF($J85=0,"",$I85/$J85),"") | L85: =IF($H85<>"oui","",IF(OR($E85="élève",$E85="élève et encadrant"),COUNTIFS($H$5:$H85,"oui",$E$5:$E85,"élève")+COUNTIFS($H$5:$H85,"oui",$E$5:$E85,"élève et encadrant"),"")) | M85: =IF($H85<>"oui","",IF(OR($E85="encadrant",$E85="élève et encadrant"),COUNTIFS($H$5:$H85,"oui",$E$5:$E85,"encadrant")+COUNTIFS($H$5:$H85,"oui",$E$5:$E85,"élève et encadrant"),"")) | N85: =IF($B85="","",TRIM(IF($D85="",$C85,$D85&" "&$C85))&" ["&$B85&"]") -> Isabelle NIGEN [P092] | O85: =IF($B85="","",COUNTIF(Personnes!$D$5:$D$154,"<"&$D85)+COUNTIF($D$5:$D85,$D85)) -> 44
A86: =IF($H86="","",COUNTIF($H$5:$H86,"oui")) | B86: P093 | C86: NOËL | D86: Vincent | F86: DNF / L2 / STA | H86: =IF($B86="","",IF(ISNUMBER(SEARCH("/LC/","/"&SUBSTITUTE($F86," / ","/")&"/")),"oui","")) | I86: =IF($H86="","",COUNTIF(Presences!$C$5:$C$504,$B86)) | J86: =IF($H86="","",Tableau_de_bord!$B$5) | K86: =IFERROR(IF($J86=0,"",$I86/$J86),"") | L86: =IF($H86<>"oui","",IF(OR($E86="élève",$E86="élève et encadrant"),COUNTIFS($H$5:$H86,"oui",$E$5:$E86,"élève")+COUNTIFS($H$5:$H86,"oui",$E$5:$E86,"élève et encadrant"),"")) | M86: =IF($H86<>"oui","",IF(OR($E86="encadrant",$E86="élève et encadrant"),COUNTIFS($H$5:$H86,"oui",$E$5:$E86,"encadrant")+COUNTIFS($H$5:$H86,"oui",$E$5:$E86,"élève et encadrant"),"")) | N86: =IF($B86="","",TRIM(IF($D86="",$C86,$D86&" "&$C86))&" ["&$B86&"]") -> Vincent NOËL [P093] | O86: =IF($B86="","",COUNTIF(Personnes!$D$5:$D$154,"<"&$D86)+COUNTIF($D$5:$D86,$D86)) -> 95
A87: =IF($H87="","",COUNTIF($H$5:$H87,"oui")) | B87: P020 | C87: PACTET | D87: Lucas | H87: =IF($B87="","",IF(ISNUMBER(SEARCH("/LC/","/"&SUBSTITUTE($F87," / ","/")&"/")),"oui","")) | I87: =IF($H87="","",COUNTIF(Presences!$C$5:$C$504,$B87)) | J87: =IF($H87="","",Tableau_de_bord!$B$5) | K87: =IFERROR(IF($J87=0,"",$I87/$J87),"") | L87: =IF($H87<>"oui","",IF(OR($E87="élève",$E87="élève et encadrant"),COUNTIFS($H$5:$H87,"oui",$E$5:$E87,"élève")+COUNTIFS($H$5:$H87,"oui",$E$5:$E87,"élève et encadrant"),"")) | M87: =IF($H87<>"oui","",IF(OR($E87="encadrant",$E87="élève et encadrant"),COUNTIFS($H$5:$H87,"oui",$E$5:$E87,"encadrant")+COUNTIFS($H$5:$H87,"oui",$E$5:$E87,"élève et encadrant"),"")) | N87: =IF($B87="","",TRIM(IF($D87="",$C87,$D87&" "&$C87))&" ["&$B87&"]") -> Lucas PACTET [P020] | O87: =IF($B87="","",COUNTIF(Personnes!$D$5:$D$154,"<"&$D87)+COUNTIF($D$5:$D87,$D87)) -> 57
A88: =IF($H88="","",COUNTIF($H$5:$H88,"oui")) | B88: P059 | C88: PALUD | D88: Sébastien | F88: DNF / L3 / STA | H88: =IF($B88="","",IF(ISNUMBER(SEARCH("/LC/","/"&SUBSTITUTE($F88," / ","/")&"/")),"oui","")) | I88: =IF($H88="","",COUNTIF(Presences!$C$5:$C$504,$B88)) | J88: =IF($H88="","",Tableau_de_bord!$B$5) | K88: =IFERROR(IF($J88=0,"",$I88/$J88),"") | L88: =IF($H88<>"oui","",IF(OR($E88="élève",$E88="élève et encadrant"),COUNTIFS($H$5:$H88,"oui",$E$5:$E88,"élève")+COUNTIFS($H$5:$H88,"oui",$E$5:$E88,"élève et encadrant"),"")) | M88: =IF($H88<>"oui","",IF(OR($E88="encadrant",$E88="élève et encadrant"),COUNTIFS($H$5:$H88,"oui",$E$5:$E88,"encadrant")+COUNTIFS($H$5:$H88,"oui",$E$5:$E88,"élève et encadrant"),"")) | N88: =IF($B88="","",TRIM(IF($D88="",$C88,$D88&" "&$C88))&" ["&$B88&"]") -> Sébastien PALUD [P059] | O88: =IF($B88="","",COUNTIF(Personnes!$D$5:$D$154,"<"&$D88)+COUNTIF($D$5:$D88,$D88)) -> 84 | P88: sebastien.palud@gmail.com
A89: =IF($H89="","",COUNTIF($H$5:$H89,"oui")) | B89: P016 | C89: PEINADO | D89: Jérémy | F89: DNF / L3 / STA | H89: =IF($B89="","",IF(ISNUMBER(SEARCH("/LC/","/"&SUBSTITUTE($F89," / ","/")&"/")),"oui","")) | I89: =IF($H89="","",COUNTIF(Presences!$C$5:$C$504,$B89)) | J89: =IF($H89="","",Tableau_de_bord!$B$5) | K89: =IFERROR(IF($J89=0,"",$I89/$J89),"") | L89: =IF($H89<>"oui","",IF(OR($E89="élève",$E89="élève et encadrant"),COUNTIFS($H$5:$H89,"oui",$E$5:$E89,"élève")+COUNTIFS($H$5:$H89,"oui",$E$5:$E89,"élève et encadrant"),"")) | M89: =IF($H89<>"oui","",IF(OR($E89="encadrant",$E89="élève et encadrant"),COUNTIFS($H$5:$H89,"oui",$E$5:$E89,"encadrant")+COUNTIFS($H$5:$H89,"oui",$E$5:$E89,"élève et encadrant"),"")) | N89: =IF($B89="","",TRIM(IF($D89="",$C89,$D89&" "&$C89))&" ["&$B89&"]") -> Jérémy PEINADO [P016] | O89: =IF($B89="","",COUNTIF(Personnes!$D$5:$D$154,"<"&$D89)+COUNTIF($D$5:$D89,$D89)) -> 46
A90: =IF($H90="","",COUNTIF($H$5:$H90,"oui")) | B90: P064 | C90: SAINT MARTIN | D90: Leo | F90: DNF / L4 / STA | H90: =IF($B90="","",IF(ISNUMBER(SEARCH("/LC/","/"&SUBSTITUTE($F90," / ","/")&"/")),"oui","")) | I90: =IF($H90="","",COUNTIF(Presences!$C$5:$C$504,$B90)) | J90: =IF($H90="","",Tableau_de_bord!$B$5) | K90: =IFERROR(IF($J90=0,"",$I90/$J90),"") | L90: =IF($H90<>"oui","",IF(OR($E90="élève",$E90="élève et encadrant"),COUNTIFS($H$5:$H90,"oui",$E$5:$E90,"élève")+COUNTIFS($H$5:$H90,"oui",$E$5:$E90,"élève et encadrant"),"")) | M90: =IF($H90<>"oui","",IF(OR($E90="encadrant",$E90="élève et encadrant"),COUNTIFS($H$5:$H90,"oui",$E$5:$E90,"encadrant")+COUNTIFS($H$5:$H90,"oui",$E$5:$E90,"élève et encadrant"),"")) | N90: =IF($B90="","",TRIM(IF($D90="",$C90,$D90&" "&$C90))&" ["&$B90&"]") -> Leo SAINT MARTIN [P064] | O90: =IF($B90="","",COUNTIF(Personnes!$D$5:$D$154,"<"&$D90)+COUNTIF($D$5:$D90,$D90)) -> 55 | P90: leo.saintmartin@outlook.fr
A91: =IF($H91="","",COUNTIF($H$5:$H91,"oui")) | B91: P094 | C91: SEVEDO | D91: Theo | F91: DNF / L2 / STA | H91: =IF($B91="","",IF(ISNUMBER(SEARCH("/LC/","/"&SUBSTITUTE($F91," / ","/")&"/")),"oui","")) | I91: =IF($H91="","",COUNTIF(Presences!$C$5:$C$504,$B91)) | J91: =IF($H91="","",Tableau_de_bord!$B$5) | K91: =IFERROR(IF($J91=0,"",$I91/$J91),"") | L91: =IF($H91<>"oui","",IF(OR($E91="élève",$E91="élève et encadrant"),COUNTIFS($H$5:$H91,"oui",$E$5:$E91,"élève")+COUNTIFS($H$5:$H91,"oui",$E$5:$E91,"élève et encadrant"),"")) | M91: =IF($H91<>"oui","",IF(OR($E91="encadrant",$E91="élève et encadrant"),COUNTIFS($H$5:$H91,"oui",$E$5:$E91,"encadrant")+COUNTIFS($H$5:$H91,"oui",$E$5:$E91,"élève et encadrant"),"")) | N91: =IF($B91="","",TRIM(IF($D91="",$C91,$D91&" "&$C91))&" ["&$B91&"]") -> Theo SEVEDO [P094] | O91: =IF($B91="","",COUNTIF(Personnes!$D$5:$D$154,"<"&$D91)+COUNTIF($D$5:$D91,$D91)) -> 91
A92: =IF($H92="","",COUNTIF($H$5:$H92,"oui")) | B92: P099 | C92: SIKORA | D92: Viktor | F92: DNF / L4 / STA | H92: =IF($B92="","",IF(ISNUMBER(SEARCH("/LC/","/"&SUBSTITUTE($F92," / ","/")&"/")),"oui","")) | I92: =IF($H92="","",COUNTIF(Presences!$C$5:$C$504,$B92)) | J92: =IF($H92="","",Tableau_de_bord!$B$5) | K92: =IFERROR(IF($J92=0,"",$I92/$J92),"") | L92: =IF($H92<>"oui","",IF(OR($E92="élève",$E92="élève et encadrant"),COUNTIFS($H$5:$H92,"oui",$E$5:$E92,"élève")+COUNTIFS($H$5:$H92,"oui",$E$5:$E92,"élève et encadrant"),"")) | M92: =IF($H92<>"oui","",IF(OR($E92="encadrant",$E92="élève et encadrant"),COUNTIFS($H$5:$H92,"oui",$E$5:$E92,"encadrant")+COUNTIFS($H$5:$H92,"oui",$E$5:$E92,"élève et encadrant"),"")) | N92: =IF($B92="","",TRIM(IF($D92="",$C92,$D92&" "&$C92))&" ["&$B92&"]") -> Viktor SIKORA [P099] | O92: =IF($B92="","",COUNTIF(Personnes!$D$5:$D$154,"<"&$D92)+COUNTIF($D$5:$D92,$D92)) -> 94
A93: =IF($H93="","",COUNTIF($H$5:$H93,"oui")) | B93: P047 | C93: STANKIEWICZ | D93: Katarina | F93: DNF / L4 / STA | H93: =IF($B93="","",IF(ISNUMBER(SEARCH("/LC/","/"&SUBSTITUTE($F93," / ","/")&"/")),"oui","")) | I93: =IF($H93="","",COUNTIF(Presences!$C$5:$C$504,$B93)) | J93: =IF($H93="","",Tableau_de_bord!$B$5) | K93: =IFERROR(IF($J93=0,"",$I93/$J93),"") | L93: =IF($H93<>"oui","",IF(OR($E93="élève",$E93="élève et encadrant"),COUNTIFS($H$5:$H93,"oui",$E$5:$E93,"élève")+COUNTIFS($H$5:$H93,"oui",$E$5:$E93,"élève et encadrant"),"")) | M93: =IF($H93<>"oui","",IF(OR($E93="encadrant",$E93="élève et encadrant"),COUNTIFS($H$5:$H93,"oui",$E$5:$E93,"encadrant")+COUNTIFS($H$5:$H93,"oui",$E$5:$E93,"élève et encadrant"),"")) | N93: =IF($B93="","",TRIM(IF($D93="",$C93,$D93&" "&$C93))&" ["&$B93&"]") -> Katarina STANKIEWICZ [P047] | O93: =IF($B93="","",COUNTIF(Personnes!$D$5:$D$154,"<"&$D93)+COUNTIF($D$5:$D93,$D93)) -> 51 | P93: kasia.milena@gmail.com
A94: =IF($H94="","",COUNTIF($H$5:$H94,"oui")) | B94: P095 | C94: TESSON | D94: Marine | F94: DNF / L2 / STA | H94: =IF($B94="","",IF(ISNUMBER(SEARCH("/LC/","/"&SUBSTITUTE($F94," / ","/")&"/")),"oui","")) | I94: =IF($H94="","",COUNTIF(Presences!$C$5:$C$504,$B94)) | J94: =IF($H94="","",Tableau_de_bord!$B$5) | K94: =IFERROR(IF($J94=0,"",$I94/$J94),"") | L94: =IF($H94<>"oui","",IF(OR($E94="élève",$E94="élève et encadrant"),COUNTIFS($H$5:$H94,"oui",$E$5:$E94,"élève")+COUNTIFS($H$5:$H94,"oui",$E$5:$E94,"élève et encadrant"),"")) | M94: =IF($H94<>"oui","",IF(OR($E94="encadrant",$E94="élève et encadrant"),COUNTIFS($H$5:$H94,"oui",$E$5:$E94,"encadrant")+COUNTIFS($H$5:$H94,"oui",$E$5:$E94,"élève et encadrant"),"")) | N94: =IF($B94="","",TRIM(IF($D94="",$C94,$D94&" "&$C94))&" ["&$B94&"]") -> Marine TESSON [P095] | O94: =IF($B94="","",COUNTIF(Personnes!$D$5:$D$154,"<"&$D94)+COUNTIF($D$5:$D94,$D94)) -> 62
A95: =IF($H95="","",COUNTIF($H$5:$H95,"oui")) | B95: P026 | C95: VALENTINI | D95: Pauline | F95: DNF / L3 / STA | H95: =IF($B95="","",IF(ISNUMBER(SEARCH("/LC/","/"&SUBSTITUTE($F95," / ","/")&"/")),"oui","")) | I95: =IF($H95="","",COUNTIF(Presences!$C$5:$C$504,$B95)) | J95: =IF($H95="","",Tableau_de_bord!$B$5) | K95: =IFERROR(IF($J95=0,"",$I95/$J95),"") | L95: =IF($H95<>"oui","",IF(OR($E95="élève",$E95="élève et encadrant"),COUNTIFS($H$5:$H95,"oui",$E$5:$E95,"élève")+COUNTIFS($H$5:$H95,"oui",$E$5:$E95,"élève et encadrant"),"")) | M95: =IF($H95<>"oui","",IF(OR($E95="encadrant",$E95="élève et encadrant"),COUNTIFS($H$5:$H95,"oui",$E$5:$E95,"encadrant")+COUNTIFS($H$5:$H95,"oui",$E$5:$E95,"élève et encadrant"),"")) | N95: =IF($B95="","",TRIM(IF($D95="",$C95,$D95&" "&$C95))&" ["&$B95&"]") -> Pauline VALENTINI [P026] | O95: =IF($B95="","",COUNTIF(Personnes!$D$5:$D$154,"<"&$D95)+COUNTIF($D$5:$D95,$D95)) -> 73 | P95: p.valentini@hotmail.fr
A96: =IF($H96="","",COUNTIF($H$5:$H96,"oui")) | B96: P062 | C96: VENOT | D96: Eric | H96: =IF($B96="","",IF(ISNUMBER(SEARCH("/LC/","/"&SUBSTITUTE($F96," / ","/")&"/")),"oui","")) | I96: =IF($H96="","",COUNTIF(Presences!$C$5:$C$504,$B96)) | J96: =IF($H96="","",Tableau_de_bord!$B$5) | K96: =IFERROR(IF($J96=0,"",$I96/$J96),"") | L96: =IF($H96<>"oui","",IF(OR($E96="élève",$E96="élève et encadrant"),COUNTIFS($H$5:$H96,"oui",$E$5:$E96,"élève")+COUNTIFS($H$5:$H96,"oui",$E$5:$E96,"élève et encadrant"),"")) | M96: =IF($H96<>"oui","",IF(OR($E96="encadrant",$E96="élève et encadrant"),COUNTIFS($H$5:$H96,"oui",$E$5:$E96,"encadrant")+COUNTIFS($H$5:$H96,"oui",$E$5:$E96,"élève et encadrant"),"")) | N96: =IF($B96="","",TRIM(IF($D96="",$C96,$D96&" "&$C96))&" ["&$B96&"]") -> Eric VENOT [P062] | O96: =IF($B96="","",COUNTIF(Personnes!$D$5:$D$154,"<"&$D96)+COUNTIF($D$5:$D96,$D96)) -> 32 | P96: ericvenot@hotmail.com
A97: =IF($H97="","",COUNTIF($H$5:$H97,"oui")) | B97: P036 | C97: WALLON | D97: Sandry | F97: DNF / L3 / STA | H97: =IF($B97="","",IF(ISNUMBER(SEARCH("/LC/","/"&SUBSTITUTE($F97," / ","/")&"/")),"oui","")) | I97: =IF($H97="","",COUNTIF(Presences!$C$5:$C$504,$B97)) | J97: =IF($H97="","",Tableau_de_bord!$B$5) | K97: =IFERROR(IF($J97=0,"",$I97/$J97),"") | L97: =IF($H97<>"oui","",IF(OR($E97="élève",$E97="élève et encadrant"),COUNTIFS($H$5:$H97,"oui",$E$5:$E97,"élève")+COUNTIFS($H$5:$H97,"oui",$E$5:$E97,"élève et encadrant"),"")) | M97: =IF($H97<>"oui","",IF(OR($E97="encadrant",$E97="élève et encadrant"),COUNTIFS($H$5:$H97,"oui",$E$5:$E97,"encadrant")+COUNTIFS($H$5:$H97,"oui",$E$5:$E97,"élève et encadrant"),"")) | N97: =IF($B97="","",TRIM(IF($D97="",$C97,$D97&" "&$C97))&" ["&$B97&"]") -> Sandry WALLON [P036] | O97: =IF($B97="","",COUNTIF(Personnes!$D$5:$D$154,"<"&$D97)+COUNTIF($D$5:$D97,$D97)) -> 81 | P97: sandry.wallon@gmail.com
A98: =IF($H98="","",COUNTIF($H$5:$H98,"oui")) | B98: P096 | C98: WALLON | D98: Sylvie | F98: DNF / L2 / STA | H98: =IF($B98="","",IF(ISNUMBER(SEARCH("/LC/","/"&SUBSTITUTE($F98," / ","/")&"/")),"oui","")) | I98: =IF($H98="","",COUNTIF(Presences!$C$5:$C$504,$B98)) | J98: =IF($H98="","",Tableau_de_bord!$B$5) | K98: =IFERROR(IF($J98=0,"",$I98/$J98),"") | L98: =IF($H98<>"oui","",IF(OR($E98="élève",$E98="élève et encadrant"),COUNTIFS($H$5:$H98,"oui",$E$5:$E98,"élève")+COUNTIFS($H$5:$H98,"oui",$E$5:$E98,"élève et encadrant"),"")) | M98: =IF($H98<>"oui","",IF(OR($E98="encadrant",$E98="élève et encadrant"),COUNTIFS($H$5:$H98,"oui",$E$5:$E98,"encadrant")+COUNTIFS($H$5:$H98,"oui",$E$5:$E98,"élève et encadrant"),"")) | N98: =IF($B98="","",TRIM(IF($D98="",$C98,$D98&" "&$C98))&" ["&$B98&"]") -> Sylvie WALLON [P096] | O98: =IF($B98="","",COUNTIF(Personnes!$D$5:$D$154,"<"&$D98)+COUNTIF($D$5:$D98,$D98)) -> 90
A99: =IF($H99="","",COUNTIF($H$5:$H99,"oui")) | B99: P013 | C99: WANG | D99: Francis | F99: DNF / L4 / STA | H99: =IF($B99="","",IF(ISNUMBER(SEARCH("/LC/","/"&SUBSTITUTE($F99," / ","/")&"/")),"oui","")) | I99: =IF($H99="","",COUNTIF(Presences!$C$5:$C$504,$B99)) | J99: =IF($H99="","",Tableau_de_bord!$B$5) | K99: =IFERROR(IF($J99=0,"",$I99/$J99),"") | L99: =IF($H99<>"oui","",IF(OR($E99="élève",$E99="élève et encadrant"),COUNTIFS($H$5:$H99,"oui",$E$5:$E99,"élève")+COUNTIFS($H$5:$H99,"oui",$E$5:$E99,"élève et encadrant"),"")) | M99: =IF($H99<>"oui","",IF(OR($E99="encadrant",$E99="élève et encadrant"),COUNTIFS($H$5:$H99,"oui",$E$5:$E99,"encadrant")+COUNTIFS($H$5:$H99,"oui",$E$5:$E99,"élève et encadrant"),"")) | N99: =IF($B99="","",TRIM(IF($D99="",$C99,$D99&" "&$C99))&" ["&$B99&"]") -> Francis WANG [P013] | O99: =IF($B99="","",COUNTIF(Personnes!$D$5:$D$154,"<"&$D99)+COUNTIF($D$5:$D99,$D99)) -> 35 | P99: frawan@gmail.com
A100: =IF($H100="","",COUNTIF($H$5:$H100,"oui")) | B100: P021 | C100: YOUNSSI | D100: Mariem | F100: DNF / L3 / STA | H100: =IF($B100="","",IF(ISNUMBER(SEARCH("/LC/","/"&SUBSTITUTE($F100," / ","/")&"/")),"oui","")) | I100: =IF($H100="","",COUNTIF(Presences!$C$5:$C$504,$B100)) | J100: =IF($H100="","",Tableau_de_bord!$B$5) | K100: =IFERROR(IF($J100=0,"",$I100/$J100),"") | L100: =IF($H100<>"oui","",IF(OR($E100="élève",$E100="élève et encadrant"),COUNTIFS($H$5:$H100,"oui",$E$5:$E100,"élève")+COUNTIFS($H$5:$H100,"oui",$E$5:$E100,"élève et encadrant"),"")) | M100: =IF($H100<>"oui","",IF(OR($E100="encadrant",$E100="élève et encadrant"),COUNTIFS($H$5:$H100,"oui",$E$5:$E100,"encadrant")+COUNTIFS($H$5:$H100,"oui",$E$5:$E100,"élève et encadrant"),"")) | N100: =IF($B100="","",TRIM(IF($D100="",$C100,$D100&" "&$C100))&" ["&$B100&"]") -> Mariem YOUNSSI [P021] | O100: =IF($B100="","",COUNTIF(Personnes!$D$5:$D$154,"<"&$D100)+COUNTIF($D$5:$D100,$D100)) -> 61
A101: =IF($H101="","",COUNTIF($H$5:$H101,"oui")) | B101: P065 | D101: Suah | H101: =IF($B101="","",IF(ISNUMBER(SEARCH("/LC/","/"&SUBSTITUTE($F101," / ","/")&"/")),"oui","")) | I101: =IF($H101="","",COUNTIF(Presences!$C$5:$C$504,$B101)) | J101: =IF($H101="","",Tableau_de_bord!$B$5) | K101: =IFERROR(IF($J101=0,"",$I101/$J101),"") | L101: =IF($H101<>"oui","",IF(OR($E101="élève",$E101="élève et encadrant"),COUNTIFS($H$5:$H101,"oui",$E$5:$E101,"élève")+COUNTIFS($H$5:$H101,"oui",$E$5:$E101,"élève et encadrant"),"")) | M101: =IF($H101<>"oui","",IF(OR($E101="encadrant",$E101="élève et encadrant"),COUNTIFS($H$5:$H101,"oui",$E$5:$E101,"encadrant")+COUNTIFS($H$5:$H101,"oui",$E$5:$E101,"élève et encadrant"),"")) | N101: =IF($B101="","",TRIM(IF($D101="",$C101,$D101&" "&$C101))&" ["&$B101&"]") -> Suah [P065] | O101: =IF($B101="","",COUNTIF(Personnes!$D$5:$D$154,"<"&$D101)+COUNTIF($D$5:$D101,$D101)) -> 88
...

Sheet Calendrier
A1: Calendrier des séances — ligne LC — Compétition
A2: Choisissez le créneau : jour, bassin et groupe se remplissent seuls. Le responsable de ligne est déduit de l'onglet Responsables.
A4: ID séance | B4: Date | C4: Jour | D4: Créneau | E4: Créneau (ID) | F4: Bassin | G4: Groupe | H4: Nature | I4: Statut | J4: Directeur de bassin — début du nom | K4: DP (ID) | L4: DP — nom | M4: DP — prénom | N4: Responsable remplaçant — début du nom | O4: Responsable (ID) | P4: Resp. — nom | Q4: Resp. — prénom | R4: Plan de séance (texte ou lien) | S4: Commentaire | T4: Nb de présents | U4: Contrôle
A5: =IF($B5="","","S"&TEXT(COUNTIF($B$5:$B5,"<>"),"000")&" — "&TEXT(DAY($B5),"00")&"/"&TEXT(MONTH($B5),"00")&"/"&YEAR($B5)&" ("&$C5&")") -> S001 — 12/09/2026 (samedi) | B5: 46277 | C5: =IF($B5="","",IFERROR(INDEX(Listes!$A$2:$A$8,WEEKDAY($B5,2)),"")) -> samedi | D5: CR-SAM — samedi 10h30-12h00 · B50 [CR-SAM] | E5: =IFERROR(MID($D5,FIND("[",$D5)+1,FIND("]",$D5)-FIND("[",$D5)-1),"") -> CR-SAM | F5: =IFERROR(IF($E5="","",INDEX(Referentiel!$E$54:$E$63,MATCH($E5,Referentiel!$A$54:$A$63,0))&""),"") -> B50 | G5: =IFERROR(IF($E5="","",INDEX(Referentiel!$F$54:$F$63,MATCH($E5,Referentiel!$A$54:$A$63,0))&""),"") -> LC | I5: planifiée | K5: =IF($J5="","",IFERROR(IF(ISNUMBER(FIND("[",$J5)),MID($J5,FIND("[",$J5)+1,FIND("]",$J5)-FIND("[",$J5)-1),IF(ISNUMBER($J5),INDEX(Personnes!$B$5:$B$154,MATCH($J5,Personnes!$A$5:$A$154,0)),IFERROR(INDEX(Personnes!$B$5:$B$154,MATCH($J5&"*",Personnes!$C$5:$C$154,0)),INDEX(Personnes!$B$5:$B$154,MATCH($J5&"*",Personnes!$D$5:$D$154,0))))),"")) | L5: =IFERROR(INDEX(Personnes!$C$5:$C$154,MATCH($K5,Personnes!$B$5:$B$154,0))&"","") | M5: =IFERROR(INDEX(Personnes!$D$5:$D$154,MATCH($K5,Personnes!$B$5:$B$154,0))&"","") | O5: =IF($N5<>"",IF($N5="","",IFERROR(IF(ISNUMBER(FIND("[",$N5)),MID($N5,FIND("[",$N5)+1,FIND("]",$N5)-FIND("[",$N5)-1),IF(ISNUMBER($N5),INDEX(Personnes!$B$5:$B$154,MATCH($N5,Personnes!$A$5:$A$154,0)),IFERROR(INDEX(Personnes!$B$5:$B$154,MATCH($N5&"*",Personnes!$C$5:$C$154,0)),INDEX(Personnes!$B$5:$B$154,MATCH($N5&"*",Personnes!$D$5:$D$154,0))))),"")),IF($E5="","",IFERROR(INDEX(Referentiel!$H$54:$H$63,MATCH($E5,Referentiel!$A$54:$A$63,0)),""))) -> P045 | P5: =IFERROR(INDEX(Personnes!$C$5:$C$154,MATCH($O5,Personnes!$B$5:$B$154,0))&"","") -> SEGUI | Q5: =IFERROR(INDEX(Personnes!$D$5:$D$154,MATCH($O5,Personnes!$B$5:$B$154,0))&"","") -> Danny | T5: =IF($A5="","",COUNTIFS(Presences!$A$5:$A$504,$A5,Presences!$C$5:$C$504,"<>")) -> 0 | U5: =IF($A5="","",IF(AND($J5<>"",$K5=""),"DP non reconnu",IF(AND($K5<>"",COUNTIF(Referentiel!$A$81:$A$110,$K5)=0),"DP sans qualification Sécurité valide",IF(AND($N5<>"",$O5=""),"responsable non reconnu",IF(AND($G5<>"",$G5<>"LC"),"créneau rattaché à un autre groupe",IF($I5<>"tenue","",IF(OR($K5="",$O5=""),"couverture incomplète","ok")))))))
A6: =IF($B6="","","S"&TEXT(COUNTIF($B$5:$B6,"<>"),"000")&" — "&TEXT(DAY($B6),"00")&"/"&TEXT(MONTH($B6),"00")&"/"&YEAR($B6)&" ("&$C6&")") -> S002 — 19/09/2026 (samedi) | B6: 46284 | C6: =IF($B6="","",IFERROR(INDEX(Listes!$A$2:$A$8,WEEKDAY($B6,2)),"")) -> samedi | D6: CR-SAM — samedi 10h30-12h00 · B50 [CR-SAM] | E6: =IFERROR(MID($D6,FIND("[",$D6)+1,FIND("]",$D6)-FIND("[",$D6)-1),"") -> CR-SAM | F6: =IFERROR(IF($E6="","",INDEX(Referentiel!$E$54:$E$63,MATCH($E6,Referentiel!$A$54:$A$63,0))&""),"") -> B50 | G6: =IFERROR(IF($E6="","",INDEX(Referentiel!$F$54:$F$63,MATCH($E6,Referentiel!$A$54:$A$63,0))&""),"") -> LC | I6: planifiée | K6: =IF($J6="","",IFERROR(IF(ISNUMBER(FIND("[",$J6)),MID($J6,FIND("[",$J6)+1,FIND("]",$J6)-FIND("[",$J6)-1),IF(ISNUMBER($J6),INDEX(Personnes!$B$5:$B$154,MATCH($J6,Personnes!$A$5:$A$154,0)),IFERROR(INDEX(Personnes!$B$5:$B$154,MATCH($J6&"*",Personnes!$C$5:$C$154,0)),INDEX(Personnes!$B$5:$B$154,MATCH($J6&"*",Personnes!$D$5:$D$154,0))))),"")) | L6: =IFERROR(INDEX(Personnes!$C$5:$C$154,MATCH($K6,Personnes!$B$5:$B$154,0))&"","") | M6: =IFERROR(INDEX(Personnes!$D$5:$D$154,MATCH($K6,Personnes!$B$5:$B$154,0))&"","") | O6: =IF($N6<>"",IF($N6="","",IFERROR(IF(ISNUMBER(FIND("[",$N6)),MID($N6,FIND("[",$N6)+1,FIND("]",$N6)-FIND("[",$N6)-1),IF(ISNUMBER($N6),INDEX(Personnes!$B$5:$B$154,MATCH($N6,Personnes!$A$5:$A$154,0)),IFERROR(INDEX(Personnes!$B$5:$B$154,MATCH($N6&"*",Personnes!$C$5:$C$154,0)),INDEX(Personnes!$B$5:$B$154,MATCH($N6&"*",Personnes!$D$5:$D$154,0))))),"")),IF($E6="","",IFERROR(INDEX(Referentiel!$H$54:$H$63,MATCH($E6,Referentiel!$A$54:$A$63,0)),""))) -> P045 | P6: =IFERROR(INDEX(Personnes!$C$5:$C$154,MATCH($O6,Personnes!$B$5:$B$154,0))&"","") -> SEGUI | Q6: =IFERROR(INDEX(Personnes!$D$5:$D$154,MATCH($O6,Personnes!$B$5:$B$154,0))&"","") -> Danny | T6: =IF($A6="","",COUNTIFS(Presences!$A$5:$A$504,$A6,Presences!$C$5:$C$504,"<>")) -> 0 | U6: =IF($A6="","",IF(AND($J6<>"",$K6=""),"DP non reconnu",IF(AND($K6<>"",COUNTIF(Referentiel!$A$81:$A$110,$K6)=0),"DP sans qualification Sécurité valide",IF(AND($N6<>"",$O6=""),"responsable non reconnu",IF(AND($G6<>"",$G6<>"LC"),"créneau rattaché à un autre groupe",IF($I6<>"tenue","",IF(OR($K6="",$O6=""),"couverture incomplète","ok")))))))
A7: =IF($B7="","","S"&TEXT(COUNTIF($B$5:$B7,"<>"),"000")&" — "&TEXT(DAY($B7),"00")&"/"&TEXT(MONTH($B7),"00")&"/"&YEAR($B7)&" ("&$C7&")") -> S003 — 26/09/2026 (samedi) | B7: 46291 | C7: =IF($B7="","",IFERROR(INDEX(Listes!$A$2:$A$8,WEEKDAY($B7,2)),"")) -> samedi | D7: CR-SAM — samedi 10h30-12h00 · B50 [CR-SAM] | E7: =IFERROR(MID($D7,FIND("[",$D7)+1,FIND("]",$D7)-FIND("[",$D7)-1),"") -> CR-SAM | F7: =IFERROR(IF($E7="","",INDEX(Referentiel!$E$54:$E$63,MATCH($E7,Referentiel!$A$54:$A$63,0))&""),"") -> B50 | G7: =IFERROR(IF($E7="","",INDEX(Referentiel!$F$54:$F$63,MATCH($E7,Referentiel!$A$54:$A$63,0))&""),"") -> LC | I7: planifiée | K7: =IF($J7="","",IFERROR(IF(ISNUMBER(FIND("[",$J7)),MID($J7,FIND("[",$J7)+1,FIND("]",$J7)-FIND("[",$J7)-1),IF(ISNUMBER($J7),INDEX(Personnes!$B$5:$B$154,MATCH($J7,Personnes!$A$5:$A$154,0)),IFERROR(INDEX(Personnes!$B$5:$B$154,MATCH($J7&"*",Personnes!$C$5:$C$154,0)),INDEX(Personnes!$B$5:$B$154,MATCH($J7&"*",Personnes!$D$5:$D$154,0))))),"")) | L7: =IFERROR(INDEX(Personnes!$C$5:$C$154,MATCH($K7,Personnes!$B$5:$B$154,0))&"","") | M7: =IFERROR(INDEX(Personnes!$D$5:$D$154,MATCH($K7,Personnes!$B$5:$B$154,0))&"","") | O7: =IF($N7<>"",IF($N7="","",IFERROR(IF(ISNUMBER(FIND("[",$N7)),MID($N7,FIND("[",$N7)+1,FIND("]",$N7)-FIND("[",$N7)-1),IF(ISNUMBER($N7),INDEX(Personnes!$B$5:$B$154,MATCH($N7,Personnes!$A$5:$A$154,0)),IFERROR(INDEX(Personnes!$B$5:$B$154,MATCH($N7&"*",Personnes!$C$5:$C$154,0)),INDEX(Personnes!$B$5:$B$154,MATCH($N7&"*",Personnes!$D$5:$D$154,0))))),"")),IF($E7="","",IFERROR(INDEX(Referentiel!$H$54:$H$63,MATCH($E7,Referentiel!$A$54:$A$63,0)),""))) -> P045 | P7: =IFERROR(INDEX(Personnes!$C$5:$C$154,MATCH($O7,Personnes!$B$5:$B$154,0))&"","") -> SEGUI | Q7: =IFERROR(INDEX(Personnes!$D$5:$D$154,MATCH($O7,Personnes!$B$5:$B$154,0))&"","") -> Danny | T7: =IF($A7="","",COUNTIFS(Presences!$A$5:$A$504,$A7,Presences!$C$5:$C$504,"<>")) -> 0 | U7: =IF($A7="","",IF(AND($J7<>"",$K7=""),"DP non reconnu",IF(AND($K7<>"",COUNTIF(Referentiel!$A$81:$A$110,$K7)=0),"DP sans qualification Sécurité valide",IF(AND($N7<>"",$O7=""),"responsable non reconnu",IF(AND($G7<>"",$G7<>"LC"),"créneau rattaché à un autre groupe",IF($I7<>"tenue","",IF(OR($K7="",$O7=""),"couverture incomplète","ok")))))))
A8: =IF($B8="","","S"&TEXT(COUNTIF($B$5:$B8,"<>"),"000")&" — "&TEXT(DAY($B8),"00")&"/"&TEXT(MONTH($B8),"00")&"/"&YEAR($B8)&" ("&$C8&")") -> S004 — 03/10/2026 (samedi) | B8: 46298 | C8: =IF($B8="","",IFERROR(INDEX(Listes!$A$2:$A$8,WEEKDAY($B8,2)),"")) -> samedi | D8: CR-SAM — samedi 10h30-12h00 · B50 [CR-SAM] | E8: =IFERROR(MID($D8,FIND("[",$D8)+1,FIND("]",$D8)-FIND("[",$D8)-1),"") -> CR-SAM | F8: =IFERROR(IF($E8="","",INDEX(Referentiel!$E$54:$E$63,MATCH($E8,Referentiel!$A$54:$A$63,0))&""),"") -> B50 | G8: =IFERROR(IF($E8="","",INDEX(Referentiel!$F$54:$F$63,MATCH($E8,Referentiel!$A$54:$A$63,0))&""),"") -> LC | I8: planifiée | K8: =IF($J8="","",IFERROR(IF(ISNUMBER(FIND("[",$J8)),MID($J8,FIND("[",$J8)+1,FIND("]",$J8)-FIND("[",$J8)-1),IF(ISNUMBER($J8),INDEX(Personnes!$B$5:$B$154,MATCH($J8,Personnes!$A$5:$A$154,0)),IFERROR(INDEX(Personnes!$B$5:$B$154,MATCH($J8&"*",Personnes!$C$5:$C$154,0)),INDEX(Personnes!$B$5:$B$154,MATCH($J8&"*",Personnes!$D$5:$D$154,0))))),"")) | L8: =IFERROR(INDEX(Personnes!$C$5:$C$154,MATCH($K8,Personnes!$B$5:$B$154,0))&"","") | M8: =IFERROR(INDEX(Personnes!$D$5:$D$154,MATCH($K8,Personnes!$B$5:$B$154,0))&"","") | O8: =IF($N8<>"",IF($N8="","",IFERROR(IF(ISNUMBER(FIND("[",$N8)),MID($N8,FIND("[",$N8)+1,FIND("]",$N8)-FIND("[",$N8)-1),IF(ISNUMBER($N8),INDEX(Personnes!$B$5:$B$154,MATCH($N8,Personnes!$A$5:$A$154,0)),IFERROR(INDEX(Personnes!$B$5:$B$154,MATCH($N8&"*",Personnes!$C$5:$C$154,0)),INDEX(Personnes!$B$5:$B$154,MATCH($N8&"*",Personnes!$D$5:$D$154,0))))),"")),IF($E8="","",IFERROR(INDEX(Referentiel!$H$54:$H$63,MATCH($E8,Referentiel!$A$54:$A$63,0)),""))) -> P045 | P8: =IFERROR(INDEX(Personnes!$C$5:$C$154,MATCH($O8,Personnes!$B$5:$B$154,0))&"","") -> SEGUI | Q8: =IFERROR(INDEX(Personnes!$D$5:$D$154,MATCH($O8,Personnes!$B$5:$B$154,0))&"","") -> Danny | T8: =IF($A8="","",COUNTIFS(Presences!$A$5:$A$504,$A8,Presences!$C$5:$C$504,"<>")) -> 0 | U8: =IF($A8="","",IF(AND($J8<>"",$K8=""),"DP non reconnu",IF(AND($K8<>"",COUNTIF(Referentiel!$A$81:$A$110,$K8)=0),"DP sans qualification Sécurité valide",IF(AND($N8<>"",$O8=""),"responsable non reconnu",IF(AND($G8<>"",$G8<>"LC"),"créneau rattaché à un autre groupe",IF($I8<>"tenue","",IF(OR($K8="",$O8=""),"couverture incomplète","ok")))))))
A9: =IF($B9="","","S"&TEXT(COUNTIF($B$5:$B9,"<>"),"000")&" — "&TEXT(DAY($B9),"00")&"/"&TEXT(MONTH($B9),"00")&"/"&YEAR($B9)&" ("&$C9&")") -> S005 — 10/10/2026 (samedi) | B9: 46305 | C9: =IF($B9="","",IFERROR(INDEX(Listes!$A$2:$A$8,WEEKDAY($B9,2)),"")) -> samedi | D9: CR-SAM — samedi 10h30-12h00 · B50 [CR-SAM] | E9: =IFERROR(MID($D9,FIND("[",$D9)+1,FIND("]",$D9)-FIND("[",$D9)-1),"") -> CR-SAM | F9: =IFERROR(IF($E9="","",INDEX(Referentiel!$E$54:$E$63,MATCH($E9,Referentiel!$A$54:$A$63,0))&""),"") -> B50 | G9: =IFERROR(IF($E9="","",INDEX(Referentiel!$F$54:$F$63,MATCH($E9,Referentiel!$A$54:$A$63,0))&""),"") -> LC | I9: planifiée | K9: =IF($J9="","",IFERROR(IF(ISNUMBER(FIND("[",$J9)),MID($J9,FIND("[",$J9)+1,FIND("]",$J9)-FIND("[",$J9)-1),IF(ISNUMBER($J9),INDEX(Personnes!$B$5:$B$154,MATCH($J9,Personnes!$A$5:$A$154,0)),IFERROR(INDEX(Personnes!$B$5:$B$154,MATCH($J9&"*",Personnes!$C$5:$C$154,0)),INDEX(Personnes!$B$5:$B$154,MATCH($J9&"*",Personnes!$D$5:$D$154,0))))),"")) | L9: =IFERROR(INDEX(Personnes!$C$5:$C$154,MATCH($K9,Personnes!$B$5:$B$154,0))&"","") | M9: =IFERROR(INDEX(Personnes!$D$5:$D$154,MATCH($K9,Personnes!$B$5:$B$154,0))&"","") | O9: =IF($N9<>"",IF($N9="","",IFERROR(IF(ISNUMBER(FIND("[",$N9)),MID($N9,FIND("[",$N9)+1,FIND("]",$N9)-FIND("[",$N9)-1),IF(ISNUMBER($N9),INDEX(Personnes!$B$5:$B$154,MATCH($N9,Personnes!$A$5:$A$154,0)),IFERROR(INDEX(Personnes!$B$5:$B$154,MATCH($N9&"*",Personnes!$C$5:$C$154,0)),INDEX(Personnes!$B$5:$B$154,MATCH($N9&"*",Personnes!$D$5:$D$154,0))))),"")),IF($E9="","",IFERROR(INDEX(Referentiel!$H$54:$H$63,MATCH($E9,Referentiel!$A$54:$A$63,0)),""))) -> P045 | P9: =IFERROR(INDEX(Personnes!$C$5:$C$154,MATCH($O9,Personnes!$B$5:$B$154,0))&"","") -> SEGUI | Q9: =IFERROR(INDEX(Personnes!$D$5:$D$154,MATCH($O9,Personnes!$B$5:$B$154,0))&"","") -> Danny | T9: =IF($A9="","",COUNTIFS(Presences!$A$5:$A$504,$A9,Presences!$C$5:$C$504,"<>")) -> 0 | U9: =IF($A9="","",IF(AND($J9<>"",$K9=""),"DP non reconnu",IF(AND($K9<>"",COUNTIF(Referentiel!$A$81:$A$110,$K9)=0),"DP sans qualification Sécurité valide",IF(AND($N9<>"",$O9=""),"responsable non reconnu",IF(AND($G9<>"",$G9<>"LC"),"créneau rattaché à un autre groupe",IF($I9<>"tenue","",IF(OR($K9="",$O9=""),"couverture incomplète","ok")))))))
A10: =IF($B10="","","S"&TEXT(COUNTIF($B$5:$B10,"<>"),"000")&" — "&TEXT(DAY($B10),"00")&"/"&TEXT(MONTH($B10),"00")&"/"&YEAR($B10)&" ("&$C10&")") -> S006 — 17/10/2026 (samedi) | B10: 46312 | C10: =IF($B10="","",IFERROR(INDEX(Listes!$A$2:$A$8,WEEKDAY($B10,2)),"")) -> samedi | D10: CR-SAM — samedi 10h30-12h00 · B50 [CR-SAM] | E10: =IFERROR(MID($D10,FIND("[",$D10)+1,FIND("]",$D10)-FIND("[",$D10)-1),"") -> CR-SAM | F10: =IFERROR(IF($E10="","",INDEX(Referentiel!$E$54:$E$63,MATCH($E10,Referentiel!$A$54:$A$63,0))&""),"") -> B50 | G10: =IFERROR(IF($E10="","",INDEX(Referentiel!$F$54:$F$63,MATCH($E10,Referentiel!$A$54:$A$63,0))&""),"") -> LC | I10: planifiée | K10: =IF($J10="","",IFERROR(IF(ISNUMBER(FIND("[",$J10)),MID($J10,FIND("[",$J10)+1,FIND("]",$J10)-FIND("[",$J10)-1),IF(ISNUMBER($J10),INDEX(Personnes!$B$5:$B$154,MATCH($J10,Personnes!$A$5:$A$154,0)),IFERROR(INDEX(Personnes!$B$5:$B$154,MATCH($J10&"*",Personnes!$C$5:$C$154,0)),INDEX(Personnes!$B$5:$B$154,MATCH($J10&"*",Personnes!$D$5:$D$154,0))))),"")) | L10: =IFERROR(INDEX(Personnes!$C$5:$C$154,MATCH($K10,Personnes!$B$5:$B$154,0))&"","") | M10: =IFERROR(INDEX(Personnes!$D$5:$D$154,MATCH($K10,Personnes!$B$5:$B$154,0))&"","") | O10: =IF($N10<>"",IF($N10="","",IFERROR(IF(ISNUMBER(FIND("[",$N10)),MID($N10,FIND("[",$N10)+1,FIND("]",$N10)-FIND("[",$N10)-1),IF(ISNUMBER($N10),INDEX(Personnes!$B$5:$B$154,MATCH($N10,Personnes!$A$5:$A$154,0)),IFERROR(INDEX(Personnes!$B$5:$B$154,MATCH($N10&"*",Personnes!$C$5:$C$154,0)),INDEX(Personnes!$B$5:$B$154,MATCH($N10&"*",Personnes!$D$5:$D$154,0))))),"")),IF($E10="","",IFERROR(INDEX(Referentiel!$H$54:$H$63,MATCH($E10,Referentiel!$A$54:$A$63,0)),""))) -> P045 | P10: =IFERROR(INDEX(Personnes!$C$5:$C$154,MATCH($O10,Personnes!$B$5:$B$154,0))&"","") -> SEGUI | Q10: =IFERROR(INDEX(Personnes!$D$5:$D$154,MATCH($O10,Personnes!$B$5:$B$154,0))&"","") -> Danny | T10: =IF($A10="","",COUNTIFS(Presences!$A$5:$A$504,$A10,Presences!$C$5:$C$504,"<>")) -> 0 | U10: =IF($A10="","",IF(AND($J10<>"",$K10=""),"DP non reconnu",IF(AND($K10<>"",COUNTIF(Referentiel!$A$81:$A$110,$K10)=0),"DP sans qualification Sécurité valide",IF(AND($N10<>"",$O10=""),"responsable non reconnu",IF(AND($G10<>"",$G10<>"LC"),"créneau rattaché à un autre groupe",IF($I10<>"tenue","",IF(OR($K10="",$O10=""),"couverture incomplète","ok")))))))
A11: =IF($B11="","","S"&TEXT(COUNTIF($B$5:$B11,"<>"),"000")&" — "&TEXT(DAY($B11),"00")&"/"&TEXT(MONTH($B11),"00")&"/"&YEAR($B11)&" ("&$C11&")") -> S007 — 24/10/2026 (samedi) | B11: 46319 | C11: =IF($B11="","",IFERROR(INDEX(Listes!$A$2:$A$8,WEEKDAY($B11,2)),"")) -> samedi | D11: CR-SAM — samedi 10h30-12h00 · B50 [CR-SAM] | E11: =IFERROR(MID($D11,FIND("[",$D11)+1,FIND("]",$D11)-FIND("[",$D11)-1),"") -> CR-SAM | F11: =IFERROR(IF($E11="","",INDEX(Referentiel!$E$54:$E$63,MATCH($E11,Referentiel!$A$54:$A$63,0))&""),"") -> B50 | G11: =IFERROR(IF($E11="","",INDEX(Referentiel!$F$54:$F$63,MATCH($E11,Referentiel!$A$54:$A$63,0))&""),"") -> LC | I11: planifiée | K11: =IF($J11="","",IFERROR(IF(ISNUMBER(FIND("[",$J11)),MID($J11,FIND("[",$J11)+1,FIND("]",$J11)-FIND("[",$J11)-1),IF(ISNUMBER($J11),INDEX(Personnes!$B$5:$B$154,MATCH($J11,Personnes!$A$5:$A$154,0)),IFERROR(INDEX(Personnes!$B$5:$B$154,MATCH($J11&"*",Personnes!$C$5:$C$154,0)),INDEX(Personnes!$B$5:$B$154,MATCH($J11&"*",Personnes!$D$5:$D$154,0))))),"")) | L11: =IFERROR(INDEX(Personnes!$C$5:$C$154,MATCH($K11,Personnes!$B$5:$B$154,0))&"","") | M11: =IFERROR(INDEX(Personnes!$D$5:$D$154,MATCH($K11,Personnes!$B$5:$B$154,0))&"","") | O11: =IF($N11<>"",IF($N11="","",IFERROR(IF(ISNUMBER(FIND("[",$N11)),MID($N11,FIND("[",$N11)+1,FIND("]",$N11)-FIND("[",$N11)-1),IF(ISNUMBER($N11),INDEX(Personnes!$B$5:$B$154,MATCH($N11,Personnes!$A$5:$A$154,0)),IFERROR(INDEX(Personnes!$B$5:$B$154,MATCH($N11&"*",Personnes!$C$5:$C$154,0)),INDEX(Personnes!$B$5:$B$154,MATCH($N11&"*",Personnes!$D$5:$D$154,0))))),"")),IF($E11="","",IFERROR(INDEX(Referentiel!$H$54:$H$63,MATCH($E11,Referentiel!$A$54:$A$63,0)),""))) -> P045 | P11: =IFERROR(INDEX(Personnes!$C$5:$C$154,MATCH($O11,Personnes!$B$5:$B$154,0))&"","") -> SEGUI | Q11: =IFERROR(INDEX(Personnes!$D$5:$D$154,MATCH($O11,Personnes!$B$5:$B$154,0))&"","") -> Danny | T11: =IF($A11="","",COUNTIFS(Presences!$A$5:$A$504,$A11,Presences!$C$5:$C$504,"<>")) -> 0 | U11: =IF($A11="","",IF(AND($J11<>"",$K11=""),"DP non reconnu",IF(AND($K11<>"",COUNTIF(Referentiel!$A$81:$A$110,$K11)=0),"DP sans qualification Sécurité valide",IF(AND($N11<>"",$O11=""),"responsable non reconnu",IF(AND($G11<>"",$G11<>"LC"),"créneau rattaché à un autre groupe",IF($I11<>"tenue","",IF(OR($K11="",$O11=""),"couverture incomplète","ok")))))))
A12: =IF($B12="","","S"&TEXT(COUNTIF($B$5:$B12,"<>"),"000")&" — "&TEXT(DAY($B12),"00")&"/"&TEXT(MONTH($B12),"00")&"/"&YEAR($B12)&" ("&$C12&")") -> S008 — 31/10/2026 (samedi) | B12: 46326 | C12: =IF($B12="","",IFERROR(INDEX(Listes!$A$2:$A$8,WEEKDAY($B12,2)),"")) -> samedi | D12: CR-SAM — samedi 10h30-12h00 · B50 [CR-SAM] | E12: =IFERROR(MID($D12,FIND("[",$D12)+1,FIND("]",$D12)-FIND("[",$D12)-1),"") -> CR-SAM | F12: =IFERROR(IF($E12="","",INDEX(Referentiel!$E$54:$E$63,MATCH($E12,Referentiel!$A$54:$A$63,0))&""),"") -> B50 | G12: =IFERROR(IF($E12="","",INDEX(Referentiel!$F$54:$F$63,MATCH($E12,Referentiel!$A$54:$A$63,0))&""),"") -> LC | I12: planifiée | K12: =IF($J12="","",IFERROR(IF(ISNUMBER(FIND("[",$J12)),MID($J12,FIND("[",$J12)+1,FIND("]",$J12)-FIND("[",$J12)-1),IF(ISNUMBER($J12),INDEX(Personnes!$B$5:$B$154,MATCH($J12,Personnes!$A$5:$A$154,0)),IFERROR(INDEX(Personnes!$B$5:$B$154,MATCH($J12&"*",Personnes!$C$5:$C$154,0)),INDEX(Personnes!$B$5:$B$154,MATCH($J12&"*",Personnes!$D$5:$D$154,0))))),"")) | L12: =IFERROR(INDEX(Personnes!$C$5:$C$154,MATCH($K12,Personnes!$B$5:$B$154,0))&"","") | M12: =IFERROR(INDEX(Personnes!$D$5:$D$154,MATCH($K12,Personnes!$B$5:$B$154,0))&"","") | O12: =IF($N12<>"",IF($N12="","",IFERROR(IF(ISNUMBER(FIND("[",$N12)),MID($N12,FIND("[",$N12)+1,FIND("]",$N12)-FIND("[",$N12)-1),IF(ISNUMBER($N12),INDEX(Personnes!$B$5:$B$154,MATCH($N12,Personnes!$A$5:$A$154,0)),IFERROR(INDEX(Personnes!$B$5:$B$154,MATCH($N12&"*",Personnes!$C$5:$C$154,0)),INDEX(Personnes!$B$5:$B$154,MATCH($N12&"*",Personnes!$D$5:$D$154,0))))),"")),IF($E12="","",IFERROR(INDEX(Referentiel!$H$54:$H$63,MATCH($E12,Referentiel!$A$54:$A$63,0)),""))) -> P045 | P12: =IFERROR(INDEX(Personnes!$C$5:$C$154,MATCH($O12,Personnes!$B$5:$B$154,0))&"","") -> SEGUI | Q12: =IFERROR(INDEX(Personnes!$D$5:$D$154,MATCH($O12,Personnes!$B$5:$B$154,0))&"","") -> Danny | T12: =IF($A12="","",COUNTIFS(Presences!$A$5:$A$504,$A12,Presences!$C$5:$C$504,"<>")) -> 0 | U12: =IF($A12="","",IF(AND($J12<>"",$K12=""),"DP non reconnu",IF(AND($K12<>"",COUNTIF(Referentiel!$A$81:$A$110,$K12)=0),"DP sans qualification Sécurité valide",IF(AND($N12<>"",$O12=""),"responsable non reconnu",IF(AND($G12<>"",$G12<>"LC"),"créneau rattaché à un autre groupe",IF($I12<>"tenue","",IF(OR($K12="",$O12=""),"couverture incomplète","ok")))))))
A13: =IF($B13="","","S"&TEXT(COUNTIF($B$5:$B13,"<>"),"000")&" — "&TEXT(DAY($B13),"00")&"/"&TEXT(MONTH($B13),"00")&"/"&YEAR($B13)&" ("&$C13&")") -> S009 — 07/11/2026 (samedi) | B13: 46333 | C13: =IF($B13="","",IFERROR(INDEX(Listes!$A$2:$A$8,WEEKDAY($B13,2)),"")) -> samedi | D13: CR-SAM — samedi 10h30-12h00 · B50 [CR-SAM] | E13: =IFERROR(MID($D13,FIND("[",$D13)+1,FIND("]",$D13)-FIND("[",$D13)-1),"") -> CR-SAM | F13: =IFERROR(IF($E13="","",INDEX(Referentiel!$E$54:$E$63,MATCH($E13,Referentiel!$A$54:$A$63,0))&""),"") -> B50 | G13: =IFERROR(IF($E13="","",INDEX(Referentiel!$F$54:$F$63,MATCH($E13,Referentiel!$A$54:$A$63,0))&""),"") -> LC | I13: planifiée | K13: =IF($J13="","",IFERROR(IF(ISNUMBER(FIND("[",$J13)),MID($J13,FIND("[",$J13)+1,FIND("]",$J13)-FIND("[",$J13)-1),IF(ISNUMBER($J13),INDEX(Personnes!$B$5:$B$154,MATCH($J13,Personnes!$A$5:$A$154,0)),IFERROR(INDEX(Personnes!$B$5:$B$154,MATCH($J13&"*",Personnes!$C$5:$C$154,0)),INDEX(Personnes!$B$5:$B$154,MATCH($J13&"*",Personnes!$D$5:$D$154,0))))),"")) | L13: =IFERROR(INDEX(Personnes!$C$5:$C$154,MATCH($K13,Personnes!$B$5:$B$154,0))&"","") | M13: =IFERROR(INDEX(Personnes!$D$5:$D$154,MATCH($K13,Personnes!$B$5:$B$154,0))&"","") | O13: =IF($N13<>"",IF($N13="","",IFERROR(IF(ISNUMBER(FIND("[",$N13)),MID($N13,FIND("[",$N13)+1,FIND("]",$N13)-FIND("[",$N13)-1),IF(ISNUMBER($N13),INDEX(Personnes!$B$5:$B$154,MATCH($N13,Personnes!$A$5:$A$154,0)),IFERROR(INDEX(Personnes!$B$5:$B$154,MATCH($N13&"*",Personnes!$C$5:$C$154,0)),INDEX(Personnes!$B$5:$B$154,MATCH($N13&"*",Personnes!$D$5:$D$154,0))))),"")),IF($E13="","",IFERROR(INDEX(Referentiel!$H$54:$H$63,MATCH($E13,Referentiel!$A$54:$A$63,0)),""))) -> P045 | P13: =IFERROR(INDEX(Personnes!$C$5:$C$154,MATCH($O13,Personnes!$B$5:$B$154,0))&"","") -> SEGUI | Q13: =IFERROR(INDEX(Personnes!$D$5:$D$154,MATCH($O13,Personnes!$B$5:$B$154,0))&"","") -> Danny | T13: =IF($A13="","",COUNTIFS(Presences!$A$5:$A$504,$A13,Presences!$C$5:$C$504,"<>")) -> 0 | U13: =IF($A13="","",IF(AND($J13<>"",$K13=""),"DP non reconnu",IF(AND($K13<>"",COUNTIF(Referentiel!$A$81:$A$110,$K13)=0),"DP sans qualification Sécurité valide",IF(AND($N13<>"",$O13=""),"responsable non reconnu",IF(AND($G13<>"",$G13<>"LC"),"créneau rattaché à un autre groupe",IF($I13<>"tenue","",IF(OR($K13="",$O13=""),"couverture incomplète","ok")))))))
A14: =IF($B14="","","S"&TEXT(COUNTIF($B$5:$B14,"<>"),"000")&" — "&TEXT(DAY($B14),"00")&"/"&TEXT(MONTH($B14),"00")&"/"&YEAR($B14)&" ("&$C14&")") -> S010 — 14/11/2026 (samedi) | B14: 46340 | C14: =IF($B14="","",IFERROR(INDEX(Listes!$A$2:$A$8,WEEKDAY($B14,2)),"")) -> samedi | D14: CR-SAM — samedi 10h30-12h00 · B50 [CR-SAM] | E14: =IFERROR(MID($D14,FIND("[",$D14)+1,FIND("]",$D14)-FIND("[",$D14)-1),"") -> CR-SAM | F14: =IFERROR(IF($E14="","",INDEX(Referentiel!$E$54:$E$63,MATCH($E14,Referentiel!$A$54:$A$63,0))&""),"") -> B50 | G14: =IFERROR(IF($E14="","",INDEX(Referentiel!$F$54:$F$63,MATCH($E14,Referentiel!$A$54:$A$63,0))&""),"") -> LC | I14: planifiée | K14: =IF($J14="","",IFERROR(IF(ISNUMBER(FIND("[",$J14)),MID($J14,FIND("[",$J14)+1,FIND("]",$J14)-FIND("[",$J14)-1),IF(ISNUMBER($J14),INDEX(Personnes!$B$5:$B$154,MATCH($J14,Personnes!$A$5:$A$154,0)),IFERROR(INDEX(Personnes!$B$5:$B$154,MATCH($J14&"*",Personnes!$C$5:$C$154,0)),INDEX(Personnes!$B$5:$B$154,MATCH($J14&"*",Personnes!$D$5:$D$154,0))))),"")) | L14: =IFERROR(INDEX(Personnes!$C$5:$C$154,MATCH($K14,Personnes!$B$5:$B$154,0))&"","") | M14: =IFERROR(INDEX(Personnes!$D$5:$D$154,MATCH($K14,Personnes!$B$5:$B$154,0))&"","") | O14: =IF($N14<>"",IF($N14="","",IFERROR(IF(ISNUMBER(FIND("[",$N14)),MID($N14,FIND("[",$N14)+1,FIND("]",$N14)-FIND("[",$N14)-1),IF(ISNUMBER($N14),INDEX(Personnes!$B$5:$B$154,MATCH($N14,Personnes!$A$5:$A$154,0)),IFERROR(INDEX(Personnes!$B$5:$B$154,MATCH($N14&"*",Personnes!$C$5:$C$154,0)),INDEX(Personnes!$B$5:$B$154,MATCH($N14&"*",Personnes!$D$5:$D$154,0))))),"")),IF($E14="","",IFERROR(INDEX(Referentiel!$H$54:$H$63,MATCH($E14,Referentiel!$A$54:$A$63,0)),""))) -> P045 | P14: =IFERROR(INDEX(Personnes!$C$5:$C$154,MATCH($O14,Personnes!$B$5:$B$154,0))&"","") -> SEGUI | Q14: =IFERROR(INDEX(Personnes!$D$5:$D$154,MATCH($O14,Personnes!$B$5:$B$154,0))&"","") -> Danny | T14: =IF($A14="","",COUNTIFS(Presences!$A$5:$A$504,$A14,Presences!$C$5:$C$504,"<>")) -> 0 | U14: =IF($A14="","",IF(AND($J14<>"",$K14=""),"DP non reconnu",IF(AND($K14<>"",COUNTIF(Referentiel!$A$81:$A$110,$K14)=0),"DP sans qualification Sécurité valide",IF(AND($N14<>"",$O14=""),"responsable non reconnu",IF(AND($G14<>"",$G14<>"LC"),"créneau rattaché à un autre groupe",IF($I14<>"tenue","",IF(OR($K14="",$O14=""),"couverture incomplète","ok")))))))
A15: =IF($B15="","","S"&TEXT(COUNTIF($B$5:$B15,"<>"),"000")&" — "&TEXT(DAY($B15),"00")&"/"&TEXT(MONTH($B15),"00")&"/"&YEAR($B15)&" ("&$C15&")") -> S011 — 21/11/2026 (samedi) | B15: 46347 | C15: =IF($B15="","",IFERROR(INDEX(Listes!$A$2:$A$8,WEEKDAY($B15,2)),"")) -> samedi | D15: CR-SAM — samedi 10h30-12h00 · B50 [CR-SAM] | E15: =IFERROR(MID($D15,FIND("[",$D15)+1,FIND("]",$D15)-FIND("[",$D15)-1),"") -> CR-SAM | F15: =IFERROR(IF($E15="","",INDEX(Referentiel!$E$54:$E$63,MATCH($E15,Referentiel!$A$54:$A$63,0))&""),"") -> B50 | G15: =IFERROR(IF($E15="","",INDEX(Referentiel!$F$54:$F$63,MATCH($E15,Referentiel!$A$54:$A$63,0))&""),"") -> LC | I15: planifiée | K15: =IF($J15="","",IFERROR(IF(ISNUMBER(FIND("[",$J15)),MID($J15,FIND("[",$J15)+1,FIND("]",$J15)-FIND("[",$J15)-1),IF(ISNUMBER($J15),INDEX(Personnes!$B$5:$B$154,MATCH($J15,Personnes!$A$5:$A$154,0)),IFERROR(INDEX(Personnes!$B$5:$B$154,MATCH($J15&"*",Personnes!$C$5:$C$154,0)),INDEX(Personnes!$B$5:$B$154,MATCH($J15&"*",Personnes!$D$5:$D$154,0))))),"")) | L15: =IFERROR(INDEX(Personnes!$C$5:$C$154,MATCH($K15,Personnes!$B$5:$B$154,0))&"","") | M15: =IFERROR(INDEX(Personnes!$D$5:$D$154,MATCH($K15,Personnes!$B$5:$B$154,0))&"","") | O15: =IF($N15<>"",IF($N15="","",IFERROR(IF(ISNUMBER(FIND("[",$N15)),MID($N15,FIND("[",$N15)+1,FIND("]",$N15)-FIND("[",$N15)-1),IF(ISNUMBER($N15),INDEX(Personnes!$B$5:$B$154,MATCH($N15,Personnes!$A$5:$A$154,0)),IFERROR(INDEX(Personnes!$B$5:$B$154,MATCH($N15&"*",Personnes!$C$5:$C$154,0)),INDEX(Personnes!$B$5:$B$154,MATCH($N15&"*",Personnes!$D$5:$D$154,0))))),"")),IF($E15="","",IFERROR(INDEX(Referentiel!$H$54:$H$63,MATCH($E15,Referentiel!$A$54:$A$63,0)),""))) -> P045 | P15: =IFERROR(INDEX(Personnes!$C$5:$C$154,MATCH($O15,Personnes!$B$5:$B$154,0))&"","") -> SEGUI | Q15: =IFERROR(INDEX(Personnes!$D$5:$D$154,MATCH($O15,Personnes!$B$5:$B$154,0))&"","") -> Danny | T15: =IF($A15="","",COUNTIFS(Presences!$A$5:$A$504,$A15,Presences!$C$5:$C$504,"<>")) -> 0 | U15: =IF($A15="","",IF(AND($J15<>"",$K15=""),"DP non reconnu",IF(AND($K15<>"",COUNTIF(Referentiel!$A$81:$A$110,$K15)=0),"DP sans qualification Sécurité valide",IF(AND($N15<>"",$O15=""),"responsable non reconnu",IF(AND($G15<>"",$G15<>"LC"),"créneau rattaché à un autre groupe",IF($I15<>"tenue","",IF(OR($K15="",$O15=""),"couverture incomplète","ok")))))))
A16: =IF($B16="","","S"&TEXT(COUNTIF($B$5:$B16,"<>"),"000")&" — "&TEXT(DAY($B16),"00")&"/"&TEXT(MONTH($B16),"00")&"/"&YEAR($B16)&" ("&$C16&")") -> S012 — 28/11/2026 (samedi) | B16: 46354 | C16: =IF($B16="","",IFERROR(INDEX(Listes!$A$2:$A$8,WEEKDAY($B16,2)),"")) -> samedi | D16: CR-SAM — samedi 10h30-12h00 · B50 [CR-SAM] | E16: =IFERROR(MID($D16,FIND("[",$D16)+1,FIND("]",$D16)-FIND("[",$D16)-1),"") -> CR-SAM | F16: =IFERROR(IF($E16="","",INDEX(Referentiel!$E$54:$E$63,MATCH($E16,Referentiel!$A$54:$A$63,0))&""),"") -> B50 | G16: =IFERROR(IF($E16="","",INDEX(Referentiel!$F$54:$F$63,MATCH($E16,Referentiel!$A$54:$A$63,0))&""),"") -> LC | I16: planifiée | K16: =IF($J16="","",IFERROR(IF(ISNUMBER(FIND("[",$J16)),MID($J16,FIND("[",$J16)+1,FIND("]",$J16)-FIND("[",$J16)-1),IF(ISNUMBER($J16),INDEX(Personnes!$B$5:$B$154,MATCH($J16,Personnes!$A$5:$A$154,0)),IFERROR(INDEX(Personnes!$B$5:$B$154,MATCH($J16&"*",Personnes!$C$5:$C$154,0)),INDEX(Personnes!$B$5:$B$154,MATCH($J16&"*",Personnes!$D$5:$D$154,0))))),"")) | L16: =IFERROR(INDEX(Personnes!$C$5:$C$154,MATCH($K16,Personnes!$B$5:$B$154,0))&"","") | M16: =IFERROR(INDEX(Personnes!$D$5:$D$154,MATCH($K16,Personnes!$B$5:$B$154,0))&"","") | O16: =IF($N16<>"",IF($N16="","",IFERROR(IF(ISNUMBER(FIND("[",$N16)),MID($N16,FIND("[",$N16)+1,FIND("]",$N16)-FIND("[",$N16)-1),IF(ISNUMBER($N16),INDEX(Personnes!$B$5:$B$154,MATCH($N16,Personnes!$A$5:$A$154,0)),IFERROR(INDEX(Personnes!$B$5:$B$154,MATCH($N16&"*",Personnes!$C$5:$C$154,0)),INDEX(Personnes!$B$5:$B$154,MATCH($N16&"*",Personnes!$D$5:$D$154,0))))),"")),IF($E16="","",IFERROR(INDEX(Referentiel!$H$54:$H$63,MATCH($E16,Referentiel!$A$54:$A$63,0)),""))) -> P045 | P16: =IFERROR(INDEX(Personnes!$C$5:$C$154,MATCH($O16,Personnes!$B$5:$B$154,0))&"","") -> SEGUI | Q16: =IFERROR(INDEX(Personnes!$D$5:$D$154,MATCH($O16,Personnes!$B$5:$B$154,0))&"","") -> Danny | T16: =IF($A16="","",COUNTIFS(Presences!$A$5:$A$504,$A16,Presences!$C$5:$C$504,"<>")) -> 0 | U16: =IF($A16="","",IF(AND($J16<>"",$K16=""),"DP non reconnu",IF(AND($K16<>"",COUNTIF(Referentiel!$A$81:$A$110,$K16)=0),"DP sans qualification Sécurité valide",IF(AND($N16<>"",$O16=""),"responsable non reconnu",IF(AND($G16<>"",$G16<>"LC"),"créneau rattaché à un autre groupe",IF($I16<>"tenue","",IF(OR($K16="",$O16=""),"couverture incomplète","ok")))))))
... A47: =IF($B47="","","S"&TEXT(COUNTIF($B$5:$B47,"<>"),"000")&" — "&TEXT(DAY($B47),"00")&"/"&TEXT(MONTH($B47),"00")&"/"&YEAR($B47)&" ("&$C47&")") -> S043 — 03/07/2027 (samedi) | B47: 46571 | C47: =IF($B47="","",IFERROR(INDEX(Listes!$A$2:$A$8,WEEKDAY($B47,2)),"")) -> samedi | D47: CR-SAM — samedi 10h30-12h00 · B50 [CR-SAM] | E47: =IFERROR(MID($D47,FIND("[",$D47)+1,FIND("]",$D47)-FIND("[",$D47)-1),"") -> CR-SAM | F47: =IFERROR(IF($E47="","",INDEX(Referentiel!$E$54:$E$63,MATCH($E47,Referentiel!$A$54:$A$63,0))&""),"") -> B50 | G47: =IFERROR(IF($E47="","",INDEX(Referentiel!$F$54:$F$63,MATCH($E47,Referentiel!$A$54:$A$63,0))&""),"") -> LC | I47: planifiée | K47: =IF($J47="","",IFERROR(IF(ISNUMBER(FIND("[",$J47)),MID($J47,FIND("[",$J47)+1,FIND("]",$J47)-FIND("[",$J47)-1),IF(ISNUMBER($J47),INDEX(Personnes!$B$5:$B$154,MATCH($J47,Personnes!$A$5:$A$154,0)),IFERROR(INDEX(Personnes!$B$5:$B$154,MATCH($J47&"*",Personnes!$C$5:$C$154,0)),INDEX(Personnes!$B$5:$B$154,MATCH($J47&"*",Personnes!$D$5:$D$154,0))))),"")) | L47: =IFERROR(INDEX(Personnes!$C$5:$C$154,MATCH($K47,Personnes!$B$5:$B$154,0))&"","") | M47: =IFERROR(INDEX(Personnes!$D$5:$D$154,MATCH($K47,Personnes!$B$5:$B$154,0))&"","") | O47: =IF($N47<>"",IF($N47="","",IFERROR(IF(ISNUMBER(FIND("[",$N47)),MID($N47,FIND("[",$N47)+1,FIND("]",$N47)-FIND("[",$N47)-1),IF(ISNUMBER($N47),INDEX(Personnes!$B$5:$B$154,MATCH($N47,Personnes!$A$5:$A$154,0)),IFERROR(INDEX(Personnes!$B$5:$B$154,MATCH($N47&"*",Personnes!$C$5:$C$154,0)),INDEX(Personnes!$B$5:$B$154,MATCH($N47&"*",Personnes!$D$5:$D$154,0))))),"")),IF($E47="","",IFERROR(INDEX(Referentiel!$H$54:$H$63,MATCH($E47,Referentiel!$A$54:$A$63,0)),""))) -> P045 | P47: =IFERROR(INDEX(Personnes!$C$5:$C$154,MATCH($O47,Personnes!$B$5:$B$154,0))&"","") -> SEGUI | Q47: =IFERROR(INDEX(Personnes!$D$5:$D$154,MATCH($O47,Personnes!$B$5:$B$154,0))&"","") -> Danny | T47: =IF($A47="","",COUNTIFS(Presences!$A$5:$A$504,$A47,Presences!$C$5:$C$504,"<>")) -> 0 | U47: =IF($A47="","",IF(AND($J47<>"",$K47=""),"DP non reconnu",IF(AND($K47<>"",COUNTIF(Referentiel!$A$81:$A$110,$K47)=0),"DP sans qualification Sécurité valide",IF(AND($N47<>"",$O47=""),"responsable non reconnu",IF(AND($G47<>"",$G47<>"LC"),"créneau rattaché à un autre groupe",IF($I47<>"tenue","",IF(OR($K47="",$O47=""),"couverture incomplète","ok")))))))
A48: =IF($B48="","","S"&TEXT(COUNTIF($B$5:$B48,"<>"),"000")&" — "&TEXT(DAY($B48),"00")&"/"&TEXT(MONTH($B48),"00")&"/"&YEAR($B48)&" ("&$C48&")") | C48: =IF($B48="","",IFERROR(INDEX(Listes!$A$2:$A$8,WEEKDAY($B48,2)),"")) | E48: =IFERROR(MID($D48,FIND("[",$D48)+1,FIND("]",$D48)-FIND("[",$D48)-1),"") | F48: =IFERROR(IF($E48="","",INDEX(Referentiel!$E$54:$E$63,MATCH($E48,Referentiel!$A$54:$A$63,0))&""),"") | G48: =IFERROR(IF($E48="","",INDEX(Referentiel!$F$54:$F$63,MATCH($E48,Referentiel!$A$54:$A$63,0))&""),"") | K48: =IF($J48="","",IFERROR(IF(ISNUMBER(FIND("[",$J48)),MID($J48,FIND("[",$J48)+1,FIND("]",$J48)-FIND("[",$J48)-1),IF(ISNUMBER($J48),INDEX(Personnes!$B$5:$B$154,MATCH($J48,Personnes!$A$5:$A$154,0)),IFERROR(INDEX(Personnes!$B$5:$B$154,MATCH($J48&"*",Personnes!$C$5:$C$154,0)),INDEX(Personnes!$B$5:$B$154,MATCH($J48&"*",Personnes!$D$5:$D$154,0))))),"")) | L48: =IFERROR(INDEX(Personnes!$C$5:$C$154,MATCH($K48,Personnes!$B$5:$B$154,0))&"","") | M48: =IFERROR(INDEX(Personnes!$D$5:$D$154,MATCH($K48,Personnes!$B$5:$B$154,0))&"","") | O48: =IF($N48<>"",IF($N48="","",IFERROR(IF(ISNUMBER(FIND("[",$N48)),MID($N48,FIND("[",$N48)+1,FIND("]",$N48)-FIND("[",$N48)-1),IF(ISNUMBER($N48),INDEX(Personnes!$B$5:$B$154,MATCH($N48,Personnes!$A$5:$A$154,0)),IFERROR(INDEX(Personnes!$B$5:$B$154,MATCH($N48&"*",Personnes!$C$5:$C$154,0)),INDEX(Personnes!$B$5:$B$154,MATCH($N48&"*",Personnes!$D$5:$D$154,0))))),"")),IF($E48="","",IFERROR(INDEX(Referentiel!$H$54:$H$63,MATCH($E48,Referentiel!$A$54:$A$63,0)),""))) | P48: =IFERROR(INDEX(Personnes!$C$5:$C$154,MATCH($O48,Personnes!$B$5:$B$154,0))&"","") | Q48: =IFERROR(INDEX(Personnes!$D$5:$D$154,MATCH($O48,Personnes!$B$5:$B$154,0))&"","") | T48: =IF($A48="","",COUNTIFS(Presences!$A$5:$A$504,$A48,Presences!$C$5:$C$504,"<>")) | U48: =IF($A48="","",IF(AND($J48<>"",$K48=""),"DP non reconnu",IF(AND($K48<>"",COUNTIF(Referentiel!$A$81:$A$110,$K48)=0),"DP sans qualification Sécurité valide",IF(AND($N48<>"",$O48=""),"responsable non reconnu",IF(AND($G48<>"",$G48<>"LC"),"créneau rattaché à un autre groupe",IF($I48<>"tenue","",IF(OR($K48="",$O48=""),"couverture incomplète","ok")))))))

Sheet Presences
A1: Présences et observations
A2: Une ligne par participant présent : l'existence de la ligne vaut présence. Les encadrants sont dans l'onglet Calendrier.
A4: ID séance | B4: Apnéiste — code ou début du nom | C4: Apnéiste (ID) | D4: Nom | E4: Prénom | F4: Qualité de réalisation | G4: Observation de l'encadrant | H4: Contrôle
C5: =IF($B5="","",IFERROR(IF(ISNUMBER(FIND("[",$B5)),MID($B5,FIND("[",$B5)+1,FIND("]",$B5)-FIND("[",$B5)-1),IF(ISNUMBER($B5),INDEX(Personnes!$B$5:$B$154,MATCH($B5,Personnes!$A$5:$A$154,0)),IFERROR(INDEX(Personnes!$B$5:$B$154,MATCH($B5&"*",Personnes!$C$5:$C$154,0)),INDEX(Personnes!$B$5:$B$154,MATCH($B5&"*",Personnes!$D$5:$D$154,0))))),"")) | D5: =IFERROR(INDEX(Personnes!$C$5:$C$154,MATCH($C5,Personnes!$B$5:$B$154,0))&"","") | E5: =IFERROR(INDEX(Personnes!$D$5:$D$154,MATCH($C5,Personnes!$B$5:$B$154,0))&"","") | H5: =IF($B5="","",IF($C5="","apnéiste non reconnu",IF($A5="","séance non renseignée",IF(COUNTIFS($A$5:$A$504,$A5,$C$5:$C$504,$C5)>1,"doublon séance / apnéiste",IF(OR($C5=IFERROR(INDEX('Calendrier'!$K$5:$K$5,MATCH($A5,'Calendrier'!$A$5:$A$5,0)),""),$C5=IFERROR(INDEX('Calendrier'!$O$5:$O$5,MATCH($A5,'Calendrier'!$A$5:$A$5,0)),"")),"encadrant et élève sur la même séance",IF(IFERROR(INDEX(Personnes!$H$5:$H$154,MATCH($C5,Personnes!$B$5:$B$154,0)),"")<>"oui","invité (hors ligne)","ok"))))))
C6: =IF($B6="","",IFERROR(IF(ISNUMBER(FIND("[",$B6)),MID($B6,FIND("[",$B6)+1,FIND("]",$B6)-FIND("[",$B6)-1),IF(ISNUMBER($B6),INDEX(Personnes!$B$5:$B$154,MATCH($B6,Personnes!$A$5:$A$154,0)),IFERROR(INDEX(Personnes!$B$5:$B$154,MATCH($B6&"*",Personnes!$C$5:$C$154,0)),INDEX(Personnes!$B$5:$B$154,MATCH($B6&"*",Personnes!$D$5:$D$154,0))))),"")) | D6: =IFERROR(INDEX(Personnes!$C$5:$C$154,MATCH($C6,Personnes!$B$5:$B$154,0))&"","") | E6: =IFERROR(INDEX(Personnes!$D$5:$D$154,MATCH($C6,Personnes!$B$5:$B$154,0))&"","") | H6: =IF($B6="","",IF($C6="","apnéiste non reconnu",IF($A6="","séance non renseignée",IF(COUNTIFS($A$5:$A$504,$A6,$C$5:$C$504,$C6)>1,"doublon séance / apnéiste",IF(OR($C6=IFERROR(INDEX('Calendrier'!$K$5:$K$5,MATCH($A6,'Calendrier'!$A$5:$A$5,0)),""),$C6=IFERROR(INDEX('Calendrier'!$O$5:$O$5,MATCH($A6,'Calendrier'!$A$5:$A$5,0)),"")),"encadrant et élève sur la même séance",IF(IFERROR(INDEX(Personnes!$H$5:$H$154,MATCH($C6,Personnes!$B$5:$B$154,0)),"")<>"oui","invité (hors ligne)","ok"))))))
C7: =IF($B7="","",IFERROR(IF(ISNUMBER(FIND("[",$B7)),MID($B7,FIND("[",$B7)+1,FIND("]",$B7)-FIND("[",$B7)-1),IF(ISNUMBER($B7),INDEX(Personnes!$B$5:$B$154,MATCH($B7,Personnes!$A$5:$A$154,0)),IFERROR(INDEX(Personnes!$B$5:$B$154,MATCH($B7&"*",Personnes!$C$5:$C$154,0)),INDEX(Personnes!$B$5:$B$154,MATCH($B7&"*",Personnes!$D$5:$D$154,0))))),"")) | D7: =IFERROR(INDEX(Personnes!$C$5:$C$154,MATCH($C7,Personnes!$B$5:$B$154,0))&"","") | E7: =IFERROR(INDEX(Personnes!$D$5:$D$154,MATCH($C7,Personnes!$B$5:$B$154,0))&"","") | H7: =IF($B7="","",IF($C7="","apnéiste non reconnu",IF($A7="","séance non renseignée",IF(COUNTIFS($A$5:$A$504,$A7,$C$5:$C$504,$C7)>1,"doublon séance / apnéiste",IF(OR($C7=IFERROR(INDEX('Calendrier'!$K$5:$K$5,MATCH($A7,'Calendrier'!$A$5:$A$5,0)),""),$C7=IFERROR(INDEX('Calendrier'!$O$5:$O$5,MATCH($A7,'Calendrier'!$A$5:$A$5,0)),"")),"encadrant et élève sur la même séance",IF(IFERROR(INDEX(Personnes!$H$5:$H$154,MATCH($C7,Personnes!$B$5:$B$154,0)),"")<>"oui","invité (hors ligne)","ok"))))))
C8: =IF($B8="","",IFERROR(IF(ISNUMBER(FIND("[",$B8)),MID($B8,FIND("[",$B8)+1,FIND("]",$B8)-FIND("[",$B8)-1),IF(ISNUMBER($B8),INDEX(Personnes!$B$5:$B$154,MATCH($B8,Personnes!$A$5:$A$154,0)),IFERROR(INDEX(Personnes!$B$5:$B$154,MATCH($B8&"*",Personnes!$C$5:$C$154,0)),INDEX(Personnes!$B$5:$B$154,MATCH($B8&"*",Personnes!$D$5:$D$154,0))))),"")) | D8: =IFERROR(INDEX(Personnes!$C$5:$C$154,MATCH($C8,Personnes!$B$5:$B$154,0))&"","") | E8: =IFERROR(INDEX(Personnes!$D$5:$D$154,MATCH($C8,Personnes!$B$5:$B$154,0))&"","") | H8: =IF($B8="","",IF($C8="","apnéiste non reconnu",IF($A8="","séance non renseignée",IF(COUNTIFS($A$5:$A$504,$A8,$C$5:$C$504,$C8)>1,"doublon séance / apnéiste",IF(OR($C8=IFERROR(INDEX('Calendrier'!$K$5:$K$5,MATCH($A8,'Calendrier'!$A$5:$A$5,0)),""),$C8=IFERROR(INDEX('Calendrier'!$O$5:$O$5,MATCH($A8,'Calendrier'!$A$5:$A$5,0)),"")),"encadrant et élève sur la même séance",IF(IFERROR(INDEX(Personnes!$H$5:$H$154,MATCH($C8,Personnes!$B$5:$B$154,0)),"")<>"oui","invité (hors ligne)","ok"))))))
C9: =IF($B9="","",IFERROR(IF(ISNUMBER(FIND("[",$B9)),MID($B9,FIND("[",$B9)+1,FIND("]",$B9)-FIND("[",$B9)-1),IF(ISNUMBER($B9),INDEX(Personnes!$B$5:$B$154,MATCH($B9,Personnes!$A$5:$A$154,0)),IFERROR(INDEX(Personnes!$B$5:$B$154,MATCH($B9&"*",Personnes!$C$5:$C$154,0)),INDEX(Personnes!$B$5:$B$154,MATCH($B9&"*",Personnes!$D$5:$D$154,0))))),"")) | D9: =IFERROR(INDEX(Personnes!$C$5:$C$154,MATCH($C9,Personnes!$B$5:$B$154,0))&"","") | E9: =IFERROR(INDEX(Personnes!$D$5:$D$154,MATCH($C9,Personnes!$B$5:$B$154,0))&"","") | H9: =IF($B9="","",IF($C9="","apnéiste non reconnu",IF($A9="","séance non renseignée",IF(COUNTIFS($A$5:$A$504,$A9,$C$5:$C$504,$C9)>1,"doublon séance / apnéiste",IF(OR($C9=IFERROR(INDEX('Calendrier'!$K$5:$K$5,MATCH($A9,'Calendrier'!$A$5:$A$5,0)),""),$C9=IFERROR(INDEX('Calendrier'!$O$5:$O$5,MATCH($A9,'Calendrier'!$A$5:$A$5,0)),"")),"encadrant et élève sur la même séance",IF(IFERROR(INDEX(Personnes!$H$5:$H$154,MATCH($C9,Personnes!$B$5:$B$154,0)),"")<>"oui","invité (hors ligne)","ok"))))))
C10: =IF($B10="","",IFERROR(IF(ISNUMBER(FIND("[",$B10)),MID($B10,FIND("[",$B10)+1,FIND("]",$B10)-FIND("[",$B10)-1),IF(ISNUMBER($B10),INDEX(Personnes!$B$5:$B$154,MATCH($B10,Personnes!$A$5:$A$154,0)),IFERROR(INDEX(Personnes!$B$5:$B$154,MATCH($B10&"*",Personnes!$C$5:$C$154,0)),INDEX(Personnes!$B$5:$B$154,MATCH($B10&"*",Personnes!$D$5:$D$154,0))))),"")) | D10: =IFERROR(INDEX(Personnes!$C$5:$C$154,MATCH($C10,Personnes!$B$5:$B$154,0))&"","") | E10: =IFERROR(INDEX(Personnes!$D$5:$D$154,MATCH($C10,Personnes!$B$5:$B$154,0))&"","") | H10: =IF($B10="","",IF($C10="","apnéiste non reconnu",IF($A10="","séance non renseignée",IF(COUNTIFS($A$5:$A$504,$A10,$C$5:$C$504,$C10)>1,"doublon séance / apnéiste",IF(OR($C10=IFERROR(INDEX('Calendrier'!$K$5:$K$5,MATCH($A10,'Calendrier'!$A$5:$A$5,0)),""),$C10=IFERROR(INDEX('Calendrier'!$O$5:$O$5,MATCH($A10,'Calendrier'!$A$5:$A$5,0)),"")),"encadrant et élève sur la même séance",IF(IFERROR(INDEX(Personnes!$H$5:$H$154,MATCH($C10,Personnes!$B$5:$B$154,0)),"")<>"oui","invité (hors ligne)","ok"))))))
C11: =IF($B11="","",IFERROR(IF(ISNUMBER(FIND("[",$B11)),MID($B11,FIND("[",$B11)+1,FIND("]",$B11)-FIND("[",$B11)-1),IF(ISNUMBER($B11),INDEX(Personnes!$B$5:$B$154,MATCH($B11,Personnes!$A$5:$A$154,0)),IFERROR(INDEX(Personnes!$B$5:$B$154,MATCH($B11&"*",Personnes!$C$5:$C$154,0)),INDEX(Personnes!$B$5:$B$154,MATCH($B11&"*",Personnes!$D$5:$D$154,0))))),"")) | D11: =IFERROR(INDEX(Personnes!$C$5:$C$154,MATCH($C11,Personnes!$B$5:$B$154,0))&"","") | E11: =IFERROR(INDEX(Personnes!$D$5:$D$154,MATCH($C11,Personnes!$B$5:$B$154,0))&"","") | H11: =IF($B11="","",IF($C11="","apnéiste non reconnu",IF($A11="","séance non renseignée",IF(COUNTIFS($A$5:$A$504,$A11,$C$5:$C$504,$C11)>1,"doublon séance / apnéiste",IF(OR($C11=IFERROR(INDEX('Calendrier'!$K$5:$K$5,MATCH($A11,'Calendrier'!$A$5:$A$5,0)),""),$C11=IFERROR(INDEX('Calendrier'!$O$5:$O$5,MATCH($A11,'Calendrier'!$A$5:$A$5,0)),"")),"encadrant et élève sur la même séance",IF(IFERROR(INDEX(Personnes!$H$5:$H$154,MATCH($C11,Personnes!$B$5:$B$154,0)),"")<>"oui","invité (hors ligne)","ok"))))))
C12: =IF($B12="","",IFERROR(IF(ISNUMBER(FIND("[",$B12)),MID($B12,FIND("[",$B12)+1,FIND("]",$B12)-FIND("[",$B12)-1),IF(ISNUMBER($B12),INDEX(Personnes!$B$5:$B$154,MATCH($B12,Personnes!$A$5:$A$154,0)),IFERROR(INDEX(Personnes!$B$5:$B$154,MATCH($B12&"*",Personnes!$C$5:$C$154,0)),INDEX(Personnes!$B$5:$B$154,MATCH($B12&"*",Personnes!$D$5:$D$154,0))))),"")) | D12: =IFERROR(INDEX(Personnes!$C$5:$C$154,MATCH($C12,Personnes!$B$5:$B$154,0))&"","") | E12: =IFERROR(INDEX(Personnes!$D$5:$D$154,MATCH($C12,Personnes!$B$5:$B$154,0))&"","") | H12: =IF($B12="","",IF($C12="","apnéiste non reconnu",IF($A12="","séance non renseignée",IF(COUNTIFS($A$5:$A$504,$A12,$C$5:$C$504,$C12)>1,"doublon séance / apnéiste",IF(OR($C12=IFERROR(INDEX('Calendrier'!$K$5:$K$5,MATCH($A12,'Calendrier'!$A$5:$A$5,0)),""),$C12=IFERROR(INDEX('Calendrier'!$O$5:$O$5,MATCH($A12,'Calendrier'!$A$5:$A$5,0)),"")),"encadrant et élève sur la même séance",IF(IFERROR(INDEX(Personnes!$H$5:$H$154,MATCH($C12,Personnes!$B$5:$B$154,0)),"")<>"oui","invité (hors ligne)","ok"))))))
C13: =IF($B13="","",IFERROR(IF(ISNUMBER(FIND("[",$B13)),MID($B13,FIND("[",$B13)+1,FIND("]",$B13)-FIND("[",$B13)-1),IF(ISNUMBER($B13),INDEX(Personnes!$B$5:$B$154,MATCH($B13,Personnes!$A$5:$A$154,0)),IFERROR(INDEX(Personnes!$B$5:$B$154,MATCH($B13&"*",Personnes!$C$5:$C$154,0)),INDEX(Personnes!$B$5:$B$154,MATCH($B13&"*",Personnes!$D$5:$D$154,0))))),"")) | D13: =IFERROR(INDEX(Personnes!$C$5:$C$154,MATCH($C13,Personnes!$B$5:$B$154,0))&"","") | E13: =IFERROR(INDEX(Personnes!$D$5:$D$154,MATCH($C13,Personnes!$B$5:$B$154,0))&"","") | H13: =IF($B13="","",IF($C13="","apnéiste non reconnu",IF($A13="","séance non renseignée",IF(COUNTIFS($A$5:$A$504,$A13,$C$5:$C$504,$C13)>1,"doublon séance / apnéiste",IF(OR($C13=IFERROR(INDEX('Calendrier'!$K$5:$K$5,MATCH($A13,'Calendrier'!$A$5:$A$5,0)),""),$C13=IFERROR(INDEX('Calendrier'!$O$5:$O$5,MATCH($A13,'Calendrier'!$A$5:$A$5,0)),"")),"encadrant et élève sur la même séance",IF(IFERROR(INDEX(Personnes!$H$5:$H$154,MATCH($C13,Personnes!$B$5:$B$154,0)),"")<>"oui","invité (hors ligne)","ok"))))))
C14: =IF($B14="","",IFERROR(IF(ISNUMBER(FIND("[",$B14)),MID($B14,FIND("[",$B14)+1,FIND("]",$B14)-FIND("[",$B14)-1),IF(ISNUMBER($B14),INDEX(Personnes!$B$5:$B$154,MATCH($B14,Personnes!$A$5:$A$154,0)),IFERROR(INDEX(Personnes!$B$5:$B$154,MATCH($B14&"*",Personnes!$C$5:$C$154,0)),INDEX(Personnes!$B$5:$B$154,MATCH($B14&"*",Personnes!$D$5:$D$154,0))))),"")) | D14: =IFERROR(INDEX(Personnes!$C$5:$C$154,MATCH($C14,Personnes!$B$5:$B$154,0))&"","") | E14: =IFERROR(INDEX(Personnes!$D$5:$D$154,MATCH($C14,Personnes!$B$5:$B$154,0))&"","") | H14: =IF($B14="","",IF($C14="","apnéiste non reconnu",IF($A14="","séance non renseignée",IF(COUNTIFS($A$5:$A$504,$A14,$C$5:$C$504,$C14)>1,"doublon séance / apnéiste",IF(OR($C14=IFERROR(INDEX('Calendrier'!$K$5:$K$5,MATCH($A14,'Calendrier'!$A$5:$A$5,0)),""),$C14=IFERROR(INDEX('Calendrier'!$O$5:$O$5,MATCH($A14,'Calendrier'!$A$5:$A$5,0)),"")),"encadrant et élève sur la même séance",IF(IFERROR(INDEX(Personnes!$H$5:$H$154,MATCH($C14,Personnes!$B$5:$B$154,0)),"")<>"oui","invité (hors ligne)","ok"))))))
C15: =IF($B15="","",IFERROR(IF(ISNUMBER(FIND("[",$B15)),MID($B15,FIND("[",$B15)+1,FIND("]",$B15)-FIND("[",$B15)-1),IF(ISNUMBER($B15),INDEX(Personnes!$B$5:$B$154,MATCH($B15,Personnes!$A$5:$A$154,0)),IFERROR(INDEX(Personnes!$B$5:$B$154,MATCH($B15&"*",Personnes!$C$5:$C$154,0)),INDEX(Personnes!$B$5:$B$154,MATCH($B15&"*",Personnes!$D$5:$D$154,0))))),"")) | D15: =IFERROR(INDEX(Personnes!$C$5:$C$154,MATCH($C15,Personnes!$B$5:$B$154,0))&"","") | E15: =IFERROR(INDEX(Personnes!$D$5:$D$154,MATCH($C15,Personnes!$B$5:$B$154,0))&"","") | H15: =IF($B15="","",IF($C15="","apnéiste non reconnu",IF($A15="","séance non renseignée",IF(COUNTIFS($A$5:$A$504,$A15,$C$5:$C$504,$C15)>1,"doublon séance / apnéiste",IF(OR($C15=IFERROR(INDEX('Calendrier'!$K$5:$K$5,MATCH($A15,'Calendrier'!$A$5:$A$5,0)),""),$C15=IFERROR(INDEX('Calendrier'!$O$5:$O$5,MATCH($A15,'Calendrier'!$A$5:$A$5,0)),"")),"encadrant et élève sur la même séance",IF(IFERROR(INDEX(Personnes!$H$5:$H$154,MATCH($C15,Personnes!$B$5:$B$154,0)),"")<>"oui","invité (hors ligne)","ok"))))))
C16: =IF($B16="","",IFERROR(IF(ISNUMBER(FIND("[",$B16)),MID($B16,FIND("[",$B16)+1,FIND("]",$B16)-FIND("[",$B16)-1),IF(ISNUMBER($B16),INDEX(Personnes!$B$5:$B$154,MATCH($B16,Personnes!$A$5:$A$154,0)),IFERROR(INDEX(Personnes!$B$5:$B$154,MATCH($B16&"*",Personnes!$C$5:$C$154,0)),INDEX(Personnes!$B$5:$B$154,MATCH($B16&"*",Personnes!$D$5:$D$154,0))))),"")) | D16: =IFERROR(INDEX(Personnes!$C$5:$C$154,MATCH($C16,Personnes!$B$5:$B$154,0))&"","") | E16: =IFERROR(INDEX(Personnes!$D$5:$D$154,MATCH($C16,Personnes!$B$5:$B$154,0))&"","") | H16: =IF($B16="","",IF($C16="","apnéiste non reconnu",IF($A16="","séance non renseignée",IF(COUNTIFS($A$5:$A$504,$A16,$C$5:$C$504,$C16)>1,"doublon séance / apnéiste",IF(OR($C16=IFERROR(INDEX('Calendrier'!$K$5:$K$5,MATCH($A16,'Calendrier'!$A$5:$A$5,0)),""),$C16=IFERROR(INDEX('Calendrier'!$O$5:$O$5,MATCH($A16,'Calendrier'!$A$5:$A$5,0)),"")),"encadrant et élève sur la même séance",IF(IFERROR(INDEX(Personnes!$H$5:$H$154,MATCH($C16,Personnes!$B$5:$B$154,0)),"")<>"oui","invité (hors ligne)","ok"))))))
... C504: =IF($B504="","",IFERROR(IF(ISNUMBER(FIND("[",$B504)),MID($B504,FIND("[",$B504)+1,FIND("]",$B504)-FIND("[",$B504)-1),IF(ISNUMBER($B504),INDEX(Personnes!$B$5:$B$154,MATCH($B504,Personnes!$A$5:$A$154,0)),IFERROR(INDEX(Personnes!$B$5:$B$154,MATCH($B504&"*",Personnes!$C$5:$C$154,0)),INDEX(Personnes!$B$5:$B$154,MATCH($B504&"*",Personnes!$D$5:$D$154,0))))),"")) | D504: =IFERROR(INDEX(Personnes!$C$5:$C$154,MATCH($C504,Personnes!$B$5:$B$154,0))&"","") | E504: =IFERROR(INDEX(Personnes!$D$5:$D$154,MATCH($C504,Personnes!$B$5:$B$154,0))&"","") | H504: =IF($B504="","",IF($C504="","apnéiste non reconnu",IF($A504="","séance non renseignée",IF(COUNTIFS($A$5:$A$504,$A504,$C$5:$C$504,$C504)>1,"doublon séance / apnéiste",IF(OR($C504=IFERROR(INDEX('Calendrier'!$K$5:$K$5,MATCH($A504,'Calendrier'!$A$5:$A$5,0)),""),$C504=IFERROR(INDEX('Calendrier'!$O$5:$O$5,MATCH($A504,'Calendrier'!$A$5:$A$5,0)),"")),"encadrant et élève sur la même séance",IF(IFERROR(INDEX(Personnes!$H$5:$H$154,MATCH($C504,Personnes!$B$5:$B$154,0)),"")<>"oui","invité (hors ligne)","ok"))))))

Sheet Suivi_Objectifs
A1: Suivi des objectifs — ligne LC — Compétition
A2: Liste construite automatiquement depuis l'onglet Personnes. Saisissez le meilleur nombre de répétitions réussies au cours d'une même séance.
E4: OBJECTIFS EN MAÎTRISE | O4: OBJECTIFS EN ACQUISITION
E5: 125m dyn | G5: 4 x 50m départ 1' | I5: 1'30 de STA + 75m | K5: 50m lent (2'30) | M5: 75m en brasse | O5: 150m dyn | P5: 4 x 50m départ 55'' | Q5: 2' de STA + 75m | R5: 50m lent (3') | S5: 100m en brasse
E6: =IFERROR(INDEX(Referentiel!$E$6:$E$25,MATCH("L4-M1",Referentiel!$A$6:$A$25,0)),"") -> 0 | F6: seuil → | G6: =IFERROR(INDEX(Referentiel!$E$6:$E$25,MATCH("L4-M2",Referentiel!$A$6:$A$25,0)),"") -> 0 | H6: seuil → | I6: =IFERROR(INDEX(Referentiel!$E$6:$E$25,MATCH("L4-M3",Referentiel!$A$6:$A$25,0)),"") -> 0 | J6: seuil → | K6: =IFERROR(INDEX(Referentiel!$E$6:$E$25,MATCH("L4-M4",Referentiel!$A$6:$A$25,0)),"") -> 0 | L6: seuil → | M6: =IFERROR(INDEX(Referentiel!$E$6:$E$25,MATCH("L4-M5",Referentiel!$A$6:$A$25,0)),"") -> 0 | N6: seuil →
A7: Code | B7: ID | C7: Nom | D7: Prénom | E7: Nb rép. L4-M1 | F7: % L4-M1 | G7: Nb rép. L4-M2 | H7: % L4-M2 | I7: Nb rép. L4-M3 | J7: % L4-M3 | K7: Nb rép. L4-M4 | L7: % L4-M4 | M7: Nb rép. L4-M5 | N7: % L4-M5 | O7: Statut L4-A1 | P7: Statut L4-A2 | Q7: Statut L4-A3 | R7: Statut L4-A4 | S7: Statut L4-A5 | T7: Mis à jour par | U7: le
A8: 1 | B8: =IFERROR(INDEX(Personnes!$B$5:$B$154,MATCH(1,Personnes!$L$5:$L$154,0)),"") -> P100 | C8: =IFERROR(INDEX(Personnes!$C$5:$C$154,MATCH($B8,Personnes!$B$5:$B$154,0))&"","") -> AUBERT | D8: =IFERROR(INDEX(Personnes!$D$5:$D$154,MATCH($B8,Personnes!$B$5:$B$154,0))&"","") -> Sebastien | F8: =IFERROR(IF($E8="","",MIN(1,$E8/E$6)),"") | H8: =IFERROR(IF($G8="","",MIN(1,$G8/G$6)),"") | J8: =IFERROR(IF($I8="","",MIN(1,$I8/I$6)),"") | L8: =IFERROR(IF($K8="","",MIN(1,$K8/K$6)),"") | N8: =IFERROR(IF($M8="","",MIN(1,$M8/M$6)),"")
A9: 2 | B9: =IFERROR(INDEX(Personnes!$B$5:$B$154,MATCH(2,Personnes!$L$5:$L$154,0)),"") -> P101 | C9: =IFERROR(INDEX(Personnes!$C$5:$C$154,MATCH($B9,Personnes!$B$5:$B$154,0))&"","") -> BELHADJ KACEM | D9: =IFERROR(INDEX(Personnes!$D$5:$D$154,MATCH($B9,Personnes!$B$5:$B$154,0))&"","") -> Mohammed | F9: =IFERROR(IF($E9="","",MIN(1,$E9/E$6)),"") | H9: =IFERROR(IF($G9="","",MIN(1,$G9/G$6)),"") | J9: =IFERROR(IF($I9="","",MIN(1,$I9/I$6)),"") | L9: =IFERROR(IF($K9="","",MIN(1,$K9/K$6)),"") | N9: =IFERROR(IF($M9="","",MIN(1,$M9/M$6)),"")
A10: 3 | B10: =IFERROR(INDEX(Personnes!$B$5:$B$154,MATCH(3,Personnes!$L$5:$L$154,0)),"") -> P049 | C10: =IFERROR(INDEX(Personnes!$C$5:$C$154,MATCH($B10,Personnes!$B$5:$B$154,0))&"","") -> BOULANT | D10: =IFERROR(INDEX(Personnes!$D$5:$D$154,MATCH($B10,Personnes!$B$5:$B$154,0))&"","") -> Guillaume | F10: =IFERROR(IF($E10="","",MIN(1,$E10/E$6)),"") | H10: =IFERROR(IF($G10="","",MIN(1,$G10/G$6)),"") | J10: =IFERROR(IF($I10="","",MIN(1,$I10/I$6)),"") | L10: =IFERROR(IF($K10="","",MIN(1,$K10/K$6)),"") | N10: =IFERROR(IF($M10="","",MIN(1,$M10/M$6)),"")
A11: 4 | B11: =IFERROR(INDEX(Personnes!$B$5:$B$154,MATCH(4,Personnes!$L$5:$L$154,0)),"") -> P057 | C11: =IFERROR(INDEX(Personnes!$C$5:$C$154,MATCH($B11,Personnes!$B$5:$B$154,0))&"","") -> COLIN DE VERDIERE | D11: =IFERROR(INDEX(Personnes!$D$5:$D$154,MATCH($B11,Personnes!$B$5:$B$154,0))&"","") -> Antoine | F11: =IFERROR(IF($E11="","",MIN(1,$E11/E$6)),"") | H11: =IFERROR(IF($G11="","",MIN(1,$G11/G$6)),"") | J11: =IFERROR(IF($I11="","",MIN(1,$I11/I$6)),"") | L11: =IFERROR(IF($K11="","",MIN(1,$K11/K$6)),"") | N11: =IFERROR(IF($M11="","",MIN(1,$M11/M$6)),"")
A12: 5 | B12: =IFERROR(INDEX(Personnes!$B$5:$B$154,MATCH(5,Personnes!$L$5:$L$154,0)),"") -> P063 | C12: =IFERROR(INDEX(Personnes!$C$5:$C$154,MATCH($B12,Personnes!$B$5:$B$154,0))&"","") -> COLLINET | D12: =IFERROR(INDEX(Personnes!$D$5:$D$154,MATCH($B12,Personnes!$B$5:$B$154,0))&"","") -> Sabine | F12: =IFERROR(IF($E12="","",MIN(1,$E12/E$6)),"") | H12: =IFERROR(IF($G12="","",MIN(1,$G12/G$6)),"") | J12: =IFERROR(IF($I12="","",MIN(1,$I12/I$6)),"") | L12: =IFERROR(IF($K12="","",MIN(1,$K12/K$6)),"") | N12: =IFERROR(IF($M12="","",MIN(1,$M12/M$6)),"")
A13: 6 | B13: =IFERROR(INDEX(Personnes!$B$5:$B$154,MATCH(6,Personnes!$L$5:$L$154,0)),"") -> P043 | C13: =IFERROR(INDEX(Personnes!$C$5:$C$154,MATCH($B13,Personnes!$B$5:$B$154,0))&"","") -> DUMONT | D13: =IFERROR(INDEX(Personnes!$D$5:$D$154,MATCH($B13,Personnes!$B$5:$B$154,0))&"","") -> Céline | F13: =IFERROR(IF($E13="","",MIN(1,$E13/E$6)),"") | H13: =IFERROR(IF($G13="","",MIN(1,$G13/G$6)),"") | J13: =IFERROR(IF($I13="","",MIN(1,$I13/I$6)),"") | L13: =IFERROR(IF($K13="","",MIN(1,$K13/K$6)),"") | N13: =IFERROR(IF($M13="","",MIN(1,$M13/M$6)),"")
A14: 7 | B14: =IFERROR(INDEX(Personnes!$B$5:$B$154,MATCH(7,Personnes!$L$5:$L$154,0)),"") -> P102 | C14: =IFERROR(INDEX(Personnes!$C$5:$C$154,MATCH($B14,Personnes!$B$5:$B$154,0))&"","") -> DUSSAUD | D14: =IFERROR(INDEX(Personnes!$D$5:$D$154,MATCH($B14,Personnes!$B$5:$B$154,0))&"","") -> Sebastien | F14: =IFERROR(IF($E14="","",MIN(1,$E14/E$6)),"") | H14: =IFERROR(IF($G14="","",MIN(1,$G14/G$6)),"") | J14: =IFERROR(IF($I14="","",MIN(1,$I14/I$6)),"") | L14: =IFERROR(IF($K14="","",MIN(1,$K14/K$6)),"") | N14: =IFERROR(IF($M14="","",MIN(1,$M14/M$6)),"")
A15: 8 | B15: =IFERROR(INDEX(Personnes!$B$5:$B$154,MATCH(8,Personnes!$L$5:$L$154,0)),"") -> P039 | C15: =IFERROR(INDEX(Personnes!$C$5:$C$154,MATCH($B15,Personnes!$B$5:$B$154,0))&"","") -> FREDON | D15: =IFERROR(INDEX(Personnes!$D$5:$D$154,MATCH($B15,Personnes!$B$5:$B$154,0))&"","") -> Philippe | F15: =IFERROR(IF($E15="","",MIN(1,$E15/E$6)),"") | H15: =IFERROR(IF($G15="","",MIN(1,$G15/G$6)),"") | J15: =IFERROR(IF($I15="","",MIN(1,$I15/I$6)),"") | L15: =IFERROR(IF($K15="","",MIN(1,$K15/K$6)),"") | N15: =IFERROR(IF($M15="","",MIN(1,$M15/M$6)),"")
A16: 9 | B16: =IFERROR(INDEX(Personnes!$B$5:$B$154,MATCH(9,Personnes!$L$5:$L$154,0)),"") -> P058 | C16: =IFERROR(INDEX(Personnes!$C$5:$C$154,MATCH($B16,Personnes!$B$5:$B$154,0))&"","") -> MAALAOUI | D16: =IFERROR(INDEX(Personnes!$D$5:$D$154,MATCH($B16,Personnes!$B$5:$B$154,0))&"","") -> Larbi | F16: =IFERROR(IF($E16="","",MIN(1,$E16/E$6)),"") | H16: =IFERROR(IF($G16="","",MIN(1,$G16/G$6)),"") | J16: =IFERROR(IF($I16="","",MIN(1,$I16/I$6)),"") | L16: =IFERROR(IF($K16="","",MIN(1,$K16/K$6)),"") | N16: =IFERROR(IF($M16="","",MIN(1,$M16/M$6)),"")
A17: 10 | B17: =IFERROR(INDEX(Personnes!$B$5:$B$154,MATCH(10,Personnes!$L$5:$L$154,0)),"") -> P103 | C17: =IFERROR(INDEX(Personnes!$C$5:$C$154,MATCH($B17,Personnes!$B$5:$B$154,0))&"","") -> NOURA | D17: =IFERROR(INDEX(Personnes!$D$5:$D$154,MATCH($B17,Personnes!$B$5:$B$154,0))&"","") -> Karim | F17: =IFERROR(IF($E17="","",MIN(1,$E17/E$6)),"") | H17: =IFERROR(IF($G17="","",MIN(1,$G17/G$6)),"") | J17: =IFERROR(IF($I17="","",MIN(1,$I17/I$6)),"") | L17: =IFERROR(IF($K17="","",MIN(1,$K17/K$6)),"") | N17: =IFERROR(IF($M17="","",MIN(1,$M17/M$6)),"")
A18: 11 | B18: =IFERROR(INDEX(Personnes!$B$5:$B$154,MATCH(11,Personnes!$L$5:$L$154,0)),"") -> P044 | C18: =IFERROR(INDEX(Personnes!$C$5:$C$154,MATCH($B18,Personnes!$B$5:$B$154,0))&"","") -> PASCAL | D18: =IFERROR(INDEX(Personnes!$D$5:$D$154,MATCH($B18,Personnes!$B$5:$B$154,0))&"","") -> Alain | F18: =IFERROR(IF($E18="","",MIN(1,$E18/E$6)),"") | H18: =IFERROR(IF($G18="","",MIN(1,$G18/G$6)),"") | J18: =IFERROR(IF($I18="","",MIN(1,$I18/I$6)),"") | L18: =IFERROR(IF($K18="","",MIN(1,$K18/K$6)),"") | N18: =IFERROR(IF($M18="","",MIN(1,$M18/M$6)),"")
A19: 12 | B19: =IFERROR(INDEX(Personnes!$B$5:$B$154,MATCH(12,Personnes!$L$5:$L$154,0)),"") -> P045 | C19: =IFERROR(INDEX(Personnes!$C$5:$C$154,MATCH($B19,Personnes!$B$5:$B$154,0))&"","") -> SEGUI | D19: =IFERROR(INDEX(Personnes!$D$5:$D$154,MATCH($B19,Personnes!$B$5:$B$154,0))&"","") -> Danny | F19: =IFERROR(IF($E19="","",MIN(1,$E19/E$6)),"") | H19: =IFERROR(IF($G19="","",MIN(1,$G19/G$6)),"") | J19: =IFERROR(IF($I19="","",MIN(1,$I19/I$6)),"") | L19: =IFERROR(IF($K19="","",MIN(1,$K19/K$6)),"") | N19: =IFERROR(IF($M19="","",MIN(1,$M19/M$6)),"")
A20: 13 | B20: =IFERROR(INDEX(Personnes!$B$5:$B$154,MATCH(13,Personnes!$L$5:$L$154,0)),"") | C20: =IFERROR(INDEX(Personnes!$C$5:$C$154,MATCH($B20,Personnes!$B$5:$B$154,0))&"","") | D20: =IFERROR(INDEX(Personnes!$D$5:$D$154,MATCH($B20,Personnes!$B$5:$B$154,0))&"","") | F20: =IFERROR(IF($E20="","",MIN(1,$E20/E$6)),"") | H20: =IFERROR(IF($G20="","",MIN(1,$G20/G$6)),"") | J20: =IFERROR(IF($I20="","",MIN(1,$I20/I$6)),"") | L20: =IFERROR(IF($K20="","",MIN(1,$K20/K$6)),"") | N20: =IFERROR(IF($M20="","",MIN(1,$M20/M$6)),"")
A21: 14 | B21: =IFERROR(INDEX(Personnes!$B$5:$B$154,MATCH(14,Personnes!$L$5:$L$154,0)),"") | C21: =IFERROR(INDEX(Personnes!$C$5:$C$154,MATCH($B21,Personnes!$B$5:$B$154,0))&"","") | D21: =IFERROR(INDEX(Personnes!$D$5:$D$154,MATCH($B21,Personnes!$B$5:$B$154,0))&"","") | F21: =IFERROR(IF($E21="","",MIN(1,$E21/E$6)),"") | H21: =IFERROR(IF($G21="","",MIN(1,$G21/G$6)),"") | J21: =IFERROR(IF($I21="","",MIN(1,$I21/I$6)),"") | L21: =IFERROR(IF($K21="","",MIN(1,$K21/K$6)),"") | N21: =IFERROR(IF($M21="","",MIN(1,$M21/M$6)),"")
A22: 15 | B22: =IFERROR(INDEX(Personnes!$B$5:$B$154,MATCH(15,Personnes!$L$5:$L$154,0)),"") | C22: =IFERROR(INDEX(Personnes!$C$5:$C$154,MATCH($B22,Personnes!$B$5:$B$154,0))&"","") | D22: =IFERROR(INDEX(Personnes!$D$5:$D$154,MATCH($B22,Personnes!$B$5:$B$154,0))&"","") | F22: =IFERROR(IF($E22="","",MIN(1,$E22/E$6)),"") | H22: =IFERROR(IF($G22="","",MIN(1,$G22/G$6)),"") | J22: =IFERROR(IF($I22="","",MIN(1,$I22/I$6)),"") | L22: =IFERROR(IF($K22="","",MIN(1,$K22/K$6)),"") | N22: =IFERROR(IF($M22="","",MIN(1,$M22/M$6)),"")
A23: 16 | B23: =IFERROR(INDEX(Personnes!$B$5:$B$154,MATCH(16,Personnes!$L$5:$L$154,0)),"") | C23: =IFERROR(INDEX(Personnes!$C$5:$C$154,MATCH($B23,Personnes!$B$5:$B$154,0))&"","") | D23: =IFERROR(INDEX(Personnes!$D$5:$D$154,MATCH($B23,Personnes!$B$5:$B$154,0))&"","") | F23: =IFERROR(IF($E23="","",MIN(1,$E23/E$6)),"") | H23: =IFERROR(IF($G23="","",MIN(1,$G23/G$6)),"") | J23: =IFERROR(IF($I23="","",MIN(1,$I23/I$6)),"") | L23: =IFERROR(IF($K23="","",MIN(1,$K23/K$6)),"") | N23: =IFERROR(IF($M23="","",MIN(1,$M23/M$6)),"")
A24: 17 | B24: =IFERROR(INDEX(Personnes!$B$5:$B$154,MATCH(17,Personnes!$L$5:$L$154,0)),"") | C24: =IFERROR(INDEX(Personnes!$C$5:$C$154,MATCH($B24,Personnes!$B$5:$B$154,0))&"","") | D24: =IFERROR(INDEX(Personnes!$D$5:$D$154,MATCH($B24,Personnes!$B$5:$B$154,0))&"","") | F24: =IFERROR(IF($E24="","",MIN(1,$E24/E$6)),"") | H24: =IFERROR(IF($G24="","",MIN(1,$G24/G$6)),"") | J24: =IFERROR(IF($I24="","",MIN(1,$I24/I$6)),"") | L24: =IFERROR(IF($K24="","",MIN(1,$K24/K$6)),"") | N24: =IFERROR(IF($M24="","",MIN(1,$M24/M$6)),"")
A25: 18 | B25: =IFERROR(INDEX(Personnes!$B$5:$B$154,MATCH(18,Personnes!$L$5:$L$154,0)),"") | C25: =IFERROR(INDEX(Personnes!$C$5:$C$154,MATCH($B25,Personnes!$B$5:$B$154,0))&"","") | D25: =IFERROR(INDEX(Personnes!$D$5:$D$154,MATCH($B25,Personnes!$B$5:$B$154,0))&"","") | F25: =IFERROR(IF($E25="","",MIN(1,$E25/E$6)),"") | H25: =IFERROR(IF($G25="","",MIN(1,$G25/G$6)),"") | J25: =IFERROR(IF($I25="","",MIN(1,$I25/I$6)),"") | L25: =IFERROR(IF($K25="","",MIN(1,$K25/K$6)),"") | N25: =IFERROR(IF($M25="","",MIN(1,$M25/M$6)),"")
A26: 19 | B26: =IFERROR(INDEX(Personnes!$B$5:$B$154,MATCH(19,Personnes!$L$5:$L$154,0)),"") | C26: =IFERROR(INDEX(Personnes!$C$5:$C$154,MATCH($B26,Personnes!$B$5:$B$154,0))&"","") | D26: =IFERROR(INDEX(Personnes!$D$5:$D$154,MATCH($B26,Personnes!$B$5:$B$154,0))&"","") | F26: =IFERROR(IF($E26="","",MIN(1,$E26/E$6)),"") | H26: =IFERROR(IF($G26="","",MIN(1,$G26/G$6)),"") | J26: =IFERROR(IF($I26="","",MIN(1,$I26/I$6)),"") | L26: =IFERROR(IF($K26="","",MIN(1,$K26/K$6)),"") | N26: =IFERROR(IF($M26="","",MIN(1,$M26/M$6)),"")
A27: 20 | B27: =IFERROR(INDEX(Personnes!$B$5:$B$154,MATCH(20,Personnes!$L$5:$L$154,0)),"") | C27: =IFERROR(INDEX(Personnes!$C$5:$C$154,MATCH($B27,Personnes!$B$5:$B$154,0))&"","") | D27: =IFERROR(INDEX(Personnes!$D$5:$D$154,MATCH($B27,Personnes!$B$5:$B$154,0))&"","") | F27: =IFERROR(IF($E27="","",MIN(1,$E27/E$6)),"") | H27: =IFERROR(IF($G27="","",MIN(1,$G27/G$6)),"") | J27: =IFERROR(IF($I27="","",MIN(1,$I27/I$6)),"") | L27: =IFERROR(IF($K27="","",MIN(1,$K27/K$6)),"") | N27: =IFERROR(IF($M27="","",MIN(1,$M27/M$6)),"")
A28: 21 | B28: =IFERROR(INDEX(Personnes!$B$5:$B$154,MATCH(21,Personnes!$L$5:$L$154,0)),"") | C28: =IFERROR(INDEX(Personnes!$C$5:$C$154,MATCH($B28,Personnes!$B$5:$B$154,0))&"","") | D28: =IFERROR(INDEX(Personnes!$D$5:$D$154,MATCH($B28,Personnes!$B$5:$B$154,0))&"","") | F28: =IFERROR(IF($E28="","",MIN(1,$E28/E$6)),"") | H28: =IFERROR(IF($G28="","",MIN(1,$G28/G$6)),"") | J28: =IFERROR(IF($I28="","",MIN(1,$I28/I$6)),"") | L28: =IFERROR(IF($K28="","",MIN(1,$K28/K$6)),"") | N28: =IFERROR(IF($M28="","",MIN(1,$M28/M$6)),"")
A29: 22 | B29: =IFERROR(INDEX(Personnes!$B$5:$B$154,MATCH(22,Personnes!$L$5:$L$154,0)),"") | C29: =IFERROR(INDEX(Personnes!$C$5:$C$154,MATCH($B29,Personnes!$B$5:$B$154,0))&"","") | D29: =IFERROR(INDEX(Personnes!$D$5:$D$154,MATCH($B29,Personnes!$B$5:$B$154,0))&"","") | F29: =IFERROR(IF($E29="","",MIN(1,$E29/E$6)),"") | H29: =IFERROR(IF($G29="","",MIN(1,$G29/G$6)),"") | J29: =IFERROR(IF($I29="","",MIN(1,$I29/I$6)),"") | L29: =IFERROR(IF($K29="","",MIN(1,$K29/K$6)),"") | N29: =IFERROR(IF($M29="","",MIN(1,$M29/M$6)),"")
A30: 23 | B30: =IFERROR(INDEX(Personnes!$B$5:$B$154,MATCH(23,Personnes!$L$5:$L$154,0)),"") | C30: =IFERROR(INDEX(Personnes!$C$5:$C$154,MATCH($B30,Personnes!$B$5:$B$154,0))&"","") | D30: =IFERROR(INDEX(Personnes!$D$5:$D$154,MATCH($B30,Personnes!$B$5:$B$154,0))&"","") | F30: =IFERROR(IF($E30="","",MIN(1,$E30/E$6)),"") | H30: =IFERROR(IF($G30="","",MIN(1,$G30/G$6)),"") | J30: =IFERROR(IF($I30="","",MIN(1,$I30/I$6)),"") | L30: =IFERROR(IF($K30="","",MIN(1,$K30/K$6)),"") | N30: =IFERROR(IF($M30="","",MIN(1,$M30/M$6)),"")
A31: 24 | B31: =IFERROR(INDEX(Personnes!$B$5:$B$154,MATCH(24,Personnes!$L$5:$L$154,0)),"") | C31: =IFERROR(INDEX(Personnes!$C$5:$C$154,MATCH($B31,Personnes!$B$5:$B$154,0))&"","") | D31: =IFERROR(INDEX(Personnes!$D$5:$D$154,MATCH($B31,Personnes!$B$5:$B$154,0))&"","") | F31: =IFERROR(IF($E31="","",MIN(1,$E31/E$6)),"") | H31: =IFERROR(IF($G31="","",MIN(1,$G31/G$6)),"") | J31: =IFERROR(IF($I31="","",MIN(1,$I31/I$6)),"") | L31: =IFERROR(IF($K31="","",MIN(1,$K31/K$6)),"") | N31: =IFERROR(IF($M31="","",MIN(1,$M31/M$6)),"")
A32: 25 | B32: =IFERROR(INDEX(Personnes!$B$5:$B$154,MATCH(25,Personnes!$L$5:$L$154,0)),"") | C32: =IFERROR(INDEX(Personnes!$C$5:$C$154,MATCH($B32,Personnes!$B$5:$B$154,0))&"","") | D32: =IFERROR(INDEX(Personnes!$D$5:$D$154,MATCH($B32,Personnes!$B$5:$B$154,0))&"","") | F32: =IFERROR(IF($E32="","",MIN(1,$E32/E$6)),"") | H32: =IFERROR(IF($G32="","",MIN(1,$G32/G$6)),"") | J32: =IFERROR(IF($I32="","",MIN(1,$I32/I$6)),"") | L32: =IFERROR(IF($K32="","",MIN(1,$K32/K$6)),"") | N32: =IFERROR(IF($M32="","",MIN(1,$M32/M$6)),"")
A33: 26 | B33: =IFERROR(INDEX(Personnes!$B$5:$B$154,MATCH(26,Personnes!$L$5:$L$154,0)),"") | C33: =IFERROR(INDEX(Personnes!$C$5:$C$154,MATCH($B33,Personnes!$B$5:$B$154,0))&"","") | D33: =IFERROR(INDEX(Personnes!$D$5:$D$154,MATCH($B33,Personnes!$B$5:$B$154,0))&"","") | F33: =IFERROR(IF($E33="","",MIN(1,$E33/E$6)),"") | H33: =IFERROR(IF($G33="","",MIN(1,$G33/G$6)),"") | J33: =IFERROR(IF($I33="","",MIN(1,$I33/I$6)),"") | L33: =IFERROR(IF($K33="","",MIN(1,$K33/K$6)),"") | N33: =IFERROR(IF($M33="","",MIN(1,$M33/M$6)),"")
A34: 27 | B34: =IFERROR(INDEX(Personnes!$B$5:$B$154,MATCH(27,Personnes!$L$5:$L$154,0)),"") | C34: =IFERROR(INDEX(Personnes!$C$5:$C$154,MATCH($B34,Personnes!$B$5:$B$154,0))&"","") | D34: =IFERROR(INDEX(Personnes!$D$5:$D$154,MATCH($B34,Personnes!$B$5:$B$154,0))&"","") | F34: =IFERROR(IF($E34="","",MIN(1,$E34/E$6)),"") | H34: =IFERROR(IF($G34="","",MIN(1,$G34/G$6)),"") | J34: =IFERROR(IF($I34="","",MIN(1,$I34/I$6)),"") | L34: =IFERROR(IF($K34="","",MIN(1,$K34/K$6)),"") | N34: =IFERROR(IF($M34="","",MIN(1,$M34/M$6)),"")
A35: 28 | B35: =IFERROR(INDEX(Personnes!$B$5:$B$154,MATCH(28,Personnes!$L$5:$L$154,0)),"") | C35: =IFERROR(INDEX(Personnes!$C$5:$C$154,MATCH($B35,Personnes!$B$5:$B$154,0))&"","") | D35: =IFERROR(INDEX(Personnes!$D$5:$D$154,MATCH($B35,Personnes!$B$5:$B$154,0))&"","") | F35: =IFERROR(IF($E35="","",MIN(1,$E35/E$6)),"") | H35: =IFERROR(IF($G35="","",MIN(1,$G35/G$6)),"") | J35: =IFERROR(IF($I35="","",MIN(1,$I35/I$6)),"") | L35: =IFERROR(IF($K35="","",MIN(1,$K35/K$6)),"") | N35: =IFERROR(IF($M35="","",MIN(1,$M35/M$6)),"")
A36: 29 | B36: =IFERROR(INDEX(Personnes!$B$5:$B$154,MATCH(29,Personnes!$L$5:$L$154,0)),"") | C36: =IFERROR(INDEX(Personnes!$C$5:$C$154,MATCH($B36,Personnes!$B$5:$B$154,0))&"","") | D36: =IFERROR(INDEX(Personnes!$D$5:$D$154,MATCH($B36,Personnes!$B$5:$B$154,0))&"","") | F36: =IFERROR(IF($E36="","",MIN(1,$E36/E$6)),"") | H36: =IFERROR(IF($G36="","",MIN(1,$G36/G$6)),"") | J36: =IFERROR(IF($I36="","",MIN(1,$I36/I$6)),"") | L36: =IFERROR(IF($K36="","",MIN(1,$K36/K$6)),"") | N36: =IFERROR(IF($M36="","",MIN(1,$M36/M$6)),"")
A37: 30 | B37: =IFERROR(INDEX(Personnes!$B$5:$B$154,MATCH(30,Personnes!$L$5:$L$154,0)),"") | C37: =IFERROR(INDEX(Personnes!$C$5:$C$154,MATCH($B37,Personnes!$B$5:$B$154,0))&"","") | D37: =IFERROR(INDEX(Personnes!$D$5:$D$154,MATCH($B37,Personnes!$B$5:$B$154,0))&"","") | F37: =IFERROR(IF($E37="","",MIN(1,$E37/E$6)),"") | H37: =IFERROR(IF($G37="","",MIN(1,$G37/G$6)),"") | J37: =IFERROR(IF($I37="","",MIN(1,$I37/I$6)),"") | L37: =IFERROR(IF($K37="","",MIN(1,$K37/K$6)),"") | N37: =IFERROR(IF($M37="","",MIN(1,$M37/M$6)),"")
A38: 31 | B38: =IFERROR(INDEX(Personnes!$B$5:$B$154,MATCH(31,Personnes!$L$5:$L$154,0)),"") | C38: =IFERROR(INDEX(Personnes!$C$5:$C$154,MATCH($B38,Personnes!$B$5:$B$154,0))&"","") | D38: =IFERROR(INDEX(Personnes!$D$5:$D$154,MATCH($B38,Personnes!$B$5:$B$154,0))&"","") | F38: =IFERROR(IF($E38="","",MIN(1,$E38/E$6)),"") | H38: =IFERROR(IF($G38="","",MIN(1,$G38/G$6)),"") | J38: =IFERROR(IF($I38="","",MIN(1,$I38/I$6)),"") | L38: =IFERROR(IF($K38="","",MIN(1,$K38/K$6)),"") | N38: =IFERROR(IF($M38="","",MIN(1,$M38/M$6)),"")
A39: 32 | B39: =IFERROR(INDEX(Personnes!$B$5:$B$154,MATCH(32,Personnes!$L$5:$L$154,0)),"") | C39: =IFERROR(INDEX(Personnes!$C$5:$C$154,MATCH($B39,Personnes!$B$5:$B$154,0))&"","") | D39: =IFERROR(INDEX(Personnes!$D$5:$D$154,MATCH($B39,Personnes!$B$5:$B$154,0))&"","") | F39: =IFERROR(IF($E39="","",MIN(1,$E39/E$6)),"") | H39: =IFERROR(IF($G39="","",MIN(1,$G39/G$6)),"") | J39: =IFERROR(IF($I39="","",MIN(1,$I39/I$6)),"") | L39: =IFERROR(IF($K39="","",MIN(1,$K39/K$6)),"") | N39: =IFERROR(IF($M39="","",MIN(1,$M39/M$6)),"")
A40: 33 | B40: =IFERROR(INDEX(Personnes!$B$5:$B$154,MATCH(33,Personnes!$L$5:$L$154,0)),"") | C40: =IFERROR(INDEX(Personnes!$C$5:$C$154,MATCH($B40,Personnes!$B$5:$B$154,0))&"","") | D40: =IFERROR(INDEX(Personnes!$D$5:$D$154,MATCH($B40,Personnes!$B$5:$B$154,0))&"","") | F40: =IFERROR(IF($E40="","",MIN(1,$E40/E$6)),"") | H40: =IFERROR(IF($G40="","",MIN(1,$G40/G$6)),"") | J40: =IFERROR(IF($I40="","",MIN(1,$I40/I$6)),"") | L40: =IFERROR(IF($K40="","",MIN(1,$K40/K$6)),"") | N40: =IFERROR(IF($M40="","",MIN(1,$M40/M$6)),"")
A41: 34 | B41: =IFERROR(INDEX(Personnes!$B$5:$B$154,MATCH(34,Personnes!$L$5:$L$154,0)),"") | C41: =IFERROR(INDEX(Personnes!$C$5:$C$154,MATCH($B41,Personnes!$B$5:$B$154,0))&"","") | D41: =IFERROR(INDEX(Personnes!$D$5:$D$154,MATCH($B41,Personnes!$B$5:$B$154,0))&"","") | F41: =IFERROR(IF($E41="","",MIN(1,$E41/E$6)),"") | H41: =IFERROR(IF($G41="","",MIN(1,$G41/G$6)),"") | J41: =IFERROR(IF($I41="","",MIN(1,$I41/I$6)),"") | L41: =IFERROR(IF($K41="","",MIN(1,$K41/K$6)),"") | N41: =IFERROR(IF($M41="","",MIN(1,$M41/M$6)),"")
A42: 35 | B42: =IFERROR(INDEX(Personnes!$B$5:$B$154,MATCH(35,Personnes!$L$5:$L$154,0)),"") | C42: =IFERROR(INDEX(Personnes!$C$5:$C$154,MATCH($B42,Personnes!$B$5:$B$154,0))&"","") | D42: =IFERROR(INDEX(Personnes!$D$5:$D$154,MATCH($B42,Personnes!$B$5:$B$154,0))&"","") | F42: =IFERROR(IF($E42="","",MIN(1,$E42/E$6)),"") | H42: =IFERROR(IF($G42="","",MIN(1,$G42/G$6)),"") | J42: =IFERROR(IF($I42="","",MIN(1,$I42/I$6)),"") | L42: =IFERROR(IF($K42="","",MIN(1,$K42/K$6)),"") | N42: =IFERROR(IF($M42="","",MIN(1,$M42/M$6)),"")
A43: 36 | B43: =IFERROR(INDEX(Personnes!$B$5:$B$154,MATCH(36,Personnes!$L$5:$L$154,0)),"") | C43: =IFERROR(INDEX(Personnes!$C$5:$C$154,MATCH($B43,Personnes!$B$5:$B$154,0))&"","") | D43: =IFERROR(INDEX(Personnes!$D$5:$D$154,MATCH($B43,Personnes!$B$5:$B$154,0))&"","") | F43: =IFERROR(IF($E43="","",MIN(1,$E43/E$6)),"") | H43: =IFERROR(IF($G43="","",MIN(1,$G43/G$6)),"") | J43: =IFERROR(IF($I43="","",MIN(1,$I43/I$6)),"") | L43: =IFERROR(IF($K43="","",MIN(1,$K43/K$6)),"") | N43: =IFERROR(IF($M43="","",MIN(1,$M43/M$6)),"")
A44: 37 | B44: =IFERROR(INDEX(Personnes!$B$5:$B$154,MATCH(37,Personnes!$L$5:$L$154,0)),"") | C44: =IFERROR(INDEX(Personnes!$C$5:$C$154,MATCH($B44,Personnes!$B$5:$B$154,0))&"","") | D44: =IFERROR(INDEX(Personnes!$D$5:$D$154,MATCH($B44,Personnes!$B$5:$B$154,0))&"","") | F44: =IFERROR(IF($E44="","",MIN(1,$E44/E$6)),"") | H44: =IFERROR(IF($G44="","",MIN(1,$G44/G$6)),"") | J44: =IFERROR(IF($I44="","",MIN(1,$I44/I$6)),"") | L44: =IFERROR(IF($K44="","",MIN(1,$K44/K$6)),"") | N44: =IFERROR(IF($M44="","",MIN(1,$M44/M$6)),"")
A45: 38 | B45: =IFERROR(INDEX(Personnes!$B$5:$B$154,MATCH(38,Personnes!$L$5:$L$154,0)),"") | C45: =IFERROR(INDEX(Personnes!$C$5:$C$154,MATCH($B45,Personnes!$B$5:$B$154,0))&"","") | D45: =IFERROR(INDEX(Personnes!$D$5:$D$154,MATCH($B45,Personnes!$B$5:$B$154,0))&"","") | F45: =IFERROR(IF($E45="","",MIN(1,$E45/E$6)),"") | H45: =IFERROR(IF($G45="","",MIN(1,$G45/G$6)),"") | J45: =IFERROR(IF($I45="","",MIN(1,$I45/I$6)),"") | L45: =IFERROR(IF($K45="","",MIN(1,$K45/K$6)),"") | N45: =IFERROR(IF($M45="","",MIN(1,$M45/M$6)),"")
A46: 39 | B46: =IFERROR(INDEX(Personnes!$B$5:$B$154,MATCH(39,Personnes!$L$5:$L$154,0)),"") | C46: =IFERROR(INDEX(Personnes!$C$5:$C$154,MATCH($B46,Personnes!$B$5:$B$154,0))&"","") | D46: =IFERROR(INDEX(Personnes!$D$5:$D$154,MATCH($B46,Personnes!$B$5:$B$154,0))&"","") | F46: =IFERROR(IF($E46="","",MIN(1,$E46/E$6)),"") | H46: =IFERROR(IF($G46="","",MIN(1,$G46/G$6)),"") | J46: =IFERROR(IF($I46="","",MIN(1,$I46/I$6)),"") | L46: =IFERROR(IF($K46="","",MIN(1,$K46/K$6)),"") | N46: =IFERROR(IF($M46="","",MIN(1,$M46/M$6)),"")
A47: 40 | B47: =IFERROR(INDEX(Personnes!$B$5:$B$154,MATCH(40,Personnes!$L$5:$L$154,0)),"") | C47: =IFERROR(INDEX(Personnes!$C$5:$C$154,MATCH($B47,Personnes!$B$5:$B$154,0))&"","") | D47: =IFERROR(INDEX(Personnes!$D$5:$D$154,MATCH($B47,Personnes!$B$5:$B$154,0))&"","") | F47: =IFERROR(IF($E47="","",MIN(1,$E47/E$6)),"") | H47: =IFERROR(IF($G47="","",MIN(1,$G47/G$6)),"") | J47: =IFERROR(IF($I47="","",MIN(1,$I47/I$6)),"") | L47: =IFERROR(IF($K47="","",MIN(1,$K47/K$6)),"") | N47: =IFERROR(IF($M47="","",MIN(1,$M47/M$6)),"")
A48: 41 | B48: =IFERROR(INDEX(Personnes!$B$5:$B$154,MATCH(41,Personnes!$L$5:$L$154,0)),"") | C48: =IFERROR(INDEX(Personnes!$C$5:$C$154,MATCH($B48,Personnes!$B$5:$B$154,0))&"","") | D48: =IFERROR(INDEX(Personnes!$D$5:$D$154,MATCH($B48,Personnes!$B$5:$B$154,0))&"","") | F48: =IFERROR(IF($E48="","",MIN(1,$E48/E$6)),"") | H48: =IFERROR(IF($G48="","",MIN(1,$G48/G$6)),"") | J48: =IFERROR(IF($I48="","",MIN(1,$I48/I$6)),"") | L48: =IFERROR(IF($K48="","",MIN(1,$K48/K$6)),"") | N48: =IFERROR(IF($M48="","",MIN(1,$M48/M$6)),"")
A49: 42 | B49: =IFERROR(INDEX(Personnes!$B$5:$B$154,MATCH(42,Personnes!$L$5:$L$154,0)),"") | C49: =IFERROR(INDEX(Personnes!$C$5:$C$154,MATCH($B49,Personnes!$B$5:$B$154,0))&"","") | D49: =IFERROR(INDEX(Personnes!$D$5:$D$154,MATCH($B49,Personnes!$B$5:$B$154,0))&"","") | F49: =IFERROR(IF($E49="","",MIN(1,$E49/E$6)),"") | H49: =IFERROR(IF($G49="","",MIN(1,$G49/G$6)),"") | J49: =IFERROR(IF($I49="","",MIN(1,$I49/I$6)),"") | L49: =IFERROR(IF($K49="","",MIN(1,$K49/K$6)),"") | N49: =IFERROR(IF($M49="","",MIN(1,$M49/M$6)),"")
A50: 43 | B50: =IFERROR(INDEX(Personnes!$B$5:$B$154,MATCH(43,Personnes!$L$5:$L$154,0)),"") | C50: =IFERROR(INDEX(Personnes!$C$5:$C$154,MATCH($B50,Personnes!$B$5:$B$154,0))&"","") | D50: =IFERROR(INDEX(Personnes!$D$5:$D$154,MATCH($B50,Personnes!$B$5:$B$154,0))&"","") | F50: =IFERROR(IF($E50="","",MIN(1,$E50/E$6)),"") | H50: =IFERROR(IF($G50="","",MIN(1,$G50/G$6)),"") | J50: =IFERROR(IF($I50="","",MIN(1,$I50/I$6)),"") | L50: =IFERROR(IF($K50="","",MIN(1,$K50/K$6)),"") | N50: =IFERROR(IF($M50="","",MIN(1,$M50/M$6)),"")
A51: 44 | B51: =IFERROR(INDEX(Personnes!$B$5:$B$154,MATCH(44,Personnes!$L$5:$L$154,0)),"") | C51: =IFERROR(INDEX(Personnes!$C$5:$C$154,MATCH($B51,Personnes!$B$5:$B$154,0))&"","") | D51: =IFERROR(INDEX(Personnes!$D$5:$D$154,MATCH($B51,Personnes!$B$5:$B$154,0))&"","") | F51: =IFERROR(IF($E51="","",MIN(1,$E51/E$6)),"") | H51: =IFERROR(IF($G51="","",MIN(1,$G51/G$6)),"") | J51: =IFERROR(IF($I51="","",MIN(1,$I51/I$6)),"") | L51: =IFERROR(IF($K51="","",MIN(1,$K51/K$6)),"") | N51: =IFERROR(IF($M51="","",MIN(1,$M51/M$6)),"")
A52: 45 | B52: =IFERROR(INDEX(Personnes!$B$5:$B$154,MATCH(45,Personnes!$L$5:$L$154,0)),"") | C52: =IFERROR(INDEX(Personnes!$C$5:$C$154,MATCH($B52,Personnes!$B$5:$B$154,0))&"","") | D52: =IFERROR(INDEX(Personnes!$D$5:$D$154,MATCH($B52,Personnes!$B$5:$B$154,0))&"","") | F52: =IFERROR(IF($E52="","",MIN(1,$E52/E$6)),"") | H52: =IFERROR(IF($G52="","",MIN(1,$G52/G$6)),"") | J52: =IFERROR(IF($I52="","",MIN(1,$I52/I$6)),"") | L52: =IFERROR(IF($K52="","",MIN(1,$K52/K$6)),"") | N52: =IFERROR(IF($M52="","",MIN(1,$M52/M$6)),"")
A53: 46 | B53: =IFERROR(INDEX(Personnes!$B$5:$B$154,MATCH(46,Personnes!$L$5:$L$154,0)),"") | C53: =IFERROR(INDEX(Personnes!$C$5:$C$154,MATCH($B53,Personnes!$B$5:$B$154,0))&"","") | D53: =IFERROR(INDEX(Personnes!$D$5:$D$154,MATCH($B53,Personnes!$B$5:$B$154,0))&"","") | F53: =IFERROR(IF($E53="","",MIN(1,$E53/E$6)),"") | H53: =IFERROR(IF($G53="","",MIN(1,$G53/G$6)),"") | J53: =IFERROR(IF($I53="","",MIN(1,$I53/I$6)),"") | L53: =IFERROR(IF($K53="","",MIN(1,$K53/K$6)),"") | N53: =IFERROR(IF($M53="","",MIN(1,$M53/M$6)),"")
A54: 47 | B54: =IFERROR(INDEX(Personnes!$B$5:$B$154,MATCH(47,Personnes!$L$5:$L$154,0)),"") | C54: =IFERROR(INDEX(Personnes!$C$5:$C$154,MATCH($B54,Personnes!$B$5:$B$154,0))&"","") | D54: =IFERROR(INDEX(Personnes!$D$5:$D$154,MATCH($B54,Personnes!$B$5:$B$154,0))&"","") | F54: =IFERROR(IF($E54="","",MIN(1,$E54/E$6)),"") | H54: =IFERROR(IF($G54="","",MIN(1,$G54/G$6)),"") | J54: =IFERROR(IF($I54="","",MIN(1,$I54/I$6)),"") | L54: =IFERROR(IF($K54="","",MIN(1,$K54/K$6)),"") | N54: =IFERROR(IF($M54="","",MIN(1,$M54/M$6)),"")
A55: 48 | B55: =IFERROR(INDEX(Personnes!$B$5:$B$154,MATCH(48,Personnes!$L$5:$L$154,0)),"") | C55: =IFERROR(INDEX(Personnes!$C$5:$C$154,MATCH($B55,Personnes!$B$5:$B$154,0))&"","") | D55: =IFERROR(INDEX(Personnes!$D$5:$D$154,MATCH($B55,Personnes!$B$5:$B$154,0))&"","") | F55: =IFERROR(IF($E55="","",MIN(1,$E55/E$6)),"") | H55: =IFERROR(IF($G55="","",MIN(1,$G55/G$6)),"") | J55: =IFERROR(IF($I55="","",MIN(1,$I55/I$6)),"") | L55: =IFERROR(IF($K55="","",MIN(1,$K55/K$6)),"") | N55: =IFERROR(IF($M55="","",MIN(1,$M55/M$6)),"")
A56: 49 | B56: =IFERROR(INDEX(Personnes!$B$5:$B$154,MATCH(49,Personnes!$L$5:$L$154,0)),"") | C56: =IFERROR(INDEX(Personnes!$C$5:$C$154,MATCH($B56,Personnes!$B$5:$B$154,0))&"","") | D56: =IFERROR(INDEX(Personnes!$D$5:$D$154,MATCH($B56,Personnes!$B$5:$B$154,0))&"","") | F56: =IFERROR(IF($E56="","",MIN(1,$E56/E$6)),"") | H56: =IFERROR(IF($G56="","",MIN(1,$G56/G$6)),"") | J56: =IFERROR(IF($I56="","",MIN(1,$I56/I$6)),"") | L56: =IFERROR(IF($K56="","",MIN(1,$K56/K$6)),"") | N56: =IFERROR(IF($M56="","",MIN(1,$M56/M$6)),"")
A57: 50 | B57: =IFERROR(INDEX(Personnes!$B$5:$B$154,MATCH(50,Personnes!$L$5:$L$154,0)),"") | C57: =IFERROR(INDEX(Personnes!$C$5:$C$154,MATCH($B57,Personnes!$B$5:$B$154,0))&"","") | D57: =IFERROR(INDEX(Personnes!$D$5:$D$154,MATCH($B57,Personnes!$B$5:$B$154,0))&"","") | F57: =IFERROR(IF($E57="","",MIN(1,$E57/E$6)),"") | H57: =IFERROR(IF($G57="","",MIN(1,$G57/G$6)),"") | J57: =IFERROR(IF($I57="","",MIN(1,$I57/I$6)),"") | L57: =IFERROR(IF($K57="","",MIN(1,$K57/K$6)),"") | N57: =IFERROR(IF($M57="","",MIN(1,$M57/M$6)),"")
A58: 51 | B58: =IFERROR(INDEX(Personnes!$B$5:$B$154,MATCH(51,Personnes!$L$5:$L$154,0)),"") | C58: =IFERROR(INDEX(Personnes!$C$5:$C$154,MATCH($B58,Personnes!$B$5:$B$154,0))&"","") | D58: =IFERROR(INDEX(Personnes!$D$5:$D$154,MATCH($B58,Personnes!$B$5:$B$154,0))&"","") | F58: =IFERROR(IF($E58="","",MIN(1,$E58/E$6)),"") | H58: =IFERROR(IF($G58="","",MIN(1,$G58/G$6)),"") | J58: =IFERROR(IF($I58="","",MIN(1,$I58/I$6)),"") | L58: =IFERROR(IF($K58="","",MIN(1,$K58/K$6)),"") | N58: =IFERROR(IF($M58="","",MIN(1,$M58/M$6)),"")
A59: 52 | B59: =IFERROR(INDEX(Personnes!$B$5:$B$154,MATCH(52,Personnes!$L$5:$L$154,0)),"") | C59: =IFERROR(INDEX(Personnes!$C$5:$C$154,MATCH($B59,Personnes!$B$5:$B$154,0))&"","") | D59: =IFERROR(INDEX(Personnes!$D$5:$D$154,MATCH($B59,Personnes!$B$5:$B$154,0))&"","") | F59: =IFERROR(IF($E59="","",MIN(1,$E59/E$6)),"") | H59: =IFERROR(IF($G59="","",MIN(1,$G59/G$6)),"") | J59: =IFERROR(IF($I59="","",MIN(1,$I59/I$6)),"") | L59: =IFERROR(IF($K59="","",MIN(1,$K59/K$6)),"") | N59: =IFERROR(IF($M59="","",MIN(1,$M59/M$6)),"")
A60: 53 | B60: =IFERROR(INDEX(Personnes!$B$5:$B$154,MATCH(53,Personnes!$L$5:$L$154,0)),"") | C60: =IFERROR(INDEX(Personnes!$C$5:$C$154,MATCH($B60,Personnes!$B$5:$B$154,0))&"","") | D60: =IFERROR(INDEX(Personnes!$D$5:$D$154,MATCH($B60,Personnes!$B$5:$B$154,0))&"","") | F60: =IFERROR(IF($E60="","",MIN(1,$E60/E$6)),"") | H60: =IFERROR(IF($G60="","",MIN(1,$G60/G$6)),"") | J60: =IFERROR(IF($I60="","",MIN(1,$I60/I$6)),"") | L60: =IFERROR(IF($K60="","",MIN(1,$K60/K$6)),"") | N60: =IFERROR(IF($M60="","",MIN(1,$M60/M$6)),"")
A61: 54 | B61: =IFERROR(INDEX(Personnes!$B$5:$B$154,MATCH(54,Personnes!$L$5:$L$154,0)),"") | C61: =IFERROR(INDEX(Personnes!$C$5:$C$154,MATCH($B61,Personnes!$B$5:$B$154,0))&"","") | D61: =IFERROR(INDEX(Personnes!$D$5:$D$154,MATCH($B61,Personnes!$B$5:$B$154,0))&"","") | F61: =IFERROR(IF($E61="","",MIN(1,$E61/E$6)),"") | H61: =IFERROR(IF($G61="","",MIN(1,$G61/G$6)),"") | J61: =IFERROR(IF($I61="","",MIN(1,$I61/I$6)),"") | L61: =IFERROR(IF($K61="","",MIN(1,$K61/K$6)),"") | N61: =IFERROR(IF($M61="","",MIN(1,$M61/M$6)),"")
A62: 55 | B62: =IFERROR(INDEX(Personnes!$B$5:$B$154,MATCH(55,Personnes!$L$5:$L$154,0)),"") | C62: =IFERROR(INDEX(Personnes!$C$5:$C$154,MATCH($B62,Personnes!$B$5:$B$154,0))&"","") | D62: =IFERROR(INDEX(Personnes!$D$5:$D$154,MATCH($B62,Personnes!$B$5:$B$154,0))&"","") | F62: =IFERROR(IF($E62="","",MIN(1,$E62/E$6)),"") | H62: =IFERROR(IF($G62="","",MIN(1,$G62/G$6)),"") | J62: =IFERROR(IF($I62="","",MIN(1,$I62/I$6)),"") | L62: =IFERROR(IF($K62="","",MIN(1,$K62/K$6)),"") | N62: =IFERROR(IF($M62="","",MIN(1,$M62/M$6)),"")
A63: 56 | B63: =IFERROR(INDEX(Personnes!$B$5:$B$154,MATCH(56,Personnes!$L$5:$L$154,0)),"") | C63: =IFERROR(INDEX(Personnes!$C$5:$C$154,MATCH($B63,Personnes!$B$5:$B$154,0))&"","") | D63: =IFERROR(INDEX(Personnes!$D$5:$D$154,MATCH($B63,Personnes!$B$5:$B$154,0))&"","") | F63: =IFERROR(IF($E63="","",MIN(1,$E63/E$6)),"") | H63: =IFERROR(IF($G63="","",MIN(1,$G63/G$6)),"") | J63: =IFERROR(IF($I63="","",MIN(1,$I63/I$6)),"") | L63: =IFERROR(IF($K63="","",MIN(1,$K63/K$6)),"") | N63: =IFERROR(IF($M63="","",MIN(1,$M63/M$6)),"")
A64: 57 | B64: =IFERROR(INDEX(Personnes!$B$5:$B$154,MATCH(57,Personnes!$L$5:$L$154,0)),"") | C64: =IFERROR(INDEX(Personnes!$C$5:$C$154,MATCH($B64,Personnes!$B$5:$B$154,0))&"","") | D64: =IFERROR(INDEX(Personnes!$D$5:$D$154,MATCH($B64,Personnes!$B$5:$B$154,0))&"","") | F64: =IFERROR(IF($E64="","",MIN(1,$E64/E$6)),"") | H64: =IFERROR(IF($G64="","",MIN(1,$G64/G$6)),"") | J64: =IFERROR(IF($I64="","",MIN(1,$I64/I$6)),"") | L64: =IFERROR(IF($K64="","",MIN(1,$K64/K$6)),"") | N64: =IFERROR(IF($M64="","",MIN(1,$M64/M$6)),"")
A65: 58 | B65: =IFERROR(INDEX(Personnes!$B$5:$B$154,MATCH(58,Personnes!$L$5:$L$154,0)),"") | C65: =IFERROR(INDEX(Personnes!$C$5:$C$154,MATCH($B65,Personnes!$B$5:$B$154,0))&"","") | D65: =IFERROR(INDEX(Personnes!$D$5:$D$154,MATCH($B65,Personnes!$B$5:$B$154,0))&"","") | F65: =IFERROR(IF($E65="","",MIN(1,$E65/E$6)),"") | H65: =IFERROR(IF($G65="","",MIN(1,$G65/G$6)),"") | J65: =IFERROR(IF($I65="","",MIN(1,$I65/I$6)),"") | L65: =IFERROR(IF($K65="","",MIN(1,$K65/K$6)),"") | N65: =IFERROR(IF($M65="","",MIN(1,$M65/M$6)),"")
A66: 59 | B66: =IFERROR(INDEX(Personnes!$B$5:$B$154,MATCH(59,Personnes!$L$5:$L$154,0)),"") | C66: =IFERROR(INDEX(Personnes!$C$5:$C$154,MATCH($B66,Personnes!$B$5:$B$154,0))&"","") | D66: =IFERROR(INDEX(Personnes!$D$5:$D$154,MATCH($B66,Personnes!$B$5:$B$154,0))&"","") | F66: =IFERROR(IF($E66="","",MIN(1,$E66/E$6)),"") | H66: =IFERROR(IF($G66="","",MIN(1,$G66/G$6)),"") | J66: =IFERROR(IF($I66="","",MIN(1,$I66/I$6)),"") | L66: =IFERROR(IF($K66="","",MIN(1,$K66/K$6)),"") | N66: =IFERROR(IF($M66="","",MIN(1,$M66/M$6)),"")
A67: 60 | B67: =IFERROR(INDEX(Personnes!$B$5:$B$154,MATCH(60,Personnes!$L$5:$L$154,0)),"") | C67: =IFERROR(INDEX(Personnes!$C$5:$C$154,MATCH($B67,Personnes!$B$5:$B$154,0))&"","") | D67: =IFERROR(INDEX(Personnes!$D$5:$D$154,MATCH($B67,Personnes!$B$5:$B$154,0))&"","") | F67: =IFERROR(IF($E67="","",MIN(1,$E67/E$6)),"") | H67: =IFERROR(IF($G67="","",MIN(1,$G67/G$6)),"") | J67: =IFERROR(IF($I67="","",MIN(1,$I67/I$6)),"") | L67: =IFERROR(IF($K67="","",MIN(1,$K67/K$6)),"") | N67: =IFERROR(IF($M67="","",MIN(1,$M67/M$6)),"")
A68: 61 | B68: =IFERROR(INDEX(Personnes!$B$5:$B$154,MATCH(61,Personnes!$L$5:$L$154,0)),"") | C68: =IFERROR(INDEX(Personnes!$C$5:$C$154,MATCH($B68,Personnes!$B$5:$B$154,0))&"","") | D68: =IFERROR(INDEX(Personnes!$D$5:$D$154,MATCH($B68,Personnes!$B$5:$B$154,0))&"","") | F68: =IFERROR(IF($E68="","",MIN(1,$E68/E$6)),"") | H68: =IFERROR(IF($G68="","",MIN(1,$G68/G$6)),"") | J68: =IFERROR(IF($I68="","",MIN(1,$I68/I$6)),"") | L68: =IFERROR(IF($K68="","",MIN(1,$K68/K$6)),"") | N68: =IFERROR(IF($M68="","",MIN(1,$M68/M$6)),"")
A69: 62 | B69: =IFERROR(INDEX(Personnes!$B$5:$B$154,MATCH(62,Personnes!$L$5:$L$154,0)),"") | C69: =IFERROR(INDEX(Personnes!$C$5:$C$154,MATCH($B69,Personnes!$B$5:$B$154,0))&"","") | D69: =IFERROR(INDEX(Personnes!$D$5:$D$154,MATCH($B69,Personnes!$B$5:$B$154,0))&"","") | F69: =IFERROR(IF($E69="","",MIN(1,$E69/E$6)),"") | H69: =IFERROR(IF($G69="","",MIN(1,$G69/G$6)),"") | J69: =IFERROR(IF($I69="","",MIN(1,$I69/I$6)),"") | L69: =IFERROR(IF($K69="","",MIN(1,$K69/K$6)),"") | N69: =IFERROR(IF($M69="","",MIN(1,$M69/M$6)),"")
A70: 63 | B70: =IFERROR(INDEX(Personnes!$B$5:$B$154,MATCH(63,Personnes!$L$5:$L$154,0)),"") | C70: =IFERROR(INDEX(Personnes!$C$5:$C$154,MATCH($B70,Personnes!$B$5:$B$154,0))&"","") | D70: =IFERROR(INDEX(Personnes!$D$5:$D$154,MATCH($B70,Personnes!$B$5:$B$154,0))&"","") | F70: =IFERROR(IF($E70="","",MIN(1,$E70/E$6)),"") | H70: =IFERROR(IF($G70="","",MIN(1,$G70/G$6)),"") | J70: =IFERROR(IF($I70="","",MIN(1,$I70/I$6)),"") | L70: =IFERROR(IF($K70="","",MIN(1,$K70/K$6)),"") | N70: =IFERROR(IF($M70="","",MIN(1,$M70/M$6)),"")
A71: 64 | B71: =IFERROR(INDEX(Personnes!$B$5:$B$154,MATCH(64,Personnes!$L$5:$L$154,0)),"") | C71: =IFERROR(INDEX(Personnes!$C$5:$C$154,MATCH($B71,Personnes!$B$5:$B$154,0))&"","") | D71: =IFERROR(INDEX(Personnes!$D$5:$D$154,MATCH($B71,Personnes!$B$5:$B$154,0))&"","") | F71: =IFERROR(IF($E71="","",MIN(1,$E71/E$6)),"") | H71: =IFERROR(IF($G71="","",MIN(1,$G71/G$6)),"") | J71: =IFERROR(IF($I71="","",MIN(1,$I71/I$6)),"") | L71: =IFERROR(IF($K71="","",MIN(1,$K71/K$6)),"") | N71: =IFERROR(IF($M71="","",MIN(1,$M71/M$6)),"")
A72: 65 | B72: =IFERROR(INDEX(Personnes!$B$5:$B$154,MATCH(65,Personnes!$L$5:$L$154,0)),"") | C72: =IFERROR(INDEX(Personnes!$C$5:$C$154,MATCH($B72,Personnes!$B$5:$B$154,0))&"","") | D72: =IFERROR(INDEX(Personnes!$D$5:$D$154,MATCH($B72,Personnes!$B$5:$B$154,0))&"","") | F72: =IFERROR(IF($E72="","",MIN(1,$E72/E$6)),"") | H72: =IFERROR(IF($G72="","",MIN(1,$G72/G$6)),"") | J72: =IFERROR(IF($I72="","",MIN(1,$I72/I$6)),"") | L72: =IFERROR(IF($K72="","",MIN(1,$K72/K$6)),"") | N72: =IFERROR(IF($M72="","",MIN(1,$M72/M$6)),"")
A73: 66 | B73: =IFERROR(INDEX(Personnes!$B$5:$B$154,MATCH(66,Personnes!$L$5:$L$154,0)),"") | C73: =IFERROR(INDEX(Personnes!$C$5:$C$154,MATCH($B73,Personnes!$B$5:$B$154,0))&"","") | D73: =IFERROR(INDEX(Personnes!$D$5:$D$154,MATCH($B73,Personnes!$B$5:$B$154,0))&"","") | F73: =IFERROR(IF($E73="","",MIN(1,$E73/E$6)),"") | H73: =IFERROR(IF($G73="","",MIN(1,$G73/G$6)),"") | J73: =IFERROR(IF($I73="","",MIN(1,$I73/I$6)),"") | L73: =IFERROR(IF($K73="","",MIN(1,$K73/K$6)),"") | N73: =IFERROR(IF($M73="","",MIN(1,$M73/M$6)),"")
A74: 67 | B74: =IFERROR(INDEX(Personnes!$B$5:$B$154,MATCH(67,Personnes!$L$5:$L$154,0)),"") | C74: =IFERROR(INDEX(Personnes!$C$5:$C$154,MATCH($B74,Personnes!$B$5:$B$154,0))&"","") | D74: =IFERROR(INDEX(Personnes!$D$5:$D$154,MATCH($B74,Personnes!$B$5:$B$154,0))&"","") | F74: =IFERROR(IF($E74="","",MIN(1,$E74/E$6)),"") | H74: =IFERROR(IF($G74="","",MIN(1,$G74/G$6)),"") | J74: =IFERROR(IF($I74="","",MIN(1,$I74/I$6)),"") | L74: =IFERROR(IF($K74="","",MIN(1,$K74/K$6)),"") | N74: =IFERROR(IF($M74="","",MIN(1,$M74/M$6)),"")
A75: 68 | B75: =IFERROR(INDEX(Personnes!$B$5:$B$154,MATCH(68,Personnes!$L$5:$L$154,0)),"") | C75: =IFERROR(INDEX(Personnes!$C$5:$C$154,MATCH($B75,Personnes!$B$5:$B$154,0))&"","") | D75: =IFERROR(INDEX(Personnes!$D$5:$D$154,MATCH($B75,Personnes!$B$5:$B$154,0))&"","") | F75: =IFERROR(IF($E75="","",MIN(1,$E75/E$6)),"") | H75: =IFERROR(IF($G75="","",MIN(1,$G75/G$6)),"") | J75: =IFERROR(IF($I75="","",MIN(1,$I75/I$6)),"") | L75: =IFERROR(IF($K75="","",MIN(1,$K75/K$6)),"") | N75: =IFERROR(IF($M75="","",MIN(1,$M75/M$6)),"")
A76: 69 | B76: =IFERROR(INDEX(Personnes!$B$5:$B$154,MATCH(69,Personnes!$L$5:$L$154,0)),"") | C76: =IFERROR(INDEX(Personnes!$C$5:$C$154,MATCH($B76,Personnes!$B$5:$B$154,0))&"","") | D76: =IFERROR(INDEX(Personnes!$D$5:$D$154,MATCH($B76,Personnes!$B$5:$B$154,0))&"","") | F76: =IFERROR(IF($E76="","",MIN(1,$E76/E$6)),"") | H76: =IFERROR(IF($G76="","",MIN(1,$G76/G$6)),"") | J76: =IFERROR(IF($I76="","",MIN(1,$I76/I$6)),"") | L76: =IFERROR(IF($K76="","",MIN(1,$K76/K$6)),"") | N76: =IFERROR(IF($M76="","",MIN(1,$M76/M$6)),"")
A77: 70 | B77: =IFERROR(INDEX(Personnes!$B$5:$B$154,MATCH(70,Personnes!$L$5:$L$154,0)),"") | C77: =IFERROR(INDEX(Personnes!$C$5:$C$154,MATCH($B77,Personnes!$B$5:$B$154,0))&"","") | D77: =IFERROR(INDEX(Personnes!$D$5:$D$154,MATCH($B77,Personnes!$B$5:$B$154,0))&"","") | F77: =IFERROR(IF($E77="","",MIN(1,$E77/E$6)),"") | H77: =IFERROR(IF($G77="","",MIN(1,$G77/G$6)),"") | J77: =IFERROR(IF($I77="","",MIN(1,$I77/I$6)),"") | L77: =IFERROR(IF($K77="","",MIN(1,$K77/K$6)),"") | N77: =IFERROR(IF($M77="","",MIN(1,$M77/M$6)),"")
A78: 71 | B78: =IFERROR(INDEX(Personnes!$B$5:$B$154,MATCH(71,Personnes!$L$5:$L$154,0)),"") | C78: =IFERROR(INDEX(Personnes!$C$5:$C$154,MATCH($B78,Personnes!$B$5:$B$154,0))&"","") | D78: =IFERROR(INDEX(Personnes!$D$5:$D$154,MATCH($B78,Personnes!$B$5:$B$154,0))&"","") | F78: =IFERROR(IF($E78="","",MIN(1,$E78/E$6)),"") | H78: =IFERROR(IF($G78="","",MIN(1,$G78/G$6)),"") | J78: =IFERROR(IF($I78="","",MIN(1,$I78/I$6)),"") | L78: =IFERROR(IF($K78="","",MIN(1,$K78/K$6)),"") | N78: =IFERROR(IF($M78="","",MIN(1,$M78/M$6)),"")
A79: 72 | B79: =IFERROR(INDEX(Personnes!$B$5:$B$154,MATCH(72,Personnes!$L$5:$L$154,0)),"") | C79: =IFERROR(INDEX(Personnes!$C$5:$C$154,MATCH($B79,Personnes!$B$5:$B$154,0))&"","") | D79: =IFERROR(INDEX(Personnes!$D$5:$D$154,MATCH($B79,Personnes!$B$5:$B$154,0))&"","") | F79: =IFERROR(IF($E79="","",MIN(1,$E79/E$6)),"") | H79: =IFERROR(IF($G79="","",MIN(1,$G79/G$6)),"") | J79: =IFERROR(IF($I79="","",MIN(1,$I79/I$6)),"") | L79: =IFERROR(IF($K79="","",MIN(1,$K79/K$6)),"") | N79: =IFERROR(IF($M79="","",MIN(1,$M79/M$6)),"")
A80: 73 | B80: =IFERROR(INDEX(Personnes!$B$5:$B$154,MATCH(73,Personnes!$L$5:$L$154,0)),"") | C80: =IFERROR(INDEX(Personnes!$C$5:$C$154,MATCH($B80,Personnes!$B$5:$B$154,0))&"","") | D80: =IFERROR(INDEX(Personnes!$D$5:$D$154,MATCH($B80,Personnes!$B$5:$B$154,0))&"","") | F80: =IFERROR(IF($E80="","",MIN(1,$E80/E$6)),"") | H80: =IFERROR(IF($G80="","",MIN(1,$G80/G$6)),"") | J80: =IFERROR(IF($I80="","",MIN(1,$I80/I$6)),"") | L80: =IFERROR(IF($K80="","",MIN(1,$K80/K$6)),"") | N80: =IFERROR(IF($M80="","",MIN(1,$M80/M$6)),"")
A81: 74 | B81: =IFERROR(INDEX(Personnes!$B$5:$B$154,MATCH(74,Personnes!$L$5:$L$154,0)),"") | C81: =IFERROR(INDEX(Personnes!$C$5:$C$154,MATCH($B81,Personnes!$B$5:$B$154,0))&"","") | D81: =IFERROR(INDEX(Personnes!$D$5:$D$154,MATCH($B81,Personnes!$B$5:$B$154,0))&"","") | F81: =IFERROR(IF($E81="","",MIN(1,$E81/E$6)),"") | H81: =IFERROR(IF($G81="","",MIN(1,$G81/G$6)),"") | J81: =IFERROR(IF($I81="","",MIN(1,$I81/I$6)),"") | L81: =IFERROR(IF($K81="","",MIN(1,$K81/K$6)),"") | N81: =IFERROR(IF($M81="","",MIN(1,$M81/M$6)),"")
A82: 75 | B82: =IFERROR(INDEX(Personnes!$B$5:$B$154,MATCH(75,Personnes!$L$5:$L$154,0)),"") | C82: =IFERROR(INDEX(Personnes!$C$5:$C$154,MATCH($B82,Personnes!$B$5:$B$154,0))&"","") | D82: =IFERROR(INDEX(Personnes!$D$5:$D$154,MATCH($B82,Personnes!$B$5:$B$154,0))&"","") | F82: =IFERROR(IF($E82="","",MIN(1,$E82/E$6)),"") | H82: =IFERROR(IF($G82="","",MIN(1,$G82/G$6)),"") | J82: =IFERROR(IF($I82="","",MIN(1,$I82/I$6)),"") | L82: =IFERROR(IF($K82="","",MIN(1,$K82/K$6)),"") | N82: =IFERROR(IF($M82="","",MIN(1,$M82/M$6)),"")
A83: 76 | B83: =IFERROR(INDEX(Personnes!$B$5:$B$154,MATCH(76,Personnes!$L$5:$L$154,0)),"") | C83: =IFERROR(INDEX(Personnes!$C$5:$C$154,MATCH($B83,Personnes!$B$5:$B$154,0))&"","") | D83: =IFERROR(INDEX(Personnes!$D$5:$D$154,MATCH($B83,Personnes!$B$5:$B$154,0))&"","") | F83: =IFERROR(IF($E83="","",MIN(1,$E83/E$6)),"") | H83: =IFERROR(IF($G83="","",MIN(1,$G83/G$6)),"") | J83: =IFERROR(IF($I83="","",MIN(1,$I83/I$6)),"") | L83: =IFERROR(IF($K83="","",MIN(1,$K83/K$6)),"") | N83: =IFERROR(IF($M83="","",MIN(1,$M83/M$6)),"")
A84: 77 | B84: =IFERROR(INDEX(Personnes!$B$5:$B$154,MATCH(77,Personnes!$L$5:$L$154,0)),"") | C84: =IFERROR(INDEX(Personnes!$C$5:$C$154,MATCH($B84,Personnes!$B$5:$B$154,0))&"","") | D84: =IFERROR(INDEX(Personnes!$D$5:$D$154,MATCH($B84,Personnes!$B$5:$B$154,0))&"","") | F84: =IFERROR(IF($E84="","",MIN(1,$E84/E$6)),"") | H84: =IFERROR(IF($G84="","",MIN(1,$G84/G$6)),"") | J84: =IFERROR(IF($I84="","",MIN(1,$I84/I$6)),"") | L84: =IFERROR(IF($K84="","",MIN(1,$K84/K$6)),"") | N84: =IFERROR(IF($M84="","",MIN(1,$M84/M$6)),"")
A85: 78 | B85: =IFERROR(INDEX(Personnes!$B$5:$B$154,MATCH(78,Personnes!$L$5:$L$154,0)),"") | C85: =IFERROR(INDEX(Personnes!$C$5:$C$154,MATCH($B85,Personnes!$B$5:$B$154,0))&"","") | D85: =IFERROR(INDEX(Personnes!$D$5:$D$154,MATCH($B85,Personnes!$B$5:$B$154,0))&"","") | F85: =IFERROR(IF($E85="","",MIN(1,$E85/E$6)),"") | H85: =IFERROR(IF($G85="","",MIN(1,$G85/G$6)),"") | J85: =IFERROR(IF($I85="","",MIN(1,$I85/I$6)),"") | L85: =IFERROR(IF($K85="","",MIN(1,$K85/K$6)),"") | N85: =IFERROR(IF($M85="","",MIN(1,$M85/M$6)),"")
A86: 79 | B86: =IFERROR(INDEX(Personnes!$B$5:$B$154,MATCH(79,Personnes!$L$5:$L$154,0)),"") | C86: =IFERROR(INDEX(Personnes!$C$5:$C$154,MATCH($B86,Personnes!$B$5:$B$154,0))&"","") | D86: =IFERROR(INDEX(Personnes!$D$5:$D$154,MATCH($B86,Personnes!$B$5:$B$154,0))&"","") | F86: =IFERROR(IF($E86="","",MIN(1,$E86/E$6)),"") | H86: =IFERROR(IF($G86="","",MIN(1,$G86/G$6)),"") | J86: =IFERROR(IF($I86="","",MIN(1,$I86/I$6)),"") | L86: =IFERROR(IF($K86="","",MIN(1,$K86/K$6)),"") | N86: =IFERROR(IF($M86="","",MIN(1,$M86/M$6)),"")
A87: 80 | B87: =IFERROR(INDEX(Personnes!$B$5:$B$154,MATCH(80,Personnes!$L$5:$L$154,0)),"") | C87: =IFERROR(INDEX(Personnes!$C$5:$C$154,MATCH($B87,Personnes!$B$5:$B$154,0))&"","") | D87: =IFERROR(INDEX(Personnes!$D$5:$D$154,MATCH($B87,Personnes!$B$5:$B$154,0))&"","") | F87: =IFERROR(IF($E87="","",MIN(1,$E87/E$6)),"") | H87: =IFERROR(IF($G87="","",MIN(1,$G87/G$6)),"") | J87: =IFERROR(IF($I87="","",MIN(1,$I87/I$6)),"") | L87: =IFERROR(IF($K87="","",MIN(1,$K87/K$6)),"") | N87: =IFERROR(IF($M87="","",MIN(1,$M87/M$6)),"")
A88: 81 | B88: =IFERROR(INDEX(Personnes!$B$5:$B$154,MATCH(81,Personnes!$L$5:$L$154,0)),"") | C88: =IFERROR(INDEX(Personnes!$C$5:$C$154,MATCH($B88,Personnes!$B$5:$B$154,0))&"","") | D88: =IFERROR(INDEX(Personnes!$D$5:$D$154,MATCH($B88,Personnes!$B$5:$B$154,0))&"","") | F88: =IFERROR(IF($E88="","",MIN(1,$E88/E$6)),"") | H88: =IFERROR(IF($G88="","",MIN(1,$G88/G$6)),"") | J88: =IFERROR(IF($I88="","",MIN(1,$I88/I$6)),"") | L88: =IFERROR(IF($K88="","",MIN(1,$K88/K$6)),"") | N88: =IFERROR(IF($M88="","",MIN(1,$M88/M$6)),"")
A89: 82 | B89: =IFERROR(INDEX(Personnes!$B$5:$B$154,MATCH(82,Personnes!$L$5:$L$154,0)),"") | C89: =IFERROR(INDEX(Personnes!$C$5:$C$154,MATCH($B89,Personnes!$B$5:$B$154,0))&"","") | D89: =IFERROR(INDEX(Personnes!$D$5:$D$154,MATCH($B89,Personnes!$B$5:$B$154,0))&"","") | F89: =IFERROR(IF($E89="","",MIN(1,$E89/E$6)),"") | H89: =IFERROR(IF($G89="","",MIN(1,$G89/G$6)),"") | J89: =IFERROR(IF($I89="","",MIN(1,$I89/I$6)),"") | L89: =IFERROR(IF($K89="","",MIN(1,$K89/K$6)),"") | N89: =IFERROR(IF($M89="","",MIN(1,$M89/M$6)),"")
A90: 83 | B90: =IFERROR(INDEX(Personnes!$B$5:$B$154,MATCH(83,Personnes!$L$5:$L$154,0)),"") | C90: =IFERROR(INDEX(Personnes!$C$5:$C$154,MATCH($B90,Personnes!$B$5:$B$154,0))&"","") | D90: =IFERROR(INDEX(Personnes!$D$5:$D$154,MATCH($B90,Personnes!$B$5:$B$154,0))&"","") | F90: =IFERROR(IF($E90="","",MIN(1,$E90/E$6)),"") | H90: =IFERROR(IF($G90="","",MIN(1,$G90/G$6)),"") | J90: =IFERROR(IF($I90="","",MIN(1,$I90/I$6)),"") | L90: =IFERROR(IF($K90="","",MIN(1,$K90/K$6)),"") | N90: =IFERROR(IF($M90="","",MIN(1,$M90/M$6)),"")
A91: 84 | B91: =IFERROR(INDEX(Personnes!$B$5:$B$154,MATCH(84,Personnes!$L$5:$L$154,0)),"") | C91: =IFERROR(INDEX(Personnes!$C$5:$C$154,MATCH($B91,Personnes!$B$5:$B$154,0))&"","") | D91: =IFERROR(INDEX(Personnes!$D$5:$D$154,MATCH($B91,Personnes!$B$5:$B$154,0))&"","") | F91: =IFERROR(IF($E91="","",MIN(1,$E91/E$6)),"") | H91: =IFERROR(IF($G91="","",MIN(1,$G91/G$6)),"") | J91: =IFERROR(IF($I91="","",MIN(1,$I91/I$6)),"") | L91: =IFERROR(IF($K91="","",MIN(1,$K91/K$6)),"") | N91: =IFERROR(IF($M91="","",MIN(1,$M91/M$6)),"")
A92: 85 | B92: =IFERROR(INDEX(Personnes!$B$5:$B$154,MATCH(85,Personnes!$L$5:$L$154,0)),"") | C92: =IFERROR(INDEX(Personnes!$C$5:$C$154,MATCH($B92,Personnes!$B$5:$B$154,0))&"","") | D92: =IFERROR(INDEX(Personnes!$D$5:$D$154,MATCH($B92,Personnes!$B$5:$B$154,0))&"","") | F92: =IFERROR(IF($E92="","",MIN(1,$E92/E$6)),"") | H92: =IFERROR(IF($G92="","",MIN(1,$G92/G$6)),"") | J92: =IFERROR(IF($I92="","",MIN(1,$I92/I$6)),"") | L92: =IFERROR(IF($K92="","",MIN(1,$K92/K$6)),"") | N92: =IFERROR(IF($M92="","",MIN(1,$M92/M$6)),"")
A93: 86 | B93: =IFERROR(INDEX(Personnes!$B$5:$B$154,MATCH(86,Personnes!$L$5:$L$154,0)),"") | C93: =IFERROR(INDEX(Personnes!$C$5:$C$154,MATCH($B93,Personnes!$B$5:$B$154,0))&"","") | D93: =IFERROR(INDEX(Personnes!$D$5:$D$154,MATCH($B93,Personnes!$B$5:$B$154,0))&"","") | F93: =IFERROR(IF($E93="","",MIN(1,$E93/E$6)),"") | H93: =IFERROR(IF($G93="","",MIN(1,$G93/G$6)),"") | J93: =IFERROR(IF($I93="","",MIN(1,$I93/I$6)),"") | L93: =IFERROR(IF($K93="","",MIN(1,$K93/K$6)),"") | N93: =IFERROR(IF($M93="","",MIN(1,$M93/M$6)),"")
A94: 87 | B94: =IFERROR(INDEX(Personnes!$B$5:$B$154,MATCH(87,Personnes!$L$5:$L$154,0)),"") | C94: =IFERROR(INDEX(Personnes!$C$5:$C$154,MATCH($B94,Personnes!$B$5:$B$154,0))&"","") | D94: =IFERROR(INDEX(Personnes!$D$5:$D$154,MATCH($B94,Personnes!$B$5:$B$154,0))&"","") | F94: =IFERROR(IF($E94="","",MIN(1,$E94/E$6)),"") | H94: =IFERROR(IF($G94="","",MIN(1,$G94/G$6)),"") | J94: =IFERROR(IF($I94="","",MIN(1,$I94/I$6)),"") | L94: =IFERROR(IF($K94="","",MIN(1,$K94/K$6)),"") | N94: =IFERROR(IF($M94="","",MIN(1,$M94/M$6)),"")
A95: 88 | B95: =IFERROR(INDEX(Personnes!$B$5:$B$154,MATCH(88,Personnes!$L$5:$L$154,0)),"") | C95: =IFERROR(INDEX(Personnes!$C$5:$C$154,MATCH($B95,Personnes!$B$5:$B$154,0))&"","") | D95: =IFERROR(INDEX(Personnes!$D$5:$D$154,MATCH($B95,Personnes!$B$5:$B$154,0))&"","") | F95: =IFERROR(IF($E95="","",MIN(1,$E95/E$6)),"") | H95: =IFERROR(IF($G95="","",MIN(1,$G95/G$6)),"") | J95: =IFERROR(IF($I95="","",MIN(1,$I95/I$6)),"") | L95: =IFERROR(IF($K95="","",MIN(1,$K95/K$6)),"") | N95: =IFERROR(IF($M95="","",MIN(1,$M95/M$6)),"")
A96: 89 | B96: =IFERROR(INDEX(Personnes!$B$5:$B$154,MATCH(89,Personnes!$L$5:$L$154,0)),"") | C96: =IFERROR(INDEX(Personnes!$C$5:$C$154,MATCH($B96,Personnes!$B$5:$B$154,0))&"","") | D96: =IFERROR(INDEX(Personnes!$D$5:$D$154,MATCH($B96,Personnes!$B$5:$B$154,0))&"","") | F96: =IFERROR(IF($E96="","",MIN(1,$E96/E$6)),"") | H96: =IFERROR(IF($G96="","",MIN(1,$G96/G$6)),"") | J96: =IFERROR(IF($I96="","",MIN(1,$I96/I$6)),"") | L96: =IFERROR(IF($K96="","",MIN(1,$K96/K$6)),"") | N96: =IFERROR(IF($M96="","",MIN(1,$M96/M$6)),"")
A97: 90 | B97: =IFERROR(INDEX(Personnes!$B$5:$B$154,MATCH(90,Personnes!$L$5:$L$154,0)),"") | C97: =IFERROR(INDEX(Personnes!$C$5:$C$154,MATCH($B97,Personnes!$B$5:$B$154,0))&"","") | D97: =IFERROR(INDEX(Personnes!$D$5:$D$154,MATCH($B97,Personnes!$B$5:$B$154,0))&"","") | F97: =IFERROR(IF($E97="","",MIN(1,$E97/E$6)),"") | H97: =IFERROR(IF($G97="","",MIN(1,$G97/G$6)),"") | J97: =IFERROR(IF($I97="","",MIN(1,$I97/I$6)),"") | L97: =IFERROR(IF($K97="","",MIN(1,$K97/K$6)),"") | N97: =IFERROR(IF($M97="","",MIN(1,$M97/M$6)),"")
A98: 91 | B98: =IFERROR(INDEX(Personnes!$B$5:$B$154,MATCH(91,Personnes!$L$5:$L$154,0)),"") | C98: =IFERROR(INDEX(Personnes!$C$5:$C$154,MATCH($B98,Personnes!$B$5:$B$154,0))&"","") | D98: =IFERROR(INDEX(Personnes!$D$5:$D$154,MATCH($B98,Personnes!$B$5:$B$154,0))&"","") | F98: =IFERROR(IF($E98="","",MIN(1,$E98/E$6)),"") | H98: =IFERROR(IF($G98="","",MIN(1,$G98/G$6)),"") | J98: =IFERROR(IF($I98="","",MIN(1,$I98/I$6)),"") | L98: =IFERROR(IF($K98="","",MIN(1,$K98/K$6)),"") | N98: =IFERROR(IF($M98="","",MIN(1,$M98/M$6)),"")
A99: 92 | B99: =IFERROR(INDEX(Personnes!$B$5:$B$154,MATCH(92,Personnes!$L$5:$L$154,0)),"") | C99: =IFERROR(INDEX(Personnes!$C$5:$C$154,MATCH($B99,Personnes!$B$5:$B$154,0))&"","") | D99: =IFERROR(INDEX(Personnes!$D$5:$D$154,MATCH($B99,Personnes!$B$5:$B$154,0))&"","") | F99: =IFERROR(IF($E99="","",MIN(1,$E99/E$6)),"") | H99: =IFERROR(IF($G99="","",MIN(1,$G99/G$6)),"") | J99: =IFERROR(IF($I99="","",MIN(1,$I99/I$6)),"") | L99: =IFERROR(IF($K99="","",MIN(1,$K99/K$6)),"") | N99: =IFERROR(IF($M99="","",MIN(1,$M99/M$6)),"")
A100: 93 | B100: =IFERROR(INDEX(Personnes!$B$5:$B$154,MATCH(93,Personnes!$L$5:$L$154,0)),"") | C100: =IFERROR(INDEX(Personnes!$C$5:$C$154,MATCH($B100,Personnes!$B$5:$B$154,0))&"","") | D100: =IFERROR(INDEX(Personnes!$D$5:$D$154,MATCH($B100,Personnes!$B$5:$B$154,0))&"","") | F100: =IFERROR(IF($E100="","",MIN(1,$E100/E$6)),"") | H100: =IFERROR(IF($G100="","",MIN(1,$G100/G$6)),"") | J100: =IFERROR(IF($I100="","",MIN(1,$I100/I$6)),"") | L100: =IFERROR(IF($K100="","",MIN(1,$K100/K$6)),"") | N100: =IFERROR(IF($M100="","",MIN(1,$M100/M$6)),"")
A101: 94 | B101: =IFERROR(INDEX(Personnes!$B$5:$B$154,MATCH(94,Personnes!$L$5:$L$154,0)),"") | C101: =IFERROR(INDEX(Personnes!$C$5:$C$154,MATCH($B101,Personnes!$B$5:$B$154,0))&"","") | D101: =IFERROR(INDEX(Personnes!$D$5:$D$154,MATCH($B101,Personnes!$B$5:$B$154,0))&"","") | F101: =IFERROR(IF($E101="","",MIN(1,$E101/E$6)),"") | H101: =IFERROR(IF($G101="","",MIN(1,$G101/G$6)),"") | J101: =IFERROR(IF($I101="","",MIN(1,$I101/I$6)),"") | L101: =IFERROR(IF($K101="","",MIN(1,$K101/K$6)),"") | N101: =IFERROR(IF($M101="","",MIN(1,$M101/M$6)),"")
...

Sheet Suivi_Competences
A1: Suivi des compétences — ligne LC — Compétition
A2: Liste construite automatiquement. Échelle à quatre paliers ; la ligne « niveau attendu » vient du référentiel.
D4: Niveau attendu → | E4: =IFERROR(INDEX(Referentiel!$C$30:$C$49,MATCH("LEST",Referentiel!$A$30:$A$49,0)),"") -> expert | F4: =IFERROR(INDEX(Referentiel!$C$30:$C$49,MATCH("HYDRO",Referentiel!$A$30:$A$49,0)),"") -> expert | G4: =IFERROR(INDEX(Referentiel!$C$30:$C$49,MATCH("PALM_BI",Referentiel!$A$30:$A$49,0)),"") -> expert | H4: =IFERROR(INDEX(Referentiel!$C$30:$C$49,MATCH("PALM_MONO",Referentiel!$A$30:$A$49,0)),"") -> acquis | I4: =IFERROR(INDEX(Referentiel!$C$30:$C$49,MATCH("VIRAGE",Referentiel!$A$30:$A$49,0)),"") -> expert | J4: =IFERROR(INDEX(Referentiel!$C$30:$C$49,MATCH("VENTIL",Referentiel!$A$30:$A$49,0)),"") -> expert | K4: =IFERROR(INDEX(Referentiel!$C$30:$C$49,MATCH("SAUV",Referentiel!$A$30:$A$49,0)),"") -> expert | L4: =IFERROR(INDEX(Referentiel!$C$30:$C$49,MATCH("BRASSE",Referentiel!$A$30:$A$49,0)),"") -> expert
A5: Code | B5: ID | C5: Nom | D5: Prénom | E5: Lestage | F5: Hydrodynamisme | G5: Palmage bi-palmes | H5: Palmage monopalme | I5: Virage | J5: Ventilation | K5: Sauvetage | L5: Brasse DNF | M5: Acquises ou expertes | N5: Hors niveau attendu | O5: Mis à jour par | P5: le
A6: 1 | B6: =IFERROR(INDEX(Personnes!$B$5:$B$154,MATCH(1,Personnes!$L$5:$L$154,0)),"") -> P100 | C6: =IFERROR(INDEX(Personnes!$C$5:$C$154,MATCH($B6,Personnes!$B$5:$B$154,0))&"","") -> AUBERT | D6: =IFERROR(INDEX(Personnes!$D$5:$D$154,MATCH($B6,Personnes!$B$5:$B$154,0))&"","") -> Sebastien | M6: =IF($B6="","",COUNTIF($E6:$L6,"acquis")+COUNTIF($E6:$L6,"expert")) -> 0 | N6: =IF($B6="","",SUMPRODUCT(($E6:$L6<>"")*($E6:$L6<>$E$4:$L$4))) -> 0
A7: 2 | B7: =IFERROR(INDEX(Personnes!$B$5:$B$154,MATCH(2,Personnes!$L$5:$L$154,0)),"") -> P101 | C7: =IFERROR(INDEX(Personnes!$C$5:$C$154,MATCH($B7,Personnes!$B$5:$B$154,0))&"","") -> BELHADJ KACEM | D7: =IFERROR(INDEX(Personnes!$D$5:$D$154,MATCH($B7,Personnes!$B$5:$B$154,0))&"","") -> Mohammed | M7: =IF($B7="","",COUNTIF($E7:$L7,"acquis")+COUNTIF($E7:$L7,"expert")) -> 0 | N7: =IF($B7="","",SUMPRODUCT(($E7:$L7<>"")*($E7:$L7<>$E$4:$L$4))) -> 0
A8: 3 | B8: =IFERROR(INDEX(Personnes!$B$5:$B$154,MATCH(3,Personnes!$L$5:$L$154,0)),"") -> P049 | C8: =IFERROR(INDEX(Personnes!$C$5:$C$154,MATCH($B8,Personnes!$B$5:$B$154,0))&"","") -> BOULANT | D8: =IFERROR(INDEX(Personnes!$D$5:$D$154,MATCH($B8,Personnes!$B$5:$B$154,0))&"","") -> Guillaume | M8: =IF($B8="","",COUNTIF($E8:$L8,"acquis")+COUNTIF($E8:$L8,"expert")) -> 0 | N8: =IF($B8="","",SUMPRODUCT(($E8:$L8<>"")*($E8:$L8<>$E$4:$L$4))) -> 0
A9: 4 | B9: =IFERROR(INDEX(Personnes!$B$5:$B$154,MATCH(4,Personnes!$L$5:$L$154,0)),"") -> P057 | C9: =IFERROR(INDEX(Personnes!$C$5:$C$154,MATCH($B9,Personnes!$B$5:$B$154,0))&"","") -> COLIN DE VERDIERE | D9: =IFERROR(INDEX(Personnes!$D$5:$D$154,MATCH($B9,Personnes!$B$5:$B$154,0))&"","") -> Antoine | M9: =IF($B9="","",COUNTIF($E9:$L9,"acquis")+COUNTIF($E9:$L9,"expert")) -> 0 | N9: =IF($B9="","",SUMPRODUCT(($E9:$L9<>"")*($E9:$L9<>$E$4:$L$4))) -> 0
A10: 5 | B10: =IFERROR(INDEX(Personnes!$B$5:$B$154,MATCH(5,Personnes!$L$5:$L$154,0)),"") -> P063 | C10: =IFERROR(INDEX(Personnes!$C$5:$C$154,MATCH($B10,Personnes!$B$5:$B$154,0))&"","") -> COLLINET | D10: =IFERROR(INDEX(Personnes!$D$5:$D$154,MATCH($B10,Personnes!$B$5:$B$154,0))&"","") -> Sabine | M10: =IF($B10="","",COUNTIF($E10:$L10,"acquis")+COUNTIF($E10:$L10,"expert")) -> 0 | N10: =IF($B10="","",SUMPRODUCT(($E10:$L10<>"")*($E10:$L10<>$E$4:$L$4))) -> 0
A11: 6 | B11: =IFERROR(INDEX(Personnes!$B$5:$B$154,MATCH(6,Personnes!$L$5:$L$154,0)),"") -> P043 | C11: =IFERROR(INDEX(Personnes!$C$5:$C$154,MATCH($B11,Personnes!$B$5:$B$154,0))&"","") -> DUMONT | D11: =IFERROR(INDEX(Personnes!$D$5:$D$154,MATCH($B11,Personnes!$B$5:$B$154,0))&"","") -> Céline | M11: =IF($B11="","",COUNTIF($E11:$L11,"acquis")+COUNTIF($E11:$L11,"expert")) -> 0 | N11: =IF($B11="","",SUMPRODUCT(($E11:$L11<>"")*($E11:$L11<>$E$4:$L$4))) -> 0
A12: 7 | B12: =IFERROR(INDEX(Personnes!$B$5:$B$154,MATCH(7,Personnes!$L$5:$L$154,0)),"") -> P102 | C12: =IFERROR(INDEX(Personnes!$C$5:$C$154,MATCH($B12,Personnes!$B$5:$B$154,0))&"","") -> DUSSAUD | D12: =IFERROR(INDEX(Personnes!$D$5:$D$154,MATCH($B12,Personnes!$B$5:$B$154,0))&"","") -> Sebastien | M12: =IF($B12="","",COUNTIF($E12:$L12,"acquis")+COUNTIF($E12:$L12,"expert")) -> 0 | N12: =IF($B12="","",SUMPRODUCT(($E12:$L12<>"")*($E12:$L12<>$E$4:$L$4))) -> 0
A13: 8 | B13: =IFERROR(INDEX(Personnes!$B$5:$B$154,MATCH(8,Personnes!$L$5:$L$154,0)),"") -> P039 | C13: =IFERROR(INDEX(Personnes!$C$5:$C$154,MATCH($B13,Personnes!$B$5:$B$154,0))&"","") -> FREDON | D13: =IFERROR(INDEX(Personnes!$D$5:$D$154,MATCH($B13,Personnes!$B$5:$B$154,0))&"","") -> Philippe | M13: =IF($B13="","",COUNTIF($E13:$L13,"acquis")+COUNTIF($E13:$L13,"expert")) -> 0 | N13: =IF($B13="","",SUMPRODUCT(($E13:$L13<>"")*($E13:$L13<>$E$4:$L$4))) -> 0
