Workbook

Sheet Lisez-moi
A1: Classeur de paramétrage — Apnée Attitude — saison 2026-2027
B4: À quoi sert ce classeur
B5: Ce classeur porte le paramétrage du suivi des entraînements pour tout le club : référentiels, cadre d'organisation, personnes, calendrier perpétuel. Il ne contient aucune donnée de suivi — celles-ci vivent dans un classeur par ligne d'eau.
B6: Il sert aussi de contrat de données à la future application : un onglet correspond à une table, une colonne à un champ, une ligne à un enregistrement. Sa structure ne doit donc pas être modifiée.
B8: Trois couleurs de fond, trois natures de cellule
B9: Blanc — vous saisissez librement.
B10: Vert clair — vous saisissez avec une aide : liste déroulante, ou sélection d'une personne.
B11: Gris — valeur calculée. N'y touchez pas, elle se met à jour seule.
B12: C'est le seul code couleur du classeur. Aucune information métier n'est portée par une couleur : si une information manque quelque part, il faut lui ajouter une colonne.
B14: Des tables Excel, pas des plages figées
B15: Chaque table de données est une Table Excel nommée, avec une seule ligne libre en réserve. Tapez dans cette ligne : la table s'agrandit d'elle-même et reprend formules, formats et listes déroulantes de la ligne du dessus. Inutile d'insérer une ligne ou de recopier quoi que ce soit.
B17: Une personne, plusieurs rôles
B18: Dans Inscriptions, une ligne porte un seul rôle pour un seul groupe. Une personne encadrante en L3 et élève en L4 a donc **deux lignes** : une (L3, encadrant) et une (L4, élève). Le contrôle de doublon porte sur le quadruplet saison, personne, groupe, rôle — deux lignes de rôles différents ne sont donc pas des doublons.
... B45: Version 1.3 — 21 août 2026. Généré depuis les documents de cadrage 1.2 à 1.6 (dossier site_apnee/Cadrage_v2).

Sheet Referentiels
A1: Référentiels généraux
A2: Huit petits référentiels, regroupés ici plutôt que dispersés sur autant d'onglets presque vides. Chaque section est une Table Excel à part entière.
A4: Sommaire
A5: =HYPERLINK("#Referentiels!A17","Disciplines")
A6: =HYPERLINK("#Referentiels!A26","Groupes de niveaux")
A7: =HYPERLINK("#Referentiels!A41","Familles d'objectifs")
A8: =HYPERLINK("#Referentiels!A53","Familles de compétences")
A9: =HYPERLINK("#Referentiels!A66","Qualifications")
A10: =HYPERLINK("#Referentiels!A81","Bassins")
A11: =HYPERLINK("#Referentiels!A88","Régimes d'ouverture")
A12: =HYPERLINK("#Referentiels!A98","Périodes d'application des régimes")
A14: Disciplines
A15: Liste paramétrable. Le code est l'identifiant : ne jamais le modifier.
A16: Code | B16: Libellé | C16: Ordre | D16: Dans le MVP | E16: Commentaire
A17: DYN | B17: Apnée dynamique avec palmes | C17: 1 | D17: oui | E17: Seule discipline retenue au MVP (décision D-23).
A18: DNF | B18: Apnée dynamique sans palme | C18: 2 | D18: non | E18: Hors MVP. Aucun plan d'entraînement dédié à ce jour.
A19: STA | B19: Apnée statique | C19: 3 | D19: non | E19: Hors MVP. Aucun plan d'entraînement dédié à ce jour.
A20: PRO | B20: Apnée en profondeur | C20: 4 | D20: non | E20: Hors MVP. Organisation en fosse et milieu naturel, à cadrer.
A23: Groupes de niveaux
A24: Paramétrables par discipline. « Groupe précédent » rend la progression explicite d'un niveau au suivant.
A25: Code | B25: Libellé | C25: Discipline | D25: Rang | E25: Groupe précédent | F25: Dans le MVP | G25: Commentaire
A26: L1 | B26: L1 — Initiation | C26: DYN | D26: 1 | F26: oui | G26: Débutants
A27: L2 | B27: L2 — Intermédiaire | C27: DYN | D27: 2 | E27: L1 | F27: oui | G27: Intermédiaires
A28: L3 | B28: L3 — Confirmé | C28: DYN | D28: 3 | E28: L2 | F28: oui | G28: Confirmés
A29: L4 | B29: L4 — Expert | C29: DYN | D29: 4 | E29: L3 | F29: oui | G29: Experts
A30: LC | B30: LC — Compétition | C30: DYN | D30: 5 | E30: L4 | F30: oui | G30: Pas de plan propre : séances calquées sur le L4, logique de records.
A31: DNF1 | B31: DNF 1 | C31: DNF | D31: 1 | F31: non | G31: Hors MVP
A32: DNF2 | B32: DNF 2 | C32: DNF | D32: 2 | E32: DNF1 | F32: non | G32: Hors MVP
A33: STA1 | B33: STA 1 | C33: STA | D33: 1 | F33: non | G33: Hors MVP
A34: STA2 | B34: STA 2 | C34: STA | D34: 2 | E34: STA1 | F34: non | G34: Hors MVP
A35: STAC | B35: STA compétition | C35: STA | D35: 3 | E35: STA2 | F35: non | G35: Hors MVP
A38: Familles d'objectifs
A39: Sept familles couvrent les objectifs des quatre niveaux. Chaque groupe prélève deux seuils sur l'échelle d'une famille.
A40: Code | B40: Libellé | C40: Discipline | D40: Unité | E40: Ce qui varie d'un niveau à l'autre | F40: Commentaire
A41: DIST | B41: Distance maximale | C41: DYN | D41: mètre | E41: la distance | F41: Objectif structurant de chaque niveau.
A42: SERIE_HC | B42: Série hypercapnique | C42: DYN | D42: temps de départ | E42: l'intervalle de départ, à 4 × 50 m constants
A43: SERIE_CT | B43: Série courte à récupération brève | C43: DYN | D43: nombre × distance + secondes | E43: le nombre de répétitions et la récupération | F43: Absente au-delà du L2.
A44: STA_DYN | B44: Enchaînement statique-dynamique | C44: DYN | D44: temps + mètre | E44: la durée de statique et la distance | F44: Exercice de la dynamique, pas une discipline distincte.
A45: LENT | B45: Nage lente à durée imposée | C45: DYN | D45: temps | E45: la durée imposée pour 50 m
A46: BRASSE | B46: Brasse (sans palme) | C46: DYN | D46: mètre | E46: la distance | F46: Exercice de la dynamique, pas une discipline distincte.
A47: VOL_PUL | B47: Volume pulmonaire de départ | C47: DYN | D47: modalité | E47: le volume de départ (FRC, PV) | F47: Présente au L2 uniquement.
A50: Familles de compétences
A51: Les 8 compétences réellement évaluées. Critères observables proposés à partir des plans d'entraînement : à valider.
A52: Code | B52: Libellé | C52: Critère observable (proposition) | D52: Appui documentaire
A53: LEST | B53: Lestage | C53: Assiette horizontale tenue sans compensation musculaire ; flottabilité neutre en fin d'apnée. | D53: L2 : « il apporte l'hydrodynamisme en corrigeant l'assiette »
A54: HYDRO | B54: Hydrodynamisme | C54: Position hydrodynamique conservée sur toute la distance ; aucun mouvement parasite. | D54: L2 / L3 : « hydrodynamisme optimal »
A55: PALM_BI | B55: Palmage bi-palmes | C55: Ondulation propre, amplitude régulière, propulsion issue des hanches et non des cuisses. | D55: L3 : facteur limitant « propulsion, sursollicitation des cuisses »
A56: PALM_MONO | B56: Palmage monopalme | C56: Ondulation continue tête-bassin-palme, bras en flèche tenus. | D56: À rédiger
A57: VIRAGE | B57: Virage | C57: Virage fluide, sans perte de vitesse notable, sans apnée supplémentaire ; poussée d'au moins 10 m. | D57: L3 : « l'objectif : faire 10 m »
A58: VENTIL | B58: Ventilation | C58: Préparation ventilatoire abaissant la fréquence cardiaque, dernière inspiration maîtrisée, protocole de sécurité en sortie, récupération codée respectée. | D58: L2 : « préparation ventilatoire / dernière inspiration / protocole »
A59: SAUV | B59: Sauvetage | C59: Sait repérer les signaux hypoxiques chez son binôme et conduire une remontée et un protocole de sauvetage. | D59: L1 : « savoir pratiquer un sauvetage »
A60: BRASSE | B60: Brasse DNF | C60: Coordination traction-glisse-ondulation, temps de glisse tenu, trajectoire rectiligne. | D60: À rédiger
A63: Qualifications
A64: Qualifications d'encadrement et d'apnéiste. Les prérogatives conditionnent le contrôle de validité des affectations : à renseigner d'après les textes fédéraux.
A65: Code | B65: Libellé | C65: Type | D65: Recyclage | E65: Prérogatives
A66: AP | B66: Apnéiste Piscine | C66: Niveau apnée
A67: ACP | B67: Apnéiste Confirmé Piscine | C67: Niveau apnée
A68: AEL | B68: Apnéiste Eau Libre | C68: Niveau apnée
A69: ACEL | B69: Apnéiste Confirmé Eau Libre | C69: Niveau apnée
A70: AEEL | B70: Apnéiste Expert Eau Libre | C70: Niveau apnée
A71: IE | B71: Initiateur Entraîneur | C71: Encadrement
A72: MEF1 | B72: Moniteur Entraîneur Fédéral 1er degré | C72: Encadrement
A73: MEF2 | B73: Moniteur Entraîneur Fédéral 2e degré | C73: Encadrement
A74: RIFAA | B74: Réactions et Interventions Face à un Accident d'Apnée | C74: Sécurité | D74: recyclage recommandé
A75: PSM | B75: PSM — libellé à préciser | C75: Sécurité
A78: Bassins
A79: La longueur du bassin change la nature des exercices et l'interprétation d'une performance en dynamique.
A80: Code | B80: Libellé | C80: Longueur (m) | D80: Nb de lignes | E80: Commentaire
A81: B50 | B81: Grand bassin 50 m | C81: 50 | D81: 8 | E81: Configuration nominale de la saison.
A82: B25 | B82: Petit bassin 25 m | C82: 25 | D82: 3 | E82: Utilisé en été et sur certains créneaux ; « tout le bassin » = 3 lignes.
A85: Régimes d'ouverture
A86: Un régime dérogatoire daté se substitue au régime nominal.
A87: Code | B87: Libellé | C87: Commentaire
A88: NOMINAL | B88: Régime nominal de saison | C88: Semaine type de septembre à juin.
A89: VACANCES | B89: Vacances scolaires | C89: Horaires et lignes réduits.
A90: ETE | B90: Régime d'été | C90: Organisation dérogatoire de juillet et août.
A91: FERIE | B91: Jour férié | C91: Aucune séance.
A92: FERMETURE | B92: Fermeture technique | C92: Piscine indisponible.
A95: Périodes d'application des régimes
A96: À compléter avec le calendrier scolaire et les jours fériés.
A97: Régime | B97: Date de début | C97: Date de fin | D97: Libellé | E97: Commentaire
A98: NOMINAL | B98: 2026-09-07 | C98: 2027-07-04 | D98: Saison 2026-2027
A99: VACANCES | D99: Vacances de la Toussaint
A100: VACANCES | D100: Vacances de Noël
A101: VACANCES | D101: Vacances d'hiver
A102: VACANCES | D102: Vacances de printemps
A103: ETE | D103: Été 2027

Sheet Objectifs_Niveaux
A1: Objectifs par niveau
A2: Intitulés reproduits littéralement des plans d'entraînement. Le critère est porté par l'objectif, jamais par le logiciel.
A4: ID | B4: Groupe | C4: Famille | D4: Type | E4: Intitulé | F4: Distance (m) | G4: Durée STA | H4: Temps cible | I4: Intervalle départ | J4: Récupération | K4: Nb séries | L4: Nb répétitions exigé | M4: Intervalle max entre départs | N4: Contrainte requise | O4: Critère de validation (texte littéral) | P4: Source
A5: L1-M1 | B5: L1 | C5: DIST | D5: maîtrise | E5: 50m dyn bi-palmes | F5: 50 | L5: 7 | M5: 7' | N5: hypercapnique et/ou hypoxique | O5: Pouvoir réaliser la distance 7 fois dans la même séance avec contraintes hypercapniques et/ou hypoxiques. | P5: AA - Plan d'entrainement débutants (L1) V.2.2024, p. 3
A6: L1-M2 | B6: L1 | C6: SERIE_HC | D6: maîtrise | E6: 4 x 50m départ 2' | F6: 50 | I6: 2' | K6: 4 | L6: 7 | M6: 7' | N6: hypercapnique et/ou hypoxique | O6: Pouvoir réaliser la distance 7 fois dans la même séance avec contraintes hypercapniques et/ou hypoxiques. | P6: AA - Plan d'entrainement débutants (L1) V.2.2024, p. 3
A7: L1-M3 | B7: L1 | C7: SERIE_CT | D7: maîtrise | E7: 4 x 25m récup 15'' | F7: 25 | J7: 15'' | K7: 4 | L7: 7 | M7: 7' | N7: hypercapnique et/ou hypoxique | O7: Pouvoir réaliser la distance 7 fois dans la même séance avec contraintes hypercapniques et/ou hypoxiques. | P7: AA - Plan d'entrainement débutants (L1) V.2.2024, p. 3
A8: L1-M4 | B8: L1 | C8: STA_DYN | D8: maîtrise | E8: 30'' de STA + 50m | F8: 50 | G8: 30'' | L8: 7 | M8: 7' | N8: hypercapnique et/ou hypoxique | O8: Pouvoir réaliser la distance 7 fois dans la même séance avec contraintes hypercapniques et/ou hypoxiques. | P8: AA - Plan d'entrainement débutants (L1) V.2.2024, p. 3
A9: L1-M5 | B9: L1 | C9: LENT | D9: maîtrise | E9: 50m lent (1'15'') | F9: 50 | H9: 1'15'' | L9: 7 | M9: 7' | N9: hypercapnique et/ou hypoxique | O9: Pouvoir réaliser la distance 7 fois dans la même séance avec contraintes hypercapniques et/ou hypoxiques. | P9: AA - Plan d'entrainement débutants (L1) V.2.2024, p. 3
A10: L1-M6 | B10: L1 | C10: BRASSE | D10: maîtrise | E10: 37,5m en brasse | F10: 37.5 | L10: 7 | M10: 7' | N10: hypercapnique et/ou hypoxique | O10: Pouvoir réaliser la distance 7 fois dans la même séance avec contraintes hypercapniques et/ou hypoxiques. | P10: AA - Plan d'entrainement débutants (L1) V.2.2024, p. 3
A11: L1-A1 | B11: L1 | C11: DIST | D11: acquisition | E11: 65m dyn bi-palmes | F11: 65 | L11: 1 | N11: meilleures conditions | O11: Pouvoir réaliser la distance ou l'exercice une fois en étant mis dans les meilleures conditions. | P11: AA - Plan d'entrainement débutants (L1) V.2.2024, p. 3
A12: L1-A2 | B12: L1 | C12: SERIE_HC | D12: acquisition | E12: 4 x 50m départ 1'45'' | F12: 50 | I12: 1'45'' | K12: 4 | L12: 1 | N12: meilleures conditions | O12: Pouvoir réaliser la distance ou l'exercice une fois en étant mis dans les meilleures conditions. | P12: AA - Plan d'entrainement débutants (L1) V.2.2024, p. 3
A13: L1-A3 | B13: L1 | C13: SERIE_CT | D13: acquisition | E13: 8 x 25m récup 15'' | F13: 25 | J13: 15'' | K13: 8 | L13: 1 | N13: meilleures conditions | O13: Pouvoir réaliser la distance ou l'exercice une fois en étant mis dans les meilleures conditions. | P13: AA - Plan d'entrainement débutants (L1) V.2.2024, p. 3
A14: L1-A4 | B14: L1 | C14: STA_DYN | D14: acquisition | E14: 1' de STA + 50m | F14: 50 | G14: 1' | L14: 1 | N14: meilleures conditions | O14: Pouvoir réaliser la distance ou l'exercice une fois en étant mis dans les meilleures conditions. | P14: AA - Plan d'entrainement débutants (L1) V.2.2024, p. 3
A15: L1-A5 | B15: L1 | C15: LENT | D15: acquisition | E15: 50m lent (1'30'') | F15: 50 | H15: 1'30'' | L15: 1 | N15: meilleures conditions | O15: Pouvoir réaliser la distance ou l'exercice une fois en étant mis dans les meilleures conditions. | P15: AA - Plan d'entrainement débutants (L1) V.2.2024, p. 3
A16: L1-A6 | B16: L1 | C16: BRASSE | D16: acquisition | E16: 50m en brasse | F16: 50 | L16: 1 | N16: meilleures conditions | O16: Pouvoir réaliser la distance ou l'exercice une fois en étant mis dans les meilleures conditions. | P16: AA - Plan d'entrainement débutants (L1) V.2.2024, p. 3
A17: L2-M1 | B17: L2 | C17: DIST | D17: maîtrise | E17: 75m dyn bi-palmes | F17: 75 | L17: 5 | M17: 7' | N17: hypercapnique et/ou hypoxique | O17: Pouvoir réaliser la distance 5 fois dans la même séance avec contraintes hypercapniques et/ou hypoxiques. | P17: AA - Plan d'entrainement intermédiaires (L2) V.2.2024, p. 3
A18: L2-M2 | B18: L2 | C18: SERIE_HC | D18: maîtrise | E18: 4 x 50m départ 1'30'' | F18: 50 | I18: 1'30'' | K18: 4 | L18: 5 | M18: 7' | N18: hypercapnique et/ou hypoxique | O18: Pouvoir réaliser la distance 5 fois dans la même séance avec contraintes hypercapniques et/ou hypoxiques. | P18: AA - Plan d'entrainement intermédiaires (L2) V.2.2024, p. 3
A19: L2-M3 | B19: L2 | C19: SERIE_CT | D19: maîtrise | E19: 4 x 25m récup 10'' | F19: 25 | J19: 10'' | K19: 4 | L19: 5 | M19: 7' | N19: hypercapnique et/ou hypoxique | O19: Pouvoir réaliser la distance 5 fois dans la même séance avec contraintes hypercapniques et/ou hypoxiques. | P19: AA - Plan d'entrainement intermédiaires (L2) V.2.2024, p. 3
A20: L2-M4 | B20: L2 | C20: STA_DYN | D20: maîtrise | E20: 1' de STA + 50m | F20: 50 | G20: 1' | L20: 5 | M20: 7' | N20: hypercapnique et/ou hypoxique | O20: Pouvoir réaliser la distance 5 fois dans la même séance avec contraintes hypercapniques et/ou hypoxiques. | P20: AA - Plan d'entrainement intermédiaires (L2) V.2.2024, p. 3
A21: L2-M5 | B21: L2 | C21: LENT | D21: maîtrise | E21: 50m lent (1'30'') | F21: 50 | H21: 1'30'' | L21: 5 | M21: 7' | N21: hypercapnique et/ou hypoxique | O21: Pouvoir réaliser la distance 5 fois dans la même séance avec contraintes hypercapniques et/ou hypoxiques. | P21: AA - Plan d'entrainement intermédiaires (L2) V.2.2024, p. 3
A22: L2-M6 | B22: L2 | C22: BRASSE | D22: maîtrise | E22: 50m en brasse | F22: 50 | L22: 5 | M22: 7' | N22: hypercapnique et/ou hypoxique | O22: Pouvoir réaliser la distance 5 fois dans la même séance avec contraintes hypercapniques et/ou hypoxiques. | P22: AA - Plan d'entrainement intermédiaires (L2) V.2.2024, p. 3
A23: L2-M7 | B23: L2 | C23: VOL_PUL | D23: maîtrise | E23: 50m FRC | F23: 50 | L23: 5 | M23: 7' | N23: hypercapnique et/ou hypoxique | O23: Pouvoir réaliser la distance 5 fois dans la même séance avec contraintes hypercapniques et/ou hypoxiques. | P23: AA - Plan d'entrainement intermédiaires (L2) V.2.2024, p. 3
A24: L2-A1 | B24: L2 | C24: DIST | D24: acquisition | E24: 85m dyn bi-palmes | F24: 85 | L24: 1 | N24: meilleures conditions | O24: Pouvoir réaliser la distance ou l'exercice une fois en étant mis dans les meilleures conditions. | P24: AA - Plan d'entrainement intermédiaires (L2) V.2.2024, p. 3
A25: L2-A2 | B25: L2 | C25: SERIE_HC | D25: acquisition | E25: 4 x 50m départ 1'20'' | F25: 50 | I25: 1'20'' | K25: 4 | L25: 1 | N25: meilleures conditions | O25: Pouvoir réaliser la distance ou l'exercice une fois en étant mis dans les meilleures conditions. | P25: AA - Plan d'entrainement intermédiaires (L2) V.2.2024, p. 3
A26: L2-A3 | B26: L2 | C26: SERIE_CT | D26: acquisition | E26: 8 x 25m récup 10'' | F26: 25 | J26: 10'' | K26: 8 | L26: 1 | N26: meilleures conditions | O26: Pouvoir réaliser la distance ou l'exercice une fois en étant mis dans les meilleures conditions. | P26: AA - Plan d'entrainement intermédiaires (L2) V.2.2024, p. 3
A27: L2-A4 | B27: L2 | C27: STA_DYN | D27: acquisition | E27: 30'' de STA + 75m | F27: 75 | G27: 30'' | L27: 1 | N27: meilleures conditions | O27: Pouvoir réaliser la distance ou l'exercice une fois en étant mis dans les meilleures conditions. | P27: AA - Plan d'entrainement intermédiaires (L2) V.2.2024, p. 3
A28: L2-A5 | B28: L2 | C28: LENT | D28: acquisition | E28: 50m lent (1'45'') | F28: 50 | H28: 1'45'' | L28: 1 | N28: meilleures conditions | O28: Pouvoir réaliser la distance ou l'exercice une fois en étant mis dans les meilleures conditions. | P28: AA - Plan d'entrainement intermédiaires (L2) V.2.2024, p. 3
A29: L2-A6 | B29: L2 | C29: BRASSE | D29: acquisition | E29: 65m en brasse | F29: 65 | L29: 1 | N29: meilleures conditions | O29: Pouvoir réaliser la distance ou l'exercice une fois en étant mis dans les meilleures conditions. | P29: AA - Plan d'entrainement intermédiaires (L2) V.2.2024, p. 3
A30: L2-A7 | B30: L2 | C30: VOL_PUL | D30: acquisition | E30: 50m PV | F30: 50 | L30: 1 | N30: meilleures conditions | O30: Pouvoir réaliser la distance ou l'exercice une fois en étant mis dans les meilleures conditions. | P30: AA - Plan d'entrainement intermédiaires (L2) V.2.2024, p. 3
A31: L3-M1 | B31: L3 | C31: DIST | D31: maîtrise | E31: 100m dyn | F31: 100 | L31: 3 | M31: 7' | N31: hypercapnique et/ou hypoxique | O31: Pouvoir réaliser la distance 3 fois dans la même séance avec contraintes hypercapniques et/ou hypoxiques. | P31: AA - Plan d'entrainement confirmés (L3) V.2.2024, p. 3
A32: L3-M2 | B32: L3 | C32: SERIE_HC | D32: maîtrise | E32: 4 x 50m départ 1'10'' | F32: 50 | I32: 1'10'' | K32: 4 | L32: 3 | M32: 7' | N32: hypercapnique et/ou hypoxique | O32: Pouvoir réaliser la distance 3 fois dans la même séance avec contraintes hypercapniques et/ou hypoxiques. | P32: AA - Plan d'entrainement confirmés (L3) V.2.2024, p. 3
A33: L3-M3 | B33: L3 | C33: STA_DYN | D33: maîtrise | E33: 1' de STA + 75m | F33: 75 | G33: 1' | L33: 3 | M33: 7' | N33: hypercapnique et/ou hypoxique | O33: Pouvoir réaliser la distance 3 fois dans la même séance avec contraintes hypercapniques et/ou hypoxiques. | P33: AA - Plan d'entrainement confirmés (L3) V.2.2024, p. 3
A34: L3-M4 | B34: L3 | C34: LENT | D34: maîtrise | E34: 50m lent (2') | F34: 50 | H34: 2' | L34: 3 | M34: 7' | N34: hypercapnique et/ou hypoxique | O34: Pouvoir réaliser la distance 3 fois dans la même séance avec contraintes hypercapniques et/ou hypoxiques. | P34: AA - Plan d'entrainement confirmés (L3) V.2.2024, p. 3
A35: L3-M5 | B35: L3 | C35: BRASSE | D35: maîtrise | E35: 65m en brasse | F35: 65 | L35: 3 | M35: 7' | N35: hypercapnique et/ou hypoxique | O35: Pouvoir réaliser la distance 3 fois dans la même séance avec contraintes hypercapniques et/ou hypoxiques. | P35: AA - Plan d'entrainement confirmés (L3) V.2.2024, p. 3
A36: L3-A1 | B36: L3 | C36: DIST | D36: acquisition | E36: 125m dyn | F36: 125 | L36: 1 | N36: meilleures conditions | O36: Pouvoir réaliser la distance ou l'exercice une fois en étant mis dans les meilleures conditions. | P36: AA - Plan d'entrainement confirmés (L3) V.2.2024, p. 3
A37: L3-A2 | B37: L3 | C37: SERIE_HC | D37: acquisition | E37: 4 x 50m départ 1' | F37: 50 | I37: 1' | K37: 4 | L37: 1 | N37: meilleures conditions | O37: Pouvoir réaliser la distance ou l'exercice une fois en étant mis dans les meilleures conditions. | P37: AA - Plan d'entrainement confirmés (L3) V.2.2024, p. 3
A38: L3-A3 | B38: L3 | C38: STA_DYN | D38: acquisition | E38: 1'30'' de STA + 75m | F38: 75 | G38: 1'30'' | L38: 1 | N38: meilleures conditions | O38: Pouvoir réaliser la distance ou l'exercice une fois en étant mis dans les meilleures conditions. | P38: AA - Plan d'entrainement confirmés (L3) V.2.2024, p. 3
A39: L3-A4 | B39: L3 | C39: LENT | D39: acquisition | E39: 50m lent (2'30'') | F39: 50 | H39: 2'30'' | L39: 1 | N39: meilleures conditions | O39: Pouvoir réaliser la distance ou l'exercice une fois en étant mis dans les meilleures conditions. | P39: AA - Plan d'entrainement confirmés (L3) V.2.2024, p. 3
A40: L3-A5 | B40: L3 | C40: BRASSE | D40: acquisition | E40: 75m en brasse | F40: 75 | L40: 1 | N40: meilleures conditions | O40: Pouvoir réaliser la distance ou l'exercice une fois en étant mis dans les meilleures conditions. | P40: AA - Plan d'entrainement confirmés (L3) V.2.2024, p. 3
A41: L4-M1 | B41: L4 | C41: DIST | D41: maîtrise | E41: 125m dyn | F41: 125 | N41: aucune contrainte particulière | O41: Pouvoir réaliser la distance sans contrainte particulière, régulièrement, sans incident. — critère qualitatif, non calculable. | P41: AA - Plan d'entrainement experts (L4) V.1.2025, p. 3
A42: L4-M2 | B42: L4 | C42: SERIE_HC | D42: maîtrise | E42: 4 x 50m départ 1' | F42: 50 | I42: 1' | K42: 4 | N42: aucune contrainte particulière | O42: Pouvoir réaliser la distance sans contrainte particulière, régulièrement, sans incident. — critère qualitatif, non calculable. | P42: AA - Plan d'entrainement experts (L4) V.1.2025, p. 3
A43: L4-M3 | B43: L4 | C43: STA_DYN | D43: maîtrise | E43: 1'30 de STA + 75m | F43: 75 | G43: 1'30 | N43: aucune contrainte particulière | O43: Pouvoir réaliser la distance sans contrainte particulière, régulièrement, sans incident. — critère qualitatif, non calculable. | P43: AA - Plan d'entrainement experts (L4) V.1.2025, p. 3
A44: L4-M4 | B44: L4 | C44: LENT | D44: maîtrise | E44: 50m lent (2'30) | F44: 50 | H44: 2'30 | N44: aucune contrainte particulière | O44: Pouvoir réaliser la distance sans contrainte particulière, régulièrement, sans incident. — critère qualitatif, non calculable. | P44: AA - Plan d'entrainement experts (L4) V.1.2025, p. 3
A45: L4-M5 | B45: L4 | C45: BRASSE | D45: maîtrise | E45: 75m en brasse | F45: 75 | N45: aucune contrainte particulière | O45: Pouvoir réaliser la distance sans contrainte particulière, régulièrement, sans incident. — critère qualitatif, non calculable. | P45: AA - Plan d'entrainement experts (L4) V.1.2025, p. 3
A46: L4-A1 | B46: L4 | C46: DIST | D46: acquisition | E46: 150m dyn | F46: 150 | L46: 1 | N46: meilleures conditions | O46: Pouvoir réaliser la distance ou l'exercice une fois de temps en temps en étant mis dans les meilleures conditions. | P46: AA - Plan d'entrainement experts (L4) V.1.2025, p. 3
A47: L4-A2 | B47: L4 | C47: SERIE_HC | D47: acquisition | E47: 4 x 50m départ 55'' | F47: 50 | I47: 55'' | K47: 4 | L47: 1 | N47: meilleures conditions | O47: Pouvoir réaliser la distance ou l'exercice une fois de temps en temps en étant mis dans les meilleures conditions. | P47: AA - Plan d'entrainement experts (L4) V.1.2025, p. 3
A48: L4-A3 | B48: L4 | C48: STA_DYN | D48: acquisition | E48: 2' de STA + 75m | F48: 75 | G48: 2' | L48: 1 | N48: meilleures conditions | O48: Pouvoir réaliser la distance ou l'exercice une fois de temps en temps en étant mis dans les meilleures conditions. | P48: AA - Plan d'entrainement experts (L4) V.1.2025, p. 3
A49: L4-A4 | B49: L4 | C49: LENT | D49: acquisition | E49: 50m lent (3') | F49: 50 | H49: 3' | L49: 1 | N49: meilleures conditions | O49: Pouvoir réaliser la distance ou l'exercice une fois de temps en temps en étant mis dans les meilleures conditions. | P49: AA - Plan d'entrainement experts (L4) V.1.2025, p. 3
A50: L4-A5 | B50: L4 | C50: BRASSE | D50: acquisition | E50: 100m en brasse | F50: 100 | L50: 1 | N50: meilleures conditions | O50: Pouvoir réaliser la distance ou l'exercice une fois de temps en temps en étant mis dans les meilleures conditions. | P50: AA - Plan d'entrainement experts (L4) V.1.2025, p. 3

Sheet Competences_Niveaux
A1: Niveau attendu par compétence et par groupe
A2: Une seule table pour toutes les lignes : c'est ce qui garantit la cohérence d'ensemble de la progression.
A4: Compétence | B4: Libellé | C4: Groupe | D4: Niveau attendu | E4: Commentaire
A5: LEST | B5: Lestage | C5: L1 | D5: en cours
A6: LEST | B6: Lestage | C6: L2 | D6: acquis
A7: LEST | B7: Lestage | C7: L3 | D7: acquis
A8: LEST | B8: Lestage | C8: L4 | D8: expert
A9: LEST | B9: Lestage | C9: LC | D9: expert
A10: HYDRO | B10: Hydrodynamisme | C10: L1 | D10: en cours
A11: HYDRO | B11: Hydrodynamisme | C11: L2 | D11: acquis
A12: HYDRO | B12: Hydrodynamisme | C12: L3 | D12: acquis
A13: HYDRO | B13: Hydrodynamisme | C13: L4 | D13: expert
A14: HYDRO | B14: Hydrodynamisme | C14: LC | D14: expert
A15: PALM_BI | B15: Palmage bi-palmes | C15: L1 | D15: en cours
A16: PALM_BI | B16: Palmage bi-palmes | C16: L2 | D16: acquis
... A44: BRASSE | B44: Brasse DNF | C44: LC | D44: expert

Sheet Creneaux
A1: Créneaux de piscine
A2: La structure hebdomadaire récurrente. Les groupes de niveaux accueillis sont dans l'onglet Creneaux_Groupes, avec leur date d'effet.
A4: ID | B4: Jour | C4: Heure début | D4: Heure fin | E4: Bassin | F4: Nb de lignes ouvertes | G4: Régime | H4: Actif | I4: Libellé (calculé) | J4: Commentaire
A5: CR-LUN | B5: lundi | C5: 21h30 | D5: 22h30 | E5: B50 | F5: 1 | G5: NOMINAL | H5: oui | I5: =IF($A5="","",$A5&" — "&$B5&IF($C5=""," (horaire à saisir)"," "&$C5&"-"&$D5)&IF($E5=""," "," · "&$E5)&" ["&$A5&"]") | J5: Jour confirmé par le planning 2026-27. Horaires et groupe à saisir.
A6: CR-MAR | B6: mardi | C6: 21h30 | D6: 22h30 | E6: B50 | F6: 1 | G6: NOMINAL | H6: oui | I6: =IF($A6="","",$A6&" — "&$B6&IF($C6=""," (horaire à saisir)"," "&$C6&"-"&$D6)&IF($E6=""," "," · "&$E6)&" ["&$A6&"]") | J6: Jour confirmé par le planning 2026-27. Horaires et groupe à saisir.
A7: CR-MER | B7: mercredi | C7: 21h30 | D7: 22h30 | E7: B50 | F7: 1 | G7: NOMINAL | H7: oui | I7: =IF($A7="","",$A7&" — "&$B7&IF($C7=""," (horaire à saisir)"," "&$C7&"-"&$D7)&IF($E7=""," "," · "&$E7)&" ["&$A7&"]") | J7: Jour confirmé par le planning 2026-27. Horaires et groupe à saisir.
A8: CR-VEN | B8: vendredi | C8: 21h30 | D8: 22h30 | E8: B50 | F8: 1 | G8: NOMINAL | H8: oui | I8: =IF($A8="","",$A8&" — "&$B8&IF($C8=""," (horaire à saisir)"," "&$C8&"-"&$D8)&IF($E8=""," "," · "&$E8)&" ["&$A8&"]") | J8: Jour confirmé par le planning 2026-27. Horaires et groupe à saisir.
A9: CR-SAM | B9: samedi | C9: 10h30 | D9: 12h00 | E9: B50 | F9: 1 | G9: NOMINAL | H9: oui | I9: =IF($A9="","",$A9&" — "&$B9&IF($C9=""," (horaire à saisir)"," "&$C9&"-"&$D9)&IF($E9=""," "," · "&$E9)&" ["&$A9&"]") | J9: Jour confirmé par le planning 2026-27. Horaires et groupe à saisir.
A10: CR-DIM | B10: dimanche | E10: B50 | F10: 1 | G10: NOMINAL | H10: non | I10: =IF($A10="","",$A10&" — "&$B10&IF($C10=""," (horaire à saisir)"," "&$C10&"-"&$D10)&IF($E10=""," "," · "&$E10)&" ["&$A10&"]") | J10: Colonne présente dans le planning mais sans directeur de bassin.
I11: =IF($A11="","",$A11&" — "&$B11&IF($C11=""," (horaire à saisir)"," "&$C11&"-"&$D11)&IF($E11=""," "," · "&$E11)&" ["&$A11&"]")

Sheet Creneaux_Groupes
A1: Groupes de niveaux et encadrants, par créneau
A2: Le calendrier perpétuel. Un créneau peut accueillir plusieurs groupes, et un couple créneau / groupe plusieurs encadrants : une ligne par encadrant. La répartition fine se règle ensuite séance par séance dans le classeur de ligne.
A4: Créneau | B4: Créneau (ID) | C4: Date d'effet | D4: Groupe de niveau | E4: Sélection par nom ou prénom | F4: Encadrant (ID) | G4: Nom | H4: Prénom | I4: Nb de lignes allouées | J4: Commentaire | K4: Contrôle
A5: CR-LUN — lundi 21h30-22h30 · B50 [CR-LUN] | B5: =IFERROR(MID($A5,FIND("[",$A5)+1,FIND("]",$A5)-FIND("[",$A5)-1),"") | C5: 46266 | D5: L2 | E5: Sophie [P028] | F5: =IFERROR(MID($E5,FIND("[",$E5)+1,FIND("]",$E5)-FIND("[",$E5)-1),"") | G5: =IFERROR(INDEX(Personnes!$B$5:$B$153,MATCH($F5,Personnes!$A$5:$A$153,0))&"","") | H5: =IFERROR(INDEX(Personnes!$C$5:$C$153,MATCH($F5,Personnes!$A$5:$A$153,0))&"","") | I5: 1 | K5: =IF($A5="","",IF($B5="","créneau non reconnu",IF($C5="","date d’effet manquante",IF($D5="","groupe manquant",IF(COUNTIFS($B$5:$B$80,$B5,$C$5:$C$80,$C5,$D$5:$D$80,$D5,$F$5:$F$80,$F5)>1,"doublon créneau/date/groupe/encadrant",IF($F5="","encadrant à désigner","ok"))))))
A6: CR-LUN — lundi 21h30-22h30 · B50 [CR-LUN] | B6: =IFERROR(MID($A6,FIND("[",$A6)+1,FIND("]",$A6)-FIND("[",$A6)-1),"") | C6: 46266 | D6: L2 | E6: Charline [P007] | F6: =IFERROR(MID($E6,FIND("[",$E6)+1,FIND("]",$E6)-FIND("[",$E6)-1),"") | G6: =IFERROR(INDEX(Personnes!$B$5:$B$153,MATCH($F6,Personnes!$A$5:$A$153,0))&"","") | H6: =IFERROR(INDEX(Personnes!$C$5:$C$153,MATCH($F6,Personnes!$A$5:$A$153,0))&"","") | I6: 1 | K6: =IF($A6="","",IF($B6="","créneau non reconnu",IF($C6="","date d’effet manquante",IF($D6="","groupe manquant",IF(COUNTIFS($B$5:$B$80,$B6,$C$5:$C$80,$C6,$D$5:$D$80,$D6,$F$5:$F$80,$F6)>1,"doublon créneau/date/groupe/encadrant",IF($F6="","encadrant à désigner","ok"))))))
A7: CR-LUN — lundi 21h30-22h30 · B50 [CR-LUN] | B7: =IFERROR(MID($A7,FIND("[",$A7)+1,FIND("]",$A7)-FIND("[",$A7)-1),"") | C7: 46266 | D7: L3 | E7: Gabrielle [P035] | F7: =IFERROR(MID($E7,FIND("[",$E7)+1,FIND("]",$E7)-FIND("[",$E7)-1),"") | G7: =IFERROR(INDEX(Personnes!$B$5:$B$153,MATCH($F7,Personnes!$A$5:$A$153,0))&"","") | H7: =IFERROR(INDEX(Personnes!$C$5:$C$153,MATCH($F7,Personnes!$A$5:$A$153,0))&"","") | I7: 1 | K7: =IF($A7="","",IF($B7="","créneau non reconnu",IF($C7="","date d’effet manquante",IF($D7="","groupe manquant",IF(COUNTIFS($B$5:$B$80,$B7,$C$5:$C$80,$C7,$D$5:$D$80,$D7,$F$5:$F$80,$F7)>1,"doublon créneau/date/groupe/encadrant",IF($F7="","encadrant à désigner","ok"))))))
A8: CR-LUN — lundi 21h30-22h30 · B50 [CR-LUN] | B8: =IFERROR(MID($A8,FIND("[",$A8)+1,FIND("]",$A8)-FIND("[",$A8)-1),"") | C8: 46266 | D8: L3 | E8: Etienne CDV [P011] | F8: =IFERROR(MID($E8,FIND("[",$E8)+1,FIND("]",$E8)-FIND("[",$E8)-1),"") | G8: =IFERROR(INDEX(Personnes!$B$5:$B$153,MATCH($F8,Personnes!$A$5:$A$153,0))&"","") | H8: =IFERROR(INDEX(Personnes!$C$5:$C$153,MATCH($F8,Personnes!$A$5:$A$153,0))&"","") | I8: 1 | K8: =IF($A8="","",IF($B8="","créneau non reconnu",IF($C8="","date d’effet manquante",IF($D8="","groupe manquant",IF(COUNTIFS($B$5:$B$80,$B8,$C$5:$C$80,$C8,$D$5:$D$80,$D8,$F$5:$F$80,$F8)>1,"doublon créneau/date/groupe/encadrant",IF($F8="","encadrant à désigner","ok"))))))
A9: CR-MAR — mardi 21h30-22h30 · B50 [CR-MAR] | B9: =IFERROR(MID($A9,FIND("[",$A9)+1,FIND("]",$A9)-FIND("[",$A9)-1),"") | C9: 46266 | D9: L1 | E9: Dominique BEAUVALLET [P030] | F9: =IFERROR(MID($E9,FIND("[",$E9)+1,FIND("]",$E9)-FIND("[",$E9)-1),"") | G9: =IFERROR(INDEX(Personnes!$B$5:$B$153,MATCH($F9,Personnes!$A$5:$A$153,0))&"","") | H9: =IFERROR(INDEX(Personnes!$C$5:$C$153,MATCH($F9,Personnes!$A$5:$A$153,0))&"","") | I9: 1 | K9: =IF($A9="","",IF($B9="","créneau non reconnu",IF($C9="","date d’effet manquante",IF($D9="","groupe manquant",IF(COUNTIFS($B$5:$B$80,$B9,$C$5:$C$80,$C9,$D$5:$D$80,$D9,$F$5:$F$80,$F9)>1,"doublon créneau/date/groupe/encadrant",IF($F9="","encadrant à désigner","ok"))))))
A10: CR-MAR — mardi 21h30-22h30 · B50 [CR-MAR] | B10: =IFERROR(MID($A10,FIND("[",$A10)+1,FIND("]",$A10)-FIND("[",$A10)-1),"") | C10: 46266 | D10: L2 | E10: Cyrille HANNOU [P009] | F10: =IFERROR(MID($E10,FIND("[",$E10)+1,FIND("]",$E10)-FIND("[",$E10)-1),"") | G10: =IFERROR(INDEX(Personnes!$B$5:$B$153,MATCH($F10,Personnes!$A$5:$A$153,0))&"","") | H10: =IFERROR(INDEX(Personnes!$C$5:$C$153,MATCH($F10,Personnes!$A$5:$A$153,0))&"","") | I10: 1 | K10: =IF($A10="","",IF($B10="","créneau non reconnu",IF($C10="","date d’effet manquante",IF($D10="","groupe manquant",IF(COUNTIFS($B$5:$B$80,$B10,$C$5:$C$80,$C10,$D$5:$D$80,$D10,$F$5:$F$80,$F10)>1,"doublon créneau/date/groupe/encadrant",IF($F10="","encadrant à désigner","ok"))))))
A11: CR-MAR — mardi 21h30-22h30 · B50 [CR-MAR] | B11: =IFERROR(MID($A11,FIND("[",$A11)+1,FIND("]",$A11)-FIND("[",$A11)-1),"") | C11: 46266 | D11: L2 | E11: Nelly JACQUEMOT [P024] | F11: =IFERROR(MID($E11,FIND("[",$E11)+1,FIND("]",$E11)-FIND("[",$E11)-1),"") | G11: =IFERROR(INDEX(Personnes!$B$5:$B$153,MATCH($F11,Personnes!$A$5:$A$153,0))&"","") | H11: =IFERROR(INDEX(Personnes!$C$5:$C$153,MATCH($F11,Personnes!$A$5:$A$153,0))&"","") | I11: 1 | K11: =IF($A11="","",IF($B11="","créneau non reconnu",IF($C11="","date d’effet manquante",IF($D11="","groupe manquant",IF(COUNTIFS($B$5:$B$80,$B11,$C$5:$C$80,$C11,$D$5:$D$80,$D11,$F$5:$F$80,$F11)>1,"doublon créneau/date/groupe/encadrant",IF($F11="","encadrant à désigner","ok"))))))
A12: CR-MAR — mardi 21h30-22h30 · B50 [CR-MAR] | B12: =IFERROR(MID($A12,FIND("[",$A12)+1,FIND("]",$A12)-FIND("[",$A12)-1),"") | C12: 46266 | D12: L3 | E12: Sandry [P036] | F12: =IFERROR(MID($E12,FIND("[",$E12)+1,FIND("]",$E12)-FIND("[",$E12)-1),"") | G12: =IFERROR(INDEX(Personnes!$B$5:$B$153,MATCH($F12,Personnes!$A$5:$A$153,0))&"","") | H12: =IFERROR(INDEX(Personnes!$C$5:$C$153,MATCH($F12,Personnes!$A$5:$A$153,0))&"","") | I12: 1 | K12: =IF($A12="","",IF($B12="","créneau non reconnu",IF($C12="","date d’effet manquante",IF($D12="","groupe manquant",IF(COUNTIFS($B$5:$B$80,$B12,$C$5:$C$80,$C12,$D$5:$D$80,$D12,$F$5:$F$80,$F12)>1,"doublon créneau/date/groupe/encadrant",IF($F12="","encadrant à désigner","ok"))))))
A13: CR-MAR — mardi 21h30-22h30 · B50 [CR-MAR] | B13: =IFERROR(MID($A13,FIND("[",$A13)+1,FIND("]",$A13)-FIND("[",$A13)-1),"") | C13: 46266 | D13: L4 | E13: Philippe F [P039] | F13: =IFERROR(MID($E13,FIND("[",$E13)+1,FIND("]",$E13)-FIND("[",$E13)-1),"") | G13: =IFERROR(INDEX(Personnes!$B$5:$B$153,MATCH($F13,Personnes!$A$5:$A$153,0))&"","") | H13: =IFERROR(INDEX(Personnes!$C$5:$C$153,MATCH($F13,Personnes!$A$5:$A$153,0))&"","") | I13: 1 | K13: =IF($A13="","",IF($B13="","créneau non reconnu",IF($C13="","date d’effet manquante",IF($D13="","groupe manquant",IF(COUNTIFS($B$5:$B$80,$B13,$C$5:$C$80,$C13,$D$5:$D$80,$D13,$F$5:$F$80,$F13)>1,"doublon créneau/date/groupe/encadrant",IF($F13="","encadrant à désigner","ok"))))))
A14: CR-MAR — mardi 21h30-22h30 · B50 [CR-MAR] | B14: =IFERROR(MID($A14,FIND("[",$A14)+1,FIND("]",$A14)-FIND("[",$A14)-1),"") | C14: 46266 | D14: L4 | E14: Anthony [P040] | F14: =IFERROR(MID($E14,FIND("[",$E14)+1,FIND("]",$E14)-FIND("[",$E14)-1),"") | G14: =IFERROR(INDEX(Personnes!$B$5:$B$153,MATCH($F14,Personnes!$A$5:$A$153,0))&"","") | H14: =IFERROR(INDEX(Personnes!$C$5:$C$153,MATCH($F14,Personnes!$A$5:$A$153,0))&"","") | I14: 1 | K14: =IF($A14="","",IF($B14="","créneau non reconnu",IF($C14="","date d’effet manquante",IF($D14="","groupe manquant",IF(COUNTIFS($B$5:$B$80,$B14,$C$5:$C$80,$C14,$D$5:$D$80,$D14,$F$5:$F$80,$F14)>1,"doublon créneau/date/groupe/encadrant",IF($F14="","encadrant à désigner","ok"))))))
A15: CR-MER — mercredi 21h30-22h30 · B50 [CR-MER] | B15: =IFERROR(MID($A15,FIND("[",$A15)+1,FIND("]",$A15)-FIND("[",$A15)-1),"") | C15: 46266 | D15: DNF | E15: Benjamin [P005] | F15: =IFERROR(MID($E15,FIND("[",$E15)+1,FIND("]",$E15)-FIND("[",$E15)-1),"") | G15: =IFERROR(INDEX(Personnes!$B$5:$B$153,MATCH($F15,Personnes!$A$5:$A$153,0))&"","") | H15: =IFERROR(INDEX(Personnes!$C$5:$C$153,MATCH($F15,Personnes!$A$5:$A$153,0))&"","") | I15: 1 | K15: =IF($A15="","",IF($B15="","créneau non reconnu",IF($C15="","date d’effet manquante",IF($D15="","groupe manquant",IF(COUNTIFS($B$5:$B$80,$B15,$C$5:$C$80,$C15,$D$5:$D$80,$D15,$F$5:$F$80,$F15)>1,"doublon créneau/date/groupe/encadrant",IF($F15="","encadrant à désigner","ok"))))))
A16: CR-MER — mercredi 21h30-22h30 · B50 [CR-MER] | B16: =IFERROR(MID($A16,FIND("[",$A16)+1,FIND("]",$A16)-FIND("[",$A16)-1),"") | C16: 46266 | D16: DNF | E16: Yvan [P046] | F16: =IFERROR(MID($E16,FIND("[",$E16)+1,FIND("]",$E16)-FIND("[",$E16)-1),"") | G16: =IFERROR(INDEX(Personnes!$B$5:$B$153,MATCH($F16,Personnes!$A$5:$A$153,0))&"","") | H16: =IFERROR(INDEX(Personnes!$C$5:$C$153,MATCH($F16,Personnes!$A$5:$A$153,0))&"","") | I16: 1 | K16: =IF($A16="","",IF($B16="","créneau non reconnu",IF($C16="","date d’effet manquante",IF($D16="","groupe manquant",IF(COUNTIFS($B$5:$B$80,$B16,$C$5:$C$80,$C16,$D$5:$D$80,$D16,$F$5:$F$80,$F16)>1,"doublon créneau/date/groupe/encadrant",IF($F16="","encadrant à désigner","ok"))))))
... A34: CR-VEN — vendredi 21h30-22h30 · B50 [CR-VEN] | B34: =IFERROR(MID($A34,FIND("[",$A34)+1,FIND("]",$A34)-FIND("[",$A34)-1),"") | C34: 46266 | D34: STA | E34: Guillaume BOULANT [P049] | F34: =IFERROR(MID($E34,FIND("[",$E34)+1,FIND("]",$E34)-FIND("[",$E34)-1),"") | G34: =IFERROR(INDEX(Personnes!$B$5:$B$153,MATCH($F34,Personnes!$A$5:$A$153,0))&"","") | H34: =IFERROR(INDEX(Personnes!$C$5:$C$153,MATCH($F34,Personnes!$A$5:$A$153,0))&"","") | I34: 1 | K34: =IF($A34="","",IF($B34="","créneau non reconnu",IF($C34="","date d’effet manquante",IF($D34="","groupe manquant",IF(COUNTIFS($B$5:$B$80,$B34,$C$5:$C$80,$C34,$D$5:$D$80,$D34,$F$5:$F$80,$F34)>1,"doublon créneau/date/groupe/encadrant",IF($F34="","encadrant à désigner","ok"))))))
B35: =IFERROR(MID($A35,FIND("[",$A35)+1,FIND("]",$A35)-FIND("[",$A35)-1),"") | F35: =IFERROR(MID($E35,FIND("[",$E35)+1,FIND("]",$E35)-FIND("[",$E35)-1),"") | G35: =IFERROR(INDEX(Personnes!$B$5:$B$153,MATCH($F35,Personnes!$A$5:$A$153,0))&"","") | H35: =IFERROR(INDEX(Personnes!$C$5:$C$153,MATCH($F35,Personnes!$A$5:$A$153,0))&"","") | K35: =IF($A35="","",IF($B35="","créneau non reconnu",IF($C35="","date d’effet manquante",IF($D35="","groupe manquant",IF(COUNTIFS($B$5:$B$80,$B35,$C$5:$C$80,$C35,$D$5:$D$80,$D35,$F$5:$F$80,$F35)>1,"doublon créneau/date/groupe/encadrant",IF($F35="","encadrant à désigner","ok"))))))
B36: =IFERROR(MID($A36,FIND("[",$A36)+1,FIND("]",$A36)-FIND("[",$A36)-1),"") | F36: =IFERROR(MID($E36,FIND("[",$E36)+1,FIND("]",$E36)-FIND("[",$E36)-1),"") | G36: =IFERROR(INDEX(Personnes!$B$5:$B$153,MATCH($F36,Personnes!$A$5:$A$153,0))&"","") | H36: =IFERROR(INDEX(Personnes!$C$5:$C$153,MATCH($F36,Personnes!$A$5:$A$153,0))&"","") | K36: =IF($A36="","",IF($B36="","créneau non reconnu",IF($C36="","date d’effet manquante",IF($D36="","groupe manquant",IF(COUNTIFS($B$5:$B$80,$B36,$C$5:$C$80,$C36,$D$5:$D$80,$D36,$F$5:$F$80,$F36)>1,"doublon créneau/date/groupe/encadrant",IF($F36="","encadrant à désigner","ok"))))))
B37: =IFERROR(MID($A37,FIND("[",$A37)+1,FIND("]",$A37)-FIND("[",$A37)-1),"") | F37: =IFERROR(MID($E37,FIND("[",$E37)+1,FIND("]",$E37)-FIND("[",$E37)-1),"") | G37: =IFERROR(INDEX(Personnes!$B$5:$B$153,MATCH($F37,Personnes!$A$5:$A$153,0))&"","") | H37: =IFERROR(INDEX(Personnes!$C$5:$C$153,MATCH($F37,Personnes!$A$5:$A$153,0))&"","") | K37: =IF($A37="","",IF($B37="","créneau non reconnu",IF($C37="","date d’effet manquante",IF($D37="","groupe manquant",IF(COUNTIFS($B$5:$B$80,$B37,$C$5:$C$80,$C37,$D$5:$D$80,$D37,$F$5:$F$80,$F37)>1,"doublon créneau/date/groupe/encadrant",IF($F37="","encadrant à désigner","ok"))))))
B38: =IFERROR(MID($A38,FIND("[",$A38)+1,FIND("]",$A38)-FIND("[",$A38)-1),"") | F38: =IFERROR(MID($E38,FIND("[",$E38)+1,FIND("]",$E38)-FIND("[",$E38)-1),"") | G38: =IFERROR(INDEX(Personnes!$B$5:$B$153,MATCH($F38,Personnes!$A$5:$A$153,0))&"","") | H38: =IFERROR(INDEX(Personnes!$C$5:$C$153,MATCH($F38,Personnes!$A$5:$A$153,0))&"","") | K38: =IF($A38="","",IF($B38="","créneau non reconnu",IF($C38="","date d’effet manquante",IF($D38="","groupe manquant",IF(COUNTIFS($B$5:$B$80,$B38,$C$5:$C$80,$C38,$D$5:$D$80,$D38,$F$5:$F$80,$F38)>1,"doublon créneau/date/groupe/encadrant",IF($F38="","encadrant à désigner","ok"))))))
B39: =IFERROR(MID($A39,FIND("[",$A39)+1,FIND("]",$A39)-FIND("[",$A39)-1),"") | F39: =IFERROR(MID($E39,FIND("[",$E39)+1,FIND("]",$E39)-FIND("[",$E39)-1),"") | G39: =IFERROR(INDEX(Personnes!$B$5:$B$153,MATCH($F39,Personnes!$A$5:$A$153,0))&"","") | H39: =IFERROR(INDEX(Personnes!$C$5:$C$153,MATCH($F39,Personnes!$A$5:$A$153,0))&"","") | K39: =IF($A39="","",IF($B39="","créneau non reconnu",IF($C39="","date d’effet manquante",IF($D39="","groupe manquant",IF(COUNTIFS($B$5:$B$80,$B39,$C$5:$C$80,$C39,$D$5:$D$80,$D39,$F$5:$F$80,$F39)>1,"doublon créneau/date/groupe/encadrant",IF($F39="","encadrant à désigner","ok"))))))
B40: =IFERROR(MID($A40,FIND("[",$A40)+1,FIND("]",$A40)-FIND("[",$A40)-1),"") | F40: =IFERROR(MID($E40,FIND("[",$E40)+1,FIND("]",$E40)-FIND("[",$E40)-1),"") | G40: =IFERROR(INDEX(Personnes!$B$5:$B$153,MATCH($F40,Personnes!$A$5:$A$153,0))&"","") | H40: =IFERROR(INDEX(Personnes!$C$5:$C$153,MATCH($F40,Personnes!$A$5:$A$153,0))&"","") | K40: =IF($A40="","",IF($B40="","créneau non reconnu",IF($C40="","date d’effet manquante",IF($D40="","groupe manquant",IF(COUNTIFS($B$5:$B$80,$B40,$C$5:$C$80,$C40,$D$5:$D$80,$D40,$F$5:$F$80,$F40)>1,"doublon créneau/date/groupe/encadrant",IF($F40="","encadrant à désigner","ok"))))))
B41: =IFERROR(MID($A41,FIND("[",$A41)+1,FIND("]",$A41)-FIND("[",$A41)-1),"") | F41: =IFERROR(MID($E41,FIND("[",$E41)+1,FIND("]",$E41)-FIND("[",$E41)-1),"") | G41: =IFERROR(INDEX(Personnes!$B$5:$B$153,MATCH($F41,Personnes!$A$5:$A$153,0))&"","") | H41: =IFERROR(INDEX(Personnes!$C$5:$C$153,MATCH($F41,Personnes!$A$5:$A$153,0))&"","") | K41: =IF($A41="","",IF($B41="","créneau non reconnu",IF($C41="","date d’effet manquante",IF($D41="","groupe manquant",IF(COUNTIFS($B$5:$B$80,$B41,$C$5:$C$80,$C41,$D$5:$D$80,$D41,$F$5:$F$80,$F41)>1,"doublon créneau/date/groupe/encadrant",IF($F41="","encadrant à désigner","ok"))))))
B42: =IFERROR(MID($A42,FIND("[",$A42)+1,FIND("]",$A42)-FIND("[",$A42)-1),"") | F42: =IFERROR(MID($E42,FIND("[",$E42)+1,FIND("]",$E42)-FIND("[",$E42)-1),"") | G42: =IFERROR(INDEX(Personnes!$B$5:$B$153,MATCH($F42,Personnes!$A$5:$A$153,0))&"","") | H42: =IFERROR(INDEX(Personnes!$C$5:$C$153,MATCH($F42,Personnes!$A$5:$A$153,0))&"","") | K42: =IF($A42="","",IF($B42="","créneau non reconnu",IF($C42="","date d’effet manquante",IF($D42="","groupe manquant",IF(COUNTIFS($B$5:$B$80,$B42,$C$5:$C$80,$C42,$D$5:$D$80,$D42,$F$5:$F$80,$F42)>1,"doublon créneau/date/groupe/encadrant",IF($F42="","encadrant à désigner","ok"))))))
B43: =IFERROR(MID($A43,FIND("[",$A43)+1,FIND("]",$A43)-FIND("[",$A43)-1),"") | F43: =IFERROR(MID($E43,FIND("[",$E43)+1,FIND("]",$E43)-FIND("[",$E43)-1),"") | G43: =IFERROR(INDEX(Personnes!$B$5:$B$153,MATCH($F43,Personnes!$A$5:$A$153,0))&"","") | H43: =IFERROR(INDEX(Personnes!$C$5:$C$153,MATCH($F43,Personnes!$A$5:$A$153,0))&"","") | K43: =IF($A43="","",IF($B43="","créneau non reconnu",IF($C43="","date d’effet manquante",IF($D43="","groupe manquant",IF(COUNTIFS($B$5:$B$80,$B43,$C$5:$C$80,$C43,$D$5:$D$80,$D43,$F$5:$F$80,$F43)>1,"doublon créneau/date/groupe/encadrant",IF($F43="","encadrant à désigner","ok"))))))
B44: =IFERROR(MID($A44,FIND("[",$A44)+1,FIND("]",$A44)-FIND("[",$A44)-1),"") | F44: =IFERROR(MID($E44,FIND("[",$E44)+1,FIND("]",$E44)-FIND("[",$E44)-1),"") | G44: =IFERROR(INDEX(Personnes!$B$5:$B$153,MATCH($F44,Personnes!$A$5:$A$153,0))&"","") | H44: =IFERROR(INDEX(Personnes!$C$5:$C$153,MATCH($F44,Personnes!$A$5:$A$153,0))&"","") | K44: =IF($A44="","",IF($B44="","créneau non reconnu",IF($C44="","date d’effet manquante",IF($D44="","groupe manquant",IF(COUNTIFS($B$5:$B$80,$B44,$C$5:$C$80,$C44,$D$5:$D$80,$D44,$F$5:$F$80,$F44)>1,"doublon créneau/date/groupe/encadrant",IF($F44="","encadrant à désigner","ok"))))))
B45: =IFERROR(MID($A45,FIND("[",$A45)+1,FIND("]",$A45)-FIND("[",$A45)-1),"") | F45: =IFERROR(MID($E45,FIND("[",$E45)+1,FIND("]",$E45)-FIND("[",$E45)-1),"") | G45: =IFERROR(INDEX(Personnes!$B$5:$B$153,MATCH($F45,Personnes!$A$5:$A$153,0))&"","") | H45: =IFERROR(INDEX(Personnes!$C$5:$C$153,MATCH($F45,Personnes!$A$5:$A$153,0))&"","") | K45: =IF($A45="","",IF($B45="","créneau non reconnu",IF($C45="","date d’effet manquante",IF($D45="","groupe manquant",IF(COUNTIFS($B$5:$B$80,$B45,$C$5:$C$80,$C45,$D$5:$D$80,$D45,$F$5:$F$80,$F45)>1,"doublon créneau/date/groupe/encadrant",IF($F45="","encadrant à désigner","ok"))))))
B46: =IFERROR(MID($A46,FIND("[",$A46)+1,FIND("]",$A46)-FIND("[",$A46)-1),"") | F46: =IFERROR(MID($E46,FIND("[",$E46)+1,FIND("]",$E46)-FIND("[",$E46)-1),"") | G46: =IFERROR(INDEX(Personnes!$B$5:$B$153,MATCH($F46,Personnes!$A$5:$A$153,0))&"","") | H46: =IFERROR(INDEX(Personnes!$C$5:$C$153,MATCH($F46,Personnes!$A$5:$A$153,0))&"","") | K46: =IF($A46="","",IF($B46="","créneau non reconnu",IF($C46="","date d’effet manquante",IF($D46="","groupe manquant",IF(COUNTIFS($B$5:$B$80,$B46,$C$5:$C$80,$C46,$D$5:$D$80,$D46,$F$5:$F$80,$F46)>1,"doublon créneau/date/groupe/encadrant",IF($F46="","encadrant à désigner","ok"))))))
... B80: =IFERROR(MID($A80,FIND("[",$A80)+1,FIND("]",$A80)-FIND("[",$A80)-1),"") | F80: =IFERROR(MID($E80,FIND("[",$E80)+1,FIND("]",$E80)-FIND("[",$E80)-1),"") | G80: =IFERROR(INDEX(Personnes!$B$5:$B$153,MATCH($F80,Personnes!$A$5:$A$153,0))&"","") | H80: =IFERROR(INDEX(Personnes!$C$5:$C$153,MATCH($F80,Personnes!$A$5:$A$153,0))&"","") | K80: =IF($A80="","",IF($B80="","créneau non reconnu",IF($C80="","date d’effet manquante",IF($D80="","groupe manquant",IF(COUNTIFS($B$5:$B$80,$B80,$C$5:$C$80,$C80,$D$5:$D$80,$D80,$F$5:$F$80,$F80)>1,"doublon créneau/date/groupe/encadrant",IF($F80="","encadrant à désigner","ok"))))))

Sheet Personnes
A1: Personnes — référentiel unique du club
A2: Élèves et encadrants dans un seul référentiel. Les deux dernières colonnes alimentent la liste de sélection, triée par prénom.
A4: ID | B4: Nom | C4: Prénom | D4: Genre | E4: Date de naissance | F4: Courriel | G4: Statut | H4: Origine de la donnée | I4: Commentaire | J4: Libellé (calculé) | K4: Rang par prénom (calculé)
A5: P100 | B5: AUBERT | C5: Sebastien | G5: actif | H5: Organisation des lignes 2026-2027 (transmis 05/09/2026, complement 06/09/2026) | J5: =IF($A5="","",TRIM(IF($C5="",$B5,$C5&" "&$B5))&" ["&$A5&"]") | K5: =IF($A5="","",COUNTIF(Personnes!$C$5:$C$104,"<"&$C5)+COUNTIF($C$5:$C5,$C5))
A6: P053 | B6: BACHA | C6: Achour | G6: actif | H6: Planning encadrement 2026-27, groupe Stagiaire | I6: Prénom seul ou surnom : nom de famille à compléter | J6: =IF($A6="","",TRIM(IF($C6="",$B6,$C6&" "&$B6))&" ["&$A6&"]") | K6: =IF($A6="","",COUNTIF(Personnes!$C$5:$C$104,"<"&$C6)+COUNTIF($C$5:$C6,$C6))
A7: P003 | B7: BARBIER | C7: Aurelien | G7: actif | H7: Classeur Suivi Apnéistes L3 2025-2026 | J7: =IF($A7="","",TRIM(IF($C7="",$B7,$C7&" "&$B7))&" ["&$A7&"]") | K7: =IF($A7="","",COUNTIF(Personnes!$C$5:$C$104,"<"&$C7)+COUNTIF($C$5:$C7,$C7))
A8: P076 | B8: BAUTISTA | C8: Mary | G8: actif | H8: Organisation des lignes 2026-2027 (transmis 05/09/2026, complement 06/09/2026) | J8: =IF($A8="","",TRIM(IF($C8="",$B8,$C8&" "&$B8))&" ["&$A8&"]") | K8: =IF($A8="","",COUNTIF(Personnes!$C$5:$C$104,"<"&$C8)+COUNTIF($C$5:$C8,$C8))
A9: P030 | B9: BEAUVALLET | C9: Dominique | F9: dombeauvallet@free.fr | G9: actif | H9: Planning encadrement 2026-27, groupe L1 | I9: dit Dom | J9: =IF($A9="","",TRIM(IF($C9="",$B9,$C9&" "&$B9))&" ["&$A9&"]") | K9: =IF($A9="","",COUNTIF(Personnes!$C$5:$C$104,"<"&$C9)+COUNTIF($C$5:$C9,$C9))
A10: P019 | B10: BECHARA | C10: Lionel | G10: actif | H10: Classeur Suivi Apnéistes L3 2025-2026 | J10: =IF($A10="","",TRIM(IF($C10="",$B10,$C10&" "&$B10))&" ["&$A10&"]") | K10: =IF($A10="","",COUNTIF(Personnes!$C$5:$C$104,"<"&$C10)+COUNTIF($C$5:$C10,$C10))
A11: P101 | B11: BELHADJ KACEM | C11: Mohammed | G11: actif | H11: Organisation des lignes 2026-2027 (transmis 05/09/2026, complement 06/09/2026) | J11: =IF($A11="","",TRIM(IF($C11="",$B11,$C11&" "&$B11))&" ["&$A11&"]") | K11: =IF($A11="","",COUNTIF(Personnes!$C$5:$C$104,"<"&$C11)+COUNTIF($C$5:$C11,$C11))
A12: P077 | B12: BENDER | C12: Marc | G12: actif | H12: Organisation des lignes 2026-2027 (transmis 05/09/2026, complement 06/09/2026) | J12: =IF($A12="","",TRIM(IF($C12="",$B12,$C12&" "&$B12))&" ["&$A12&"]") | K12: =IF($A12="","",COUNTIF(Personnes!$C$5:$C$104,"<"&$C12)+COUNTIF($C$5:$C12,$C12))
A13: P055 | B13: BENMANSOUR | C13: Ouafa | F13: Amiwafa77@yahoo.fr | G13: actif | H13: Planning encadrement 2026-27, groupe — | I13: Prénom seul ou surnom : nom de famille à compléter | J13: =IF($A13="","",TRIM(IF($C13="",$B13,$C13&" "&$B13))&" ["&$A13&"]") | K13: =IF($A13="","",COUNTIF(Personnes!$C$5:$C$104,"<"&$C13)+COUNTIF($C$5:$C13,$C13))
A14: P035 | B14: BEYL | C14: Gabrielle | F14: g.beyl@outlook.fr | G14: actif | H14: Planning encadrement 2026-27, groupe L3 | I14: Prénom seul ou surnom : nom de famille à compléter | J14: =IF($A14="","",TRIM(IF($C14="",$B14,$C14&" "&$B14))&" ["&$A14&"]") | K14: =IF($A14="","",COUNTIF(Personnes!$C$5:$C$104,"<"&$C14)+COUNTIF($C$5:$C14,$C14))
A15: P078 | B15: BEZICOT | C15: Patrick | G15: actif | H15: Organisation des lignes 2026-2027 (transmis 05/09/2026, complement 06/09/2026) | J15: =IF($A15="","",TRIM(IF($C15="",$B15,$C15&" "&$B15))&" ["&$A15&"]") | K15: =IF($A15="","",COUNTIF(Personnes!$C$5:$C$104,"<"&$C15)+COUNTIF($C$5:$C15,$C15))
A16: P079 | B16: BIZON | C16: Christophe | G16: actif | H16: Organisation des lignes 2026-2027 (transmis 05/09/2026, complement 06/09/2026) | J16: =IF($A16="","",TRIM(IF($C16="",$B16,$C16&" "&$B16))&" ["&$A16&"]") | K16: =IF($A16="","",COUNTIF(Personnes!$C$5:$C$104,"<"&$C16)+COUNTIF($C$5:$C16,$C16))
A17: P060 | B17: BOUGEROL | C17: Bruno | F17: b_bougerol@yahoo.fr | G17: actif | H17: Planning encadrement 2026-27, groupe — | I17: Prénom seul ou surnom : nom de famille à compléter | J17: =IF($A17="","",TRIM(IF($C17="",$B17,$C17&" "&$B17))&" ["&$A17&"]") | K17: =IF($A17="","",COUNTIF(Personnes!$C$5:$C$104,"<"&$C17)+COUNTIF($C$5:$C17,$C17))
A18: P068 | B18: BOUHAMMOU | C18: Salman | G18: actif | H18: Organisation des lignes 2026-2027 (Craft.me, transmis 05/09/2026) | J18: =IF($A18="","",TRIM(IF($C18="",$B18,$C18&" "&$B18))&" ["&$A18&"]") | K18: =IF($A18="","",COUNTIF(Personnes!$C$5:$C$104,"<"&$C18)+COUNTIF($C$5:$C18,$C18))
A19: P049 | B19: BOULANT | C19: Guillaume | F19: gboulant@gmail.com | G19: actif | H19: Planning encadrement 2026-27, groupe STA 2 | I19: Prénom seul ou surnom : nom de famille à compléter | J19: =IF($A19="","",TRIM(IF($C19="",$B19,$C19&" "&$B19))&" ["&$A19&"]") | K19: =IF($A19="","",COUNTIF(Personnes!$C$5:$C$104,"<"&$C19)+COUNTIF($C$5:$C19,$C19))
A20: P080 | B20: BRIAULT | C20: Beverly | G20: actif | H20: Organisation des lignes 2026-2027 (transmis 05/09/2026, complement 06/09/2026) | J20: =IF($A20="","",TRIM(IF($C20="",$B20,$C20&" "&$B20))&" ["&$A20&"]") | K20: =IF($A20="","",COUNTIF(Personnes!$C$5:$C$104,"<"&$C20)+COUNTIF($C$5:$C20,$C20))
A21: P056 | B21: BRIDENNE | C21: Philippe | F21: philippe.bridenne@gmail.com | G21: actif | H21: Planning encadrement 2026-27, groupe — | I21: Prénom seul ou surnom : nom de famille à compléter | J21: =IF($A21="","",TRIM(IF($C21="",$B21,$C21&" "&$B21))&" ["&$A21&"]") | K21: =IF($A21="","",COUNTIF(Personnes!$C$5:$C$104,"<"&$C21)+COUNTIF($C$5:$C21,$C21))
A22: P081 | B22: CATHALA | C22: Virginie | G22: actif | H22: Organisation des lignes 2026-2027 (transmis 05/09/2026, complement 06/09/2026) | J22: =IF($A22="","",TRIM(IF($C22="",$B22,$C22&" "&$B22))&" ["&$A22&"]") | K22: =IF($A22="","",COUNTIF(Personnes!$C$5:$C$104,"<"&$C22)+COUNTIF($C$5:$C22,$C22))
A23: P069 | B23: CAVATORE | C23: Magali | G23: actif | H23: Organisation des lignes 2026-2027 (Craft.me, transmis 05/09/2026) | J23: =IF($A23="","",TRIM(IF($C23="",$B23,$C23&" "&$B23))&" ["&$A23&"]") | K23: =IF($A23="","",COUNTIF(Personnes!$C$5:$C$104,"<"&$C23)+COUNTIF($C$5:$C23,$C23))
A24: P097 | B24: CHABERNAUD | C24: Christophe | G24: actif | H24: Organisation des lignes 2026-2027 (transmis 05/09/2026, complement 06/09/2026) | J24: =IF($A24="","",TRIM(IF($C24="",$B24,$C24&" "&$B24))&" ["&$A24&"]") | K24: =IF($A24="","",COUNTIF(Personnes!$C$5:$C$104,"<"&$C24)+COUNTIF($C$5:$C24,$C24))
A25: P031 | B25: CHARDONNET | C25: Victorinne | F25: chardonnetvictorine@gmail.com | G25: actif | H25: Planning encadrement 2026-27, groupe L1 | I25: Prénom seul ou surnom : nom de famille à compléter | J25: =IF($A25="","",TRIM(IF($C25="",$B25,$C25&" "&$B25))&" ["&$A25&"]") | K25: =IF($A25="","",COUNTIF(Personnes!$C$5:$C$104,"<"&$C25)+COUNTIF($C$5:$C25,$C25))
A26: P022 | B26: CHIARAMONTE | C26: Matthieu | G26: actif | H26: Classeur Suivi Apnéistes L3 2025-2026 | J26: =IF($A26="","",TRIM(IF($C26="",$B26,$C26&" "&$B26))&" ["&$A26&"]") | K26: =IF($A26="","",COUNTIF(Personnes!$C$5:$C$104,"<"&$C26)+COUNTIF($C$5:$C26,$C26))
A27: P082 | B27: CODAZZO | C27: Franco | G27: actif | H27: Organisation des lignes 2026-2027 (transmis 05/09/2026, complement 06/09/2026) | J27: =IF($A27="","",TRIM(IF($C27="",$B27,$C27&" "&$B27))&" ["&$A27&"]") | K27: =IF($A27="","",COUNTIF(Personnes!$C$5:$C$104,"<"&$C27)+COUNTIF($C$5:$C27,$C27))
A28: P006 | B28: COLIN DE VERDIERE | C28: Caroline | F28: treso.apneeattitude@outlook.com | G28: actif | H28: Classeur Suivi Apnéistes L3 2025-2026 | J28: =IF($A28="","",TRIM(IF($C28="",$B28,$C28&" "&$B28))&" ["&$A28&"]") | K28: =IF($A28="","",COUNTIF(Personnes!$C$5:$C$104,"<"&$C28)+COUNTIF($C$5:$C28,$C28))
A29: P011 | B29: COLIN DE VERDIERE | C29: Etienne | F29: e.cdv@free.fr | G29: actif | H29: Classeur Suivi Apnéistes L3 2025-2026 | J29: =IF($A29="","",TRIM(IF($C29="",$B29,$C29&" "&$B29))&" ["&$A29&"]") | K29: =IF($A29="","",COUNTIF(Personnes!$C$5:$C$104,"<"&$C29)+COUNTIF($C$5:$C29,$C29))
A30: P057 | B30: COLIN DE VERDIERE | C30: Antoine | F30: antoinecdv@gmail.com | G30: actif | H30: Planning encadrement 2026-27, groupe — | I30: Prénom seul ou surnom : nom de famille à compléter | J30: =IF($A30="","",TRIM(IF($C30="",$B30,$C30&" "&$B30))&" ["&$A30&"]") | K30: =IF($A30="","",COUNTIF(Personnes!$C$5:$C$104,"<"&$C30)+COUNTIF($C$5:$C30,$C30))
A31: P063 | B31: COLLINET | C31: Sabine | F31: sabine.collinet@gmail.com | G31: actif | H31: Planning encadrement 2026-27, groupe — | I31: Prénom seul ou surnom : nom de famille à compléter | J31: =IF($A31="","",TRIM(IF($C31="",$B31,$C31&" "&$B31))&" ["&$A31&"]") | K31: =IF($A31="","",COUNTIF(Personnes!$C$5:$C$104,"<"&$C31)+COUNTIF($C$5:$C31,$C31))
A32: P083 | B32: CORNET-VERNET | C32: Sandra | G32: actif | H32: Organisation des lignes 2026-2027 (transmis 05/09/2026, complement 06/09/2026) | J32: =IF($A32="","",TRIM(IF($C32="",$B32,$C32&" "&$B32))&" ["&$A32&"]") | K32: =IF($A32="","",COUNTIF(Personnes!$C$5:$C$104,"<"&$C32)+COUNTIF($C$5:$C32,$C32))
A33: P084 | B33: COSSAIS | C33: Monia | G33: actif | H33: Organisation des lignes 2026-2027 (transmis 05/09/2026, complement 06/09/2026) | J33: =IF($A33="","",TRIM(IF($C33="",$B33,$C33&" "&$B33))&" ["&$A33&"]") | K33: =IF($A33="","",COUNTIF(Personnes!$C$5:$C$104,"<"&$C33)+COUNTIF($C$5:$C33,$C33))
A34: P007 | B34: DANSEUX | C34: Charline | F34: charline.danseux@gmail.com | G34: actif | H34: Classeur Suivi Apnéistes L3 2025-2026 | J34: =IF($A34="","",TRIM(IF($C34="",$B34,$C34&" "&$B34))&" ["&$A34&"]") | K34: =IF($A34="","",COUNTIF(Personnes!$C$5:$C$104,"<"&$C34)+COUNTIF($C$5:$C34,$C34))
A35: P085 | B35: DE LA BRETESCHE | C35: Arnaud | G35: actif | H35: Organisation des lignes 2026-2027 (transmis 05/09/2026, complement 06/09/2026) | J35: =IF($A35="","",TRIM(IF($C35="",$B35,$C35&" "&$B35))&" ["&$A35&"]") | K35: =IF($A35="","",COUNTIF(Personnes!$C$5:$C$104,"<"&$C35)+COUNTIF($C$5:$C35,$C35))
A36: P086 | B36: DEPRETZ | C36: Alain | G36: actif | H36: Organisation des lignes 2026-2027 (transmis 05/09/2026, complement 06/09/2026) | J36: =IF($A36="","",TRIM(IF($C36="",$B36,$C36&" "&$B36))&" ["&$A36&"]") | K36: =IF($A36="","",COUNTIF(Personnes!$C$5:$C$104,"<"&$C36)+COUNTIF($C$5:$C36,$C36))
A37: P002 | B37: DESMERGES | C37: Antonin | G37: actif | H37: Classeur Suivi Apnéistes L3 2025-2026 | J37: =IF($A37="","",TRIM(IF($C37="",$B37,$C37&" "&$B37))&" ["&$A37&"]") | K37: =IF($A37="","",COUNTIF(Personnes!$C$5:$C$104,"<"&$C37)+COUNTIF($C$5:$C37,$C37))
A38: P070 | B38: DEVILLIERS | C38: Aurélien | G38: actif | H38: Organisation des lignes 2026-2027 (Craft.me, transmis 05/09/2026) | J38: =IF($A38="","",TRIM(IF($C38="",$B38,$C38&" "&$B38))&" ["&$A38&"]") | K38: =IF($A38="","",COUNTIF(Personnes!$C$5:$C$104,"<"&$C38)+COUNTIF($C$5:$C38,$C38))
A39: P087 | B39: DUBUISSON | C39: Céline | G39: actif | H39: Organisation des lignes 2026-2027 (transmis 05/09/2026, complement 06/09/2026) | J39: =IF($A39="","",TRIM(IF($C39="",$B39,$C39&" "&$B39))&" ["&$A39&"]") | K39: =IF($A39="","",COUNTIF(Personnes!$C$5:$C$104,"<"&$C39)+COUNTIF($C$5:$C39,$C39))
A40: P043 | B40: DUMONT | C40: Céline | F40: celibouteiller@gmail.com | G40: actif | H40: Planning encadrement 2026-27, groupe L4 | I40: Prénom seul ou surnom : nom de famille à compléter | J40: =IF($A40="","",TRIM(IF($C40="",$B40,$C40&" "&$B40))&" ["&$A40&"]") | K40: =IF($A40="","",COUNTIF(Personnes!$C$5:$C$104,"<"&$C40)+COUNTIF($C$5:$C40,$C40))
A41: P102 | B41: DUSSAUD | C41: Sebastien | G41: actif | H41: Organisation des lignes 2026-2027 (transmis 05/09/2026, complement 06/09/2026) | J41: =IF($A41="","",TRIM(IF($C41="",$B41,$C41&" "&$B41))&" ["&$A41&"]") | K41: =IF($A41="","",COUNTIF(Personnes!$C$5:$C$104,"<"&$C41)+COUNTIF($C$5:$C41,$C41))
A42: P071 | B42: DUVAL | C42: Jérôme | G42: actif | H42: Organisation des lignes 2026-2027 (Craft.me, transmis 05/09/2026) | J42: =IF($A42="","",TRIM(IF($C42="",$B42,$C42&" "&$B42))&" ["&$A42&"]") | K42: =IF($A42="","",COUNTIF(Personnes!$C$5:$C$104,"<"&$C42)+COUNTIF($C$5:$C42,$C42))
A43: P072 | B43: FIHEL | C43: Agnieszka | G43: actif | H43: Organisation des lignes 2026-2027 (Craft.me, transmis 05/09/2026) | J43: =IF($A43="","",TRIM(IF($C43="",$B43,$C43&" "&$B43))&" ["&$A43&"]") | K43: =IF($A43="","",COUNTIF(Personnes!$C$5:$C$104,"<"&$C43)+COUNTIF($C$5:$C43,$C43))
A44: P088 | B44: FIOR | C44: Alain | G44: actif | H44: Organisation des lignes 2026-2027 (transmis 05/09/2026, complement 06/09/2026) | J44: =IF($A44="","",TRIM(IF($C44="",$B44,$C44&" "&$B44))&" ["&$A44&"]") | K44: =IF($A44="","",COUNTIF(Personnes!$C$5:$C$104,"<"&$C44)+COUNTIF($C$5:$C44,$C44))
A45: P005 | B45: FRASCA | C45: Benjamin | F45: benjamin.frasca@gmail.com | G45: actif | H45: Classeur Suivi Apnéistes L3 2025-2026 | J45: =IF($A45="","",TRIM(IF($C45="",$B45,$C45&" "&$B45))&" ["&$A45&"]") | K45: =IF($A45="","",COUNTIF(Personnes!$C$5:$C$104,"<"&$C45)+COUNTIF($C$5:$C45,$C45))
A46: P039 | B46: FREDON | C46: Philippe | F46: philippe.fredon@orange.fr | G46: actif | H46: Planning encadrement 2026-27, groupe L4 | I46: Prénom seul ou surnom : nom de famille à compléter | J46: =IF($A46="","",TRIM(IF($C46="",$B46,$C46&" "&$B46))&" ["&$A46&"]") | K46: =IF($A46="","",COUNTIF(Personnes!$C$5:$C$104,"<"&$C46)+COUNTIF($C$5:$C46,$C46))
A47: P089 | B47: GARCIA | C47: Laurent | G47: actif | H47: Organisation des lignes 2026-2027 (transmis 05/09/2026, complement 06/09/2026) | J47: =IF($A47="","",TRIM(IF($C47="",$B47,$C47&" "&$B47))&" ["&$A47&"]") | K47: =IF($A47="","",COUNTIF(Personnes!$C$5:$C$104,"<"&$C47)+COUNTIF($C$5:$C47,$C47))
A48: P027 | B48: GOBAA | C48: Samy | G48: actif | H48: Classeur Suivi Apnéistes L3 2025-2026 | J48: =IF($A48="","",TRIM(IF($C48="",$B48,$C48&" "&$B48))&" ["&$A48&"]") | K48: =IF($A48="","",COUNTIF(Personnes!$C$5:$C$104,"<"&$C48)+COUNTIF($C$5:$C48,$C48))
A49: P015 | B49: GOUDOU | C49: Jean-François | F49: jfgoudou@gmail.com | G49: actif | H49: Classeur Suivi Apnéistes L3 2025-2026 | J49: =IF($A49="","",TRIM(IF($C49="",$B49,$C49&" "&$B49))&" ["&$A49&"]") | K49: =IF($A49="","",COUNTIF(Personnes!$C$5:$C$104,"<"&$C49)+COUNTIF($C$5:$C49,$C49))
A50: P004 | B50: GOUSSARD | C50: Béatrice | F50: bea.davoine@gmail.com | G50: actif | H50: Classeur Suivi Apnéistes L3 2025-2026 | J50: =IF($A50="","",TRIM(IF($C50="",$B50,$C50&" "&$B50))&" ["&$A50&"]") | K50: =IF($A50="","",COUNTIF(Personnes!$C$5:$C$104,"<"&$C50)+COUNTIF($C$5:$C50,$C50))
A51: P032 | B51: GRENIER | C51: Michael | F51: micgren@gmail.com | G51: actif | H51: Planning encadrement 2026-27, groupe L1 | I51: Prénom seul ou surnom : nom de famille à compléter | J51: =IF($A51="","",TRIM(IF($C51="",$B51,$C51&" "&$B51))&" ["&$A51&"]") | K51: =IF($A51="","",COUNTIF(Personnes!$C$5:$C$104,"<"&$C51)+COUNTIF($C$5:$C51,$C51))
A52: P023 | B52: GUEGUEN | C52: Matthieu | G52: actif | H52: Classeur Suivi Apnéistes L3 2025-2026 | J52: =IF($A52="","",TRIM(IF($C52="",$B52,$C52&" "&$B52))&" ["&$A52&"]") | K52: =IF($A52="","",COUNTIF(Personnes!$C$5:$C$104,"<"&$C52)+COUNTIF($C$5:$C52,$C52))
A53: P029 | B53: GUEGUEN | C53: Stephane | G53: actif | H53: Classeur Suivi Apnéistes L3 2025-2026 | J53: =IF($A53="","",TRIM(IF($C53="",$B53,$C53&" "&$B53))&" ["&$A53&"]") | K53: =IF($A53="","",COUNTIF(Personnes!$C$5:$C$104,"<"&$C53)+COUNTIF($C$5:$C53,$C53))
A54: P001 | B54: GUEVEL | C54: Alain | F54: aguevel94@gmail.com | G54: actif | H54: Classeur Suivi Apnéistes L3 2025-2026 | J54: =IF($A54="","",TRIM(IF($C54="",$B54,$C54&" "&$B54))&" ["&$A54&"]") | K54: =IF($A54="","",COUNTIF(Personnes!$C$5:$C$104,"<"&$C54)+COUNTIF($C$5:$C54,$C54))
A55: P040 | B55: GUGLIELMO | C55: Anthony | F55: anthony.guglielmo.fra@gmail.com | G55: actif | H55: Planning encadrement 2026-27, groupe L4 | I55: Prénom seul ou surnom : nom de famille à compléter | J55: =IF($A55="","",TRIM(IF($C55="",$B55,$C55&" "&$B55))&" ["&$A55&"]") | K55: =IF($A55="","",COUNTIF(Personnes!$C$5:$C$104,"<"&$C55)+COUNTIF($C$5:$C55,$C55))
A56: P073 | B56: GUIBOURT | C56: Aude | G56: actif | H56: Organisation des lignes 2026-2027 (Craft.me, transmis 05/09/2026) | J56: =IF($A56="","",TRIM(IF($C56="",$B56,$C56&" "&$B56))&" ["&$A56&"]") | K56: =IF($A56="","",COUNTIF(Personnes!$C$5:$C$104,"<"&$C56)+COUNTIF($C$5:$C56,$C56))
A57: P074 | B57: HABERT | C57: Serge | G57: actif | H57: Organisation des lignes 2026-2027 (Craft.me, transmis 05/09/2026) | J57: =IF($A57="","",TRIM(IF($C57="",$B57,$C57&" "&$B57))&" ["&$A57&"]") | K57: =IF($A57="","",COUNTIF(Personnes!$C$5:$C$104,"<"&$C57)+COUNTIF($C$5:$C57,$C57))
A58: P009 | B58: HANNOU | C58: Cyrille | F58: hannou_c@yahoo.fr | G58: actif | H58: Classeur Suivi Apnéistes L3 2025-2026 | J58: =IF($A58="","",TRIM(IF($C58="",$B58,$C58&" "&$B58))&" ["&$A58&"]") | K58: =IF($A58="","",COUNTIF(Personnes!$C$5:$C$104,"<"&$C58)+COUNTIF($C$5:$C58,$C58))
A59: P098 | B59: HENRY | C59: Thomas | G59: actif | H59: Organisation des lignes 2026-2027 (transmis 05/09/2026, complement 06/09/2026) | J59: =IF($A59="","",TRIM(IF($C59="",$B59,$C59&" "&$B59))&" ["&$A59&"]") | K59: =IF($A59="","",COUNTIF(Personnes!$C$5:$C$104,"<"&$C59)+COUNTIF($C$5:$C59,$C59))
A60: P090 | B60: HERMANS | C60: Sylvie | G60: actif | H60: Organisation des lignes 2026-2027 (transmis 05/09/2026, complement 06/09/2026) | J60: =IF($A60="","",TRIM(IF($C60="",$B60,$C60&" "&$B60))&" ["&$A60&"]") | K60: =IF($A60="","",COUNTIF(Personnes!$C$5:$C$104,"<"&$C60)+COUNTIF($C$5:$C60,$C60))
A61: P041 | B61: HOYAU | C61: Pierre-Alain | F61: pierre-alain.hoyau@univ-eiffel.fr | G61: actif | H61: Planning encadrement 2026-27, groupe L4 | I61: Prénom seul ou surnom : nom de famille à compléter | J61: =IF($A61="","",TRIM(IF($C61="",$B61,$C61&" "&$B61))&" ["&$A61&"]") | K61: =IF($A61="","",COUNTIF(Personnes!$C$5:$C$104,"<"&$C61)+COUNTIF($C$5:$C61,$C61))
A62: P042 | B62: INSERGUET | C62: David | F62: valdav92@gmail.com | G62: actif | H62: Planning encadrement 2026-27, groupe L4 | I62: Prénom seul ou surnom : nom de famille à compléter | J62: =IF($A62="","",TRIM(IF($C62="",$B62,$C62&" "&$B62))&" ["&$A62&"]") | K62: =IF($A62="","",COUNTIF(Personnes!$C$5:$C$104,"<"&$C62)+COUNTIF($C$5:$C62,$C62))
A63: P024 | B63: JACQUEMOT | C63: Nelly | F63: nellyjacquemot@yahoo.fr | G63: actif | H63: Classeur Suivi Apnéistes L3 2025-2026 | J63: =IF($A63="","",TRIM(IF($C63="",$B63,$C63&" "&$B63))&" ["&$A63&"]") | K63: =IF($A63="","",COUNTIF(Personnes!$C$5:$C$104,"<"&$C63)+COUNTIF($C$5:$C63,$C63))
A64: P014 | B64: LABAYE | C64: Hélène | F64: h_labaye@yahoo.fr | G64: actif | H64: Classeur Suivi Apnéistes L3 2025-2026 | J64: =IF($A64="","",TRIM(IF($C64="",$B64,$C64&" "&$B64))&" ["&$A64&"]") | K64: =IF($A64="","",COUNTIF(Personnes!$C$5:$C$104,"<"&$C64)+COUNTIF($C$5:$C64,$C64))
A65: P008 | B65: LABROSSE | C65: Cyril | G65: actif | H65: Classeur Suivi Apnéistes L3 2025-2026 | J65: =IF($A65="","",TRIM(IF($C65="",$B65,$C65&" "&$B65))&" ["&$A65&"]") | K65: =IF($A65="","",COUNTIF(Personnes!$C$5:$C$104,"<"&$C65)+COUNTIF($C$5:$C65,$C65))
A66: P012 | B66: LACOUR | C66: Etienne | F66: etienne.lacour@outlook.fr | G66: actif | H66: Classeur Suivi Apnéistes L3 2025-2026 | J66: =IF($A66="","",TRIM(IF($C66="",$B66,$C66&" "&$B66))&" ["&$A66&"]") | K66: =IF($A66="","",COUNTIF(Personnes!$C$5:$C$104,"<"&$C66)+COUNTIF($C$5:$C66,$C66))
A67: P025 | B67: LAMBERT | C67: Oman | G67: actif | H67: Classeur Suivi Apnéistes L3 2025-2026 | J67: =IF($A67="","",TRIM(IF($C67="",$B67,$C67&" "&$B67))&" ["&$A67&"]") | K67: =IF($A67="","",COUNTIF(Personnes!$C$5:$C$104,"<"&$C67)+COUNTIF($C$5:$C67,$C67))
A68: P028 | B68: LANDEAU | C68: Sophie | F68: sophiemattioli@yahoo.fr | G68: actif | H68: Classeur Suivi Apnéistes L3 2025-2026 | J68: =IF($A68="","",TRIM(IF($C68="",$B68,$C68&" "&$B68))&" ["&$A68&"]") | K68: =IF($A68="","",COUNTIF(Personnes!$C$5:$C$104,"<"&$C68)+COUNTIF($C$5:$C68,$C68))
A69: P037 | B69: LE BRIGAND | C69: Fred | F69: flebrigand@gmail.com | G69: actif | H69: Planning encadrement 2026-27, groupe L3 | I69: Prénom seul ou surnom : nom de famille à compléter | J69: =IF($A69="","",TRIM(IF($C69="",$B69,$C69&" "&$B69))&" ["&$A69&"]") | K69: =IF($A69="","",COUNTIF(Personnes!$C$5:$C$104,"<"&$C69)+COUNTIF($C$5:$C69,$C69))
A70: P052 | B70: LE BRIGAND | C70: Corinne | F70: clebrigand@gmail.com | G70: actif | H70: Planning encadrement 2026-27, groupe Stagiaire | I70: Prénom seul ou surnom : nom de famille à compléter | J70: =IF($A70="","",TRIM(IF($C70="",$B70,$C70&" "&$B70))&" ["&$A70&"]") | K70: =IF($A70="","",COUNTIF(Personnes!$C$5:$C$104,"<"&$C70)+COUNTIF($C$5:$C70,$C70))
A71: P017 | B71: LEFEBVRE | C71: Jérôme | G71: actif | H71: Classeur Suivi Apnéistes L3 2025-2026 | J71: =IF($A71="","",TRIM(IF($C71="",$B71,$C71&" "&$B71))&" ["&$A71&"]") | K71: =IF($A71="","",COUNTIF(Personnes!$C$5:$C$104,"<"&$C71)+COUNTIF($C$5:$C71,$C71))
A72: P050 | B72: LELARGE | C72: Gérald | F72: glelarge@gmail.com | G72: actif | H72: Planning encadrement 2026-27, groupe STA compète | I72: Prénom seul ou surnom : nom de famille à compléter | J72: =IF($A72="","",TRIM(IF($C72="",$B72,$C72&" "&$B72))&" ["&$A72&"]") | K72: =IF($A72="","",COUNTIF(Personnes!$C$5:$C$104,"<"&$C72)+COUNTIF($C$5:$C72,$C72))
A73: P010 | B73: LICHTNER | C73: Edward | F73: edwardlichtner515@gmail.com | G73: actif | H73: Classeur Suivi Apnéistes L3 2025-2026 | J73: =IF($A73="","",TRIM(IF($C73="",$B73,$C73&" "&$B73))&" ["&$A73&"]") | K73: =IF($A73="","",COUNTIF(Personnes!$C$5:$C$104,"<"&$C73)+COUNTIF($C$5:$C73,$C73))
A74: P058 | B74: MAALAOUI | C74: Larbi | F74: lmaalaoui@yahoo.fr | G74: actif | H74: Planning encadrement 2026-27, groupe — | I74: Prénom seul ou surnom : nom de famille à compléter | J74: =IF($A74="","",TRIM(IF($C74="",$B74,$C74&" "&$B74))&" ["&$A74&"]") | K74: =IF($A74="","",COUNTIF(Personnes!$C$5:$C$104,"<"&$C74)+COUNTIF($C$5:$C74,$C74))
A75: P018 | B75: MADE | C75: Jérôme | G75: actif | H75: Classeur Suivi Apnéistes L3 2025-2026 | J75: =IF($A75="","",TRIM(IF($C75="",$B75,$C75&" "&$B75))&" ["&$A75&"]") | K75: =IF($A75="","",COUNTIF(Personnes!$C$5:$C$104,"<"&$C75)+COUNTIF($C$5:$C75,$C75))
A76: P075 | B76: MARCHIORI | C76: Marie | G76: actif | H76: Organisation des lignes 2026-2027 (Craft.me, transmis 05/09/2026) | J76: =IF($A76="","",TRIM(IF($C76="",$B76,$C76&" "&$B76))&" ["&$A76&"]") | K76: =IF($A76="","",COUNTIF(Personnes!$C$5:$C$104,"<"&$C76)+COUNTIF($C$5:$C76,$C76))
A77: P091 | B77: MASGRAU | C77: Kévin | G77: actif | H77: Organisation des lignes 2026-2027 (transmis 05/09/2026, complement 06/09/2026) | J77: =IF($A77="","",TRIM(IF($C77="",$B77,$C77&" "&$B77))&" ["&$A77&"]") | K77: =IF($A77="","",COUNTIF(Personnes!$C$5:$C$104,"<"&$C77)+COUNTIF($C$5:$C77,$C77))
A78: P046 | B78: MEASSON | C78: Yvan | F78: ymeasson@isybot.com | G78: actif | H78: Planning encadrement 2026-27, groupe — | I78: Prénom seul ou surnom : nom de famille à compléter | J78: =IF($A78="","",TRIM(IF($C78="",$B78,$C78&" "&$B78))&" ["&$A78&"]") | K78: =IF($A78="","",COUNTIF(Personnes!$C$5:$C$104,"<"&$C78)+COUNTIF($C$5:$C78,$C78))
A79: P054 | B79: MEMAIN | C79: Hervé | F79: herve.memain@gmail.com | G79: actif | H79: Planning encadrement 2026-27, groupe — | I79: Prénom seul ou surnom : nom de famille à compléter | J79: =IF($A79="","",TRIM(IF($C79="",$B79,$C79&" "&$B79))&" ["&$A79&"]") | K79: =IF($A79="","",COUNTIF(Personnes!$C$5:$C$104,"<"&$C79)+COUNTIF($C$5:$C79,$C79))
A80: P033 | B80: MEMHELD | C80: François | F80: francois.memheld@orange.fr | G80: actif | H80: Planning encadrement 2026-27, groupe L2 | I80: Prénom seul ou surnom : nom de famille à compléter | J80: =IF($A80="","",TRIM(IF($C80="",$B80,$C80&" "&$B80))&" ["&$A80&"]") | K80: =IF($A80="","",COUNTIF(Personnes!$C$5:$C$104,"<"&$C80)+COUNTIF($C$5:$C80,$C80))
A81: P092 | B81: NIGEN | C81: Isabelle | G81: actif | H81: Organisation des lignes 2026-2027 (transmis 05/09/2026, complement 06/09/2026) | J81: =IF($A81="","",TRIM(IF($C81="",$B81,$C81&" "&$B81))&" ["&$A81&"]") | K81: =IF($A81="","",COUNTIF(Personnes!$C$5:$C$104,"<"&$C81)+COUNTIF($C$5:$C81,$C81))
A82: P093 | B82: NOËL | C82: Vincent | G82: actif | H82: Organisation des lignes 2026-2027 (transmis 05/09/2026, complement 06/09/2026) | J82: =IF($A82="","",TRIM(IF($C82="",$B82,$C82&" "&$B82))&" ["&$A82&"]") | K82: =IF($A82="","",COUNTIF(Personnes!$C$5:$C$104,"<"&$C82)+COUNTIF($C$5:$C82,$C82))
A83: P103 | B83: NOURA | C83: Karim | G83: actif | H83: Organisation des lignes 2026-2027 (transmis 05/09/2026, complement 06/09/2026) | J83: =IF($A83="","",TRIM(IF($C83="",$B83,$C83&" "&$B83))&" ["&$A83&"]") | K83: =IF($A83="","",COUNTIF(Personnes!$C$5:$C$104,"<"&$C83)+COUNTIF($C$5:$C83,$C83))
A84: P020 | B84: PACTET | C84: Lucas | G84: actif | H84: Classeur Suivi Apnéistes L3 2025-2026 | J84: =IF($A84="","",TRIM(IF($C84="",$B84,$C84&" "&$B84))&" ["&$A84&"]") | K84: =IF($A84="","",COUNTIF(Personnes!$C$5:$C$104,"<"&$C84)+COUNTIF($C$5:$C84,$C84))
A85: P059 | B85: PALUD | C85: Sébastien | F85: sebastien.palud@gmail.com | G85: actif | H85: Planning encadrement 2026-27, groupe — | I85: Prénom seul ou surnom : nom de famille à compléter | J85: =IF($A85="","",TRIM(IF($C85="",$B85,$C85&" "&$B85))&" ["&$A85&"]") | K85: =IF($A85="","",COUNTIF(Personnes!$C$5:$C$104,"<"&$C85)+COUNTIF($C$5:$C85,$C85))
A86: P044 | B86: PASCAL | C86: Alain | F86: linux.apa@gmail.com | G86: actif | H86: Planning encadrement 2026-27, groupe L4 | I86: Prénom seul ou surnom : nom de famille à compléter | J86: =IF($A86="","",TRIM(IF($C86="",$B86,$C86&" "&$B86))&" ["&$A86&"]") | K86: =IF($A86="","",COUNTIF(Personnes!$C$5:$C$104,"<"&$C86)+COUNTIF($C$5:$C86,$C86))
A87: P016 | B87: PEINADO | C87: Jérémy | G87: actif | H87: Classeur Suivi Apnéistes L3 2025-2026 | J87: =IF($A87="","",TRIM(IF($C87="",$B87,$C87&" "&$B87))&" ["&$A87&"]") | K87: =IF($A87="","",COUNTIF(Personnes!$C$5:$C$104,"<"&$C87)+COUNTIF($C$5:$C87,$C87))
A88: P064 | B88: SAINT MARTIN | C88: Leo | F88: leo.saintmartin@outlook.fr | G88: actif | H88: Planning encadrement 2026-27, groupe — | I88: Prénom seul ou surnom : nom de famille à compléter | J88: =IF($A88="","",TRIM(IF($C88="",$B88,$C88&" "&$B88))&" ["&$A88&"]") | K88: =IF($A88="","",COUNTIF(Personnes!$C$5:$C$104,"<"&$C88)+COUNTIF($C$5:$C88,$C88))
A89: P045 | B89: SEGUI | C89: Danny | F89: d.segui@psm-ffessm.fr | G89: actif | H89: Planning encadrement 2026-27, groupe Gr. compéte | I89: Prénom seul ou surnom : nom de famille à compléter | J89: =IF($A89="","",TRIM(IF($C89="",$B89,$C89&" "&$B89))&" ["&$A89&"]") | K89: =IF($A89="","",COUNTIF(Personnes!$C$5:$C$104,"<"&$C89)+COUNTIF($C$5:$C89,$C89))
A90: P094 | B90: SEVEDO | C90: Theo | G90: actif | H90: Organisation des lignes 2026-2027 (transmis 05/09/2026, complement 06/09/2026) | J90: =IF($A90="","",TRIM(IF($C90="",$B90,$C90&" "&$B90))&" ["&$A90&"]") | K90: =IF($A90="","",COUNTIF(Personnes!$C$5:$C$104,"<"&$C90)+COUNTIF($C$5:$C90,$C90))
A91: P099 | B91: SIKORA | C91: Viktor | G91: actif | H91: Organisation des lignes 2026-2027 (transmis 05/09/2026, complement 06/09/2026) | J91: =IF($A91="","",TRIM(IF($C91="",$B91,$C91&" "&$B91))&" ["&$A91&"]") | K91: =IF($A91="","",COUNTIF(Personnes!$C$5:$C$104,"<"&$C91)+COUNTIF($C$5:$C91,$C91))
A92: P047 | B92: STANKIEWICZ | C92: Katarina | F92: kasia.milena@gmail.com | G92: actif | H92: Planning encadrement 2026-27, groupe DNF 2 | I92: Prénom seul ou surnom : nom de famille à compléter | J92: =IF($A92="","",TRIM(IF($C92="",$B92,$C92&" "&$B92))&" ["&$A92&"]") | K92: =IF($A92="","",COUNTIF(Personnes!$C$5:$C$104,"<"&$C92)+COUNTIF($C$5:$C92,$C92))
A93: P095 | B93: TESSON | C93: Marine | G93: actif | H93: Organisation des lignes 2026-2027 (transmis 05/09/2026, complement 06/09/2026) | J93: =IF($A93="","",TRIM(IF($C93="",$B93,$C93&" "&$B93))&" ["&$A93&"]") | K93: =IF($A93="","",COUNTIF(Personnes!$C$5:$C$104,"<"&$C93)+COUNTIF($C$5:$C93,$C93))
A94: P026 | B94: VALENTINI | C94: Pauline | F94: p.valentini@hotmail.fr | G94: actif | H94: Classeur Suivi Apnéistes L3 2025-2026 | J94: =IF($A94="","",TRIM(IF($C94="",$B94,$C94&" "&$B94))&" ["&$A94&"]") | K94: =IF($A94="","",COUNTIF(Personnes!$C$5:$C$104,"<"&$C94)+COUNTIF($C$5:$C94,$C94))
A95: P062 | B95: VENOT | C95: Eric | F95: ericvenot@hotmail.com | G95: actif | H95: Planning encadrement 2026-27, groupe — | I95: Prénom seul ou surnom : nom de famille à compléter | J95: =IF($A95="","",TRIM(IF($C95="",$B95,$C95&" "&$B95))&" ["&$A95&"]") | K95: =IF($A95="","",COUNTIF(Personnes!$C$5:$C$104,"<"&$C95)+COUNTIF($C$5:$C95,$C95))
A96: P036 | B96: WALLON | C96: Sandry | F96: sandry.wallon@gmail.com | G96: actif | H96: Planning encadrement 2026-27, groupe L3 | I96: Prénom seul ou surnom : nom de famille à compléter | J96: =IF($A96="","",TRIM(IF($C96="",$B96,$C96&" "&$B96))&" ["&$A96&"]") | K96: =IF($A96="","",COUNTIF(Personnes!$C$5:$C$104,"<"&$C96)+COUNTIF($C$5:$C96,$C96))
A97: P096 | B97: WALLON | C97: Sylvie | G97: actif | H97: Organisation des lignes 2026-2027 (transmis 05/09/2026, complement 06/09/2026) | J97: =IF($A97="","",TRIM(IF($C97="",$B97,$C97&" "&$B97))&" ["&$A97&"]") | K97: =IF($A97="","",COUNTIF(Personnes!$C$5:$C$104,"<"&$C97)+COUNTIF($C$5:$C97,$C97))
A98: P013 | B98: WANG | C98: Francis | F98: frawan@gmail.com | G98: actif | H98: Classeur Suivi Apnéistes L3 2025-2026 | J98: =IF($A98="","",TRIM(IF($C98="",$B98,$C98&" "&$B98))&" ["&$A98&"]") | K98: =IF($A98="","",COUNTIF(Personnes!$C$5:$C$104,"<"&$C98)+COUNTIF($C$5:$C98,$C98))
A99: P021 | B99: YOUNSSI | C99: Mariem | G99: actif | H99: Classeur Suivi Apnéistes L3 2025-2026 | J99: =IF($A99="","",TRIM(IF($C99="",$B99,$C99&" "&$B99))&" ["&$A99&"]") | K99: =IF($A99="","",COUNTIF(Personnes!$C$5:$C$104,"<"&$C99)+COUNTIF($C$5:$C99,$C99))
A100: P065 | C100: Suah | G100: actif | H100: Planning encadrement 2026-27, groupe — | I100: Prénom seul ou surnom : nom de famille à compléter | J100: =IF($A100="","",TRIM(IF($C100="",$B100,$C100&" "&$B100))&" ["&$A100&"]") | K100: =IF($A100="","",COUNTIF(Personnes!$C$5:$C$104,"<"&$C100)+COUNTIF($C$5:$C100,$C100))
J101: =IF($A101="","",TRIM(IF($C101="",$B101,$C101&" "&$B101))&" ["&$A101&"]") | K101: =IF($A101="","",COUNTIF(Personnes!$C$5:$C$104,"<"&$C101)+COUNTIF($C$5:$C101,$C101))
...

Sheet Qualifications_Personnes
A1: Qualifications détenues
A2: Sélectionnez la personne : l'identifiant, le nom et le prénom se remplissent tout seuls.
A4: Sélection par nom ou prénom | B4: Personne (ID) | C4: Nom | D4: Prénom | E4: Qualification | F4: Type (calculé) | G4: Libellé (calculé) | H4: Date d'obtention | I4: Date de recyclage | J4: Valide | K4: Commentaire
B5: =IFERROR(MID($A5,FIND("[",$A5)+1,FIND("]",$A5)-FIND("[",$A5)-1),"") | C5: =IFERROR(INDEX(Personnes!$B$5:$B$153,MATCH($B5,Personnes!$A$5:$A$153,0))&"","") | D5: =IFERROR(INDEX(Personnes!$C$5:$C$153,MATCH($B5,Personnes!$A$5:$A$153,0))&"","") | F5: =IFERROR(INDEX(Referentiels!$C$66:$C$76,MATCH($E5,Referentiels!$A$66:$A$76,0))&"","") | G5: =IFERROR(INDEX(Referentiels!$B$66:$B$76,MATCH($E5,Referentiels!$A$66:$A$76,0))&"","")
B6: =IFERROR(MID($A6,FIND("[",$A6)+1,FIND("]",$A6)-FIND("[",$A6)-1),"") | C6: =IFERROR(INDEX(Personnes!$B$5:$B$153,MATCH($B6,Personnes!$A$5:$A$153,0))&"","") | D6: =IFERROR(INDEX(Personnes!$C$5:$C$153,MATCH($B6,Personnes!$A$5:$A$153,0))&"","") | F6: =IFERROR(INDEX(Referentiels!$C$66:$C$76,MATCH($E6,Referentiels!$A$66:$A$76,0))&"","") | G6: =IFERROR(INDEX(Referentiels!$B$66:$B$76,MATCH($E6,Referentiels!$A$66:$A$76,0))&"","")
B7: =IFERROR(MID($A7,FIND("[",$A7)+1,FIND("]",$A7)-FIND("[",$A7)-1),"") | C7: =IFERROR(INDEX(Personnes!$B$5:$B$153,MATCH($B7,Personnes!$A$5:$A$153,0))&"","") | D7: =IFERROR(INDEX(Personnes!$C$5:$C$153,MATCH($B7,Personnes!$A$5:$A$153,0))&"","") | F7: =IFERROR(INDEX(Referentiels!$C$66:$C$76,MATCH($E7,Referentiels!$A$66:$A$76,0))&"","") | G7: =IFERROR(INDEX(Referentiels!$B$66:$B$76,MATCH($E7,Referentiels!$A$66:$A$76,0))&"","")
B8: =IFERROR(MID($A8,FIND("[",$A8)+1,FIND("]",$A8)-FIND("[",$A8)-1),"") | C8: =IFERROR(INDEX(Personnes!$B$5:$B$153,MATCH($B8,Personnes!$A$5:$A$153,0))&"","") | D8: =IFERROR(INDEX(Personnes!$C$5:$C$153,MATCH($B8,Personnes!$A$5:$A$153,0))&"","") | F8: =IFERROR(INDEX(Referentiels!$C$66:$C$76,MATCH($E8,Referentiels!$A$66:$A$76,0))&"","") | G8: =IFERROR(INDEX(Referentiels!$B$66:$B$76,MATCH($E8,Referentiels!$A$66:$A$76,0))&"","")
B9: =IFERROR(MID($A9,FIND("[",$A9)+1,FIND("]",$A9)-FIND("[",$A9)-1),"") | C9: =IFERROR(INDEX(Personnes!$B$5:$B$153,MATCH($B9,Personnes!$A$5:$A$153,0))&"","") | D9: =IFERROR(INDEX(Personnes!$C$5:$C$153,MATCH($B9,Personnes!$A$5:$A$153,0))&"","") | F9: =IFERROR(INDEX(Referentiels!$C$66:$C$76,MATCH($E9,Referentiels!$A$66:$A$76,0))&"","") | G9: =IFERROR(INDEX(Referentiels!$B$66:$B$76,MATCH($E9,Referentiels!$A$66:$A$76,0))&"","")
B10: =IFERROR(MID($A10,FIND("[",$A10)+1,FIND("]",$A10)-FIND("[",$A10)-1),"") | C10: =IFERROR(INDEX(Personnes!$B$5:$B$153,MATCH($B10,Personnes!$A$5:$A$153,0))&"","") | D10: =IFERROR(INDEX(Personnes!$C$5:$C$153,MATCH($B10,Personnes!$A$5:$A$153,0))&"","") | F10: =IFERROR(INDEX(Referentiels!$C$66:$C$76,MATCH($E10,Referentiels!$A$66:$A$76,0))&"","") | G10: =IFERROR(INDEX(Referentiels!$B$66:$B$76,MATCH($E10,Referentiels!$A$66:$A$76,0))&"","")
B11: =IFERROR(MID($A11,FIND("[",$A11)+1,FIND("]",$A11)-FIND("[",$A11)-1),"") | C11: =IFERROR(INDEX(Personnes!$B$5:$B$153,MATCH($B11,Personnes!$A$5:$A$153,0))&"","") | D11: =IFERROR(INDEX(Personnes!$C$5:$C$153,MATCH($B11,Personnes!$A$5:$A$153,0))&"","") | F11: =IFERROR(INDEX(Referentiels!$C$66:$C$76,MATCH($E11,Referentiels!$A$66:$A$76,0))&"","") | G11: =IFERROR(INDEX(Referentiels!$B$66:$B$76,MATCH($E11,Referentiels!$A$66:$A$76,0))&"","")
B12: =IFERROR(MID($A12,FIND("[",$A12)+1,FIND("]",$A12)-FIND("[",$A12)-1),"") | C12: =IFERROR(INDEX(Personnes!$B$5:$B$153,MATCH($B12,Personnes!$A$5:$A$153,0))&"","") | D12: =IFERROR(INDEX(Personnes!$C$5:$C$153,MATCH($B12,Personnes!$A$5:$A$153,0))&"","") | F12: =IFERROR(INDEX(Referentiels!$C$66:$C$76,MATCH($E12,Referentiels!$A$66:$A$76,0))&"","") | G12: =IFERROR(INDEX(Referentiels!$B$66:$B$76,MATCH($E12,Referentiels!$A$66:$A$76,0))&"","")
B13: =IFERROR(MID($A13,FIND("[",$A13)+1,FIND("]",$A13)-FIND("[",$A13)-1),"") | C13: =IFERROR(INDEX(Personnes!$B$5:$B$153,MATCH($B13,Personnes!$A$5:$A$153,0))&"","") | D13: =IFERROR(INDEX(Personnes!$C$5:$C$153,MATCH($B13,Personnes!$A$5:$A$153,0))&"","") | F13: =IFERROR(INDEX(Referentiels!$C$66:$C$76,MATCH($E13,Referentiels!$A$66:$A$76,0))&"","") | G13: =IFERROR(INDEX(Referentiels!$B$66:$B$76,MATCH($E13,Referentiels!$A$66:$A$76,0))&"","")
B14: =IFERROR(MID($A14,FIND("[",$A14)+1,FIND("]",$A14)-FIND("[",$A14)-1),"") | C14: =IFERROR(INDEX(Personnes!$B$5:$B$153,MATCH($B14,Personnes!$A$5:$A$153,0))&"","") | D14: =IFERROR(INDEX(Personnes!$C$5:$C$153,MATCH($B14,Personnes!$A$5:$A$153,0))&"","") | F14: =IFERROR(INDEX(Referentiels!$C$66:$C$76,MATCH($E14,Referentiels!$A$66:$A$76,0))&"","") | G14: =IFERROR(INDEX(Referentiels!$B$66:$B$76,MATCH($E14,Referentiels!$A$66:$A$76,0))&"","")
B15: =IFERROR(MID($A15,FIND("[",$A15)+1,FIND("]",$A15)-FIND("[",$A15)-1),"") | C15: =IFERROR(INDEX(Personnes!$B$5:$B$153,MATCH($B15,Personnes!$A$5:$A$153,0))&"","") | D15: =IFERROR(INDEX(Personnes!$C$5:$C$153,MATCH($B15,Personnes!$A$5:$A$153,0))&"","") | F15: =IFERROR(INDEX(Referentiels!$C$66:$C$76,MATCH($E15,Referentiels!$A$66:$A$76,0))&"","") | G15: =IFERROR(INDEX(Referentiels!$B$66:$B$76,MATCH($E15,Referentiels!$A$66:$A$76,0))&"","")
B16: =IFERROR(MID($A16,FIND("[",$A16)+1,FIND("]",$A16)-FIND("[",$A16)-1),"") | C16: =IFERROR(INDEX(Personnes!$B$5:$B$153,MATCH($B16,Personnes!$A$5:$A$153,0))&"","") | D16: =IFERROR(INDEX(Personnes!$C$5:$C$153,MATCH($B16,Personnes!$A$5:$A$153,0))&"","") | F16: =IFERROR(INDEX(Referentiels!$C$66:$C$76,MATCH($E16,Referentiels!$A$66:$A$76,0))&"","") | G16: =IFERROR(INDEX(Referentiels!$B$66:$B$76,MATCH($E16,Referentiels!$A$66:$A$76,0))&"","")
... B200: =IFERROR(MID($A200,FIND("[",$A200)+1,FIND("]",$A200)-FIND("[",$A200)-1),"") | C200: =IFERROR(INDEX(Personnes!$B$5:$B$153,MATCH($B200,Personnes!$A$5:$A$153,0))&"","") | D200: =IFERROR(INDEX(Personnes!$C$5:$C$153,MATCH($B200,Personnes!$A$5:$A$153,0))&"","") | F200: =IFERROR(INDEX(Referentiels!$C$66:$C$76,MATCH($E200,Referentiels!$A$66:$A$76,0))&"","") | G200: =IFERROR(INDEX(Referentiels!$B$66:$B$76,MATCH($E200,Referentiels!$A$66:$A$76,0))&"","")

Sheet Inscriptions
A1: Inscriptions de la saison
A2: La colonne Contrôle signale les doublons et les informations manquantes.
A4: Saison | B4: Sélection par nom ou prénom | C4: Personne (ID) | D4: Nom | E4: Prénom | F4: Groupe de niveau | G4: Rôle | H4: Support de saisie | I4: Date de début | J4: Date de fin | K4: Objectif de la saison | L4: Commentaire | M4: Contrôle
A5: 2026-2027 | B5: Dominique BEAUVALLET [P030] | C5: =IFERROR(MID($B5,FIND("[",$B5)+1,FIND("]",$B5)-FIND("[",$B5)-1),"") | D5: =IFERROR(INDEX(Personnes!$B$5:$B$153,MATCH($C5,Personnes!$A$5:$A$153,0))&"","") | E5: =IFERROR(INDEX(Personnes!$C$5:$C$153,MATCH($C5,Personnes!$A$5:$A$153,0))&"","") | F5: L1 | G5: encadrant | H5: classeur | I5: 46272 | M5: =IF($B5="","",IF($C5="","personne non reconnue",IF(ISERROR(SEARCH(TRIM($E5&" "&$D5),$B5)),"libellé incohérent avec l’identifiant",IF(COUNTIFS($A$5:$A$500,$A5,$C$5:$C$500,$C5,$F$5:$F$500,$F5,$G$5:$G$500,$G5)>1,"doublon",IF($F5="","groupe manquant",IF($G5="","rôle manquant",IF($H5="","support de saisie manquant",IF(AND($I5<>"",$J5<>"",$J5<$I5),"date de fin antérieure à la date de début",IF(AND($G5="encadrant",IFERROR(INDEX(Personnes!$F$5:$F$153,MATCH($C5,Personnes!$A$5:$A$153,0)),"")=""),"courriel encadrant manquant","ok")))))))))
A6: 2026-2027 | B6: Victorinne CHARDONNET [P031] | C6: =IFERROR(MID($B6,FIND("[",$B6)+1,FIND("]",$B6)-FIND("[",$B6)-1),"") | D6: =IFERROR(INDEX(Personnes!$B$5:$B$153,MATCH($C6,Personnes!$A$5:$A$153,0))&"","") | E6: =IFERROR(INDEX(Personnes!$C$5:$C$153,MATCH($C6,Personnes!$A$5:$A$153,0))&"","") | F6: L1 | G6: encadrant | H6: classeur | I6: 46272 | M6: =IF($B6="","",IF($C6="","personne non reconnue",IF(ISERROR(SEARCH(TRIM($E6&" "&$D6),$B6)),"libellé incohérent avec l’identifiant",IF(COUNTIFS($A$5:$A$500,$A6,$C$5:$C$500,$C6,$F$5:$F$500,$F6,$G$5:$G$500,$G6)>1,"doublon",IF($F6="","groupe manquant",IF($G6="","rôle manquant",IF($H6="","support de saisie manquant",IF(AND($I6<>"",$J6<>"",$J6<$I6),"date de fin antérieure à la date de début",IF(AND($G6="encadrant",IFERROR(INDEX(Personnes!$F$5:$F$153,MATCH($C6,Personnes!$A$5:$A$153,0)),"")=""),"courriel encadrant manquant","ok")))))))))
A7: 2026-2027 | B7: Michael GRENIER [P032] | C7: =IFERROR(MID($B7,FIND("[",$B7)+1,FIND("]",$B7)-FIND("[",$B7)-1),"") | D7: =IFERROR(INDEX(Personnes!$B$5:$B$153,MATCH($C7,Personnes!$A$5:$A$153,0))&"","") | E7: =IFERROR(INDEX(Personnes!$C$5:$C$153,MATCH($C7,Personnes!$A$5:$A$153,0))&"","") | F7: L1 | G7: encadrant | H7: classeur | I7: 46272 | M7: =IF($B7="","",IF($C7="","personne non reconnue",IF(ISERROR(SEARCH(TRIM($E7&" "&$D7),$B7)),"libellé incohérent avec l’identifiant",IF(COUNTIFS($A$5:$A$500,$A7,$C$5:$C$500,$C7,$F$5:$F$500,$F7,$G$5:$G$500,$G7)>1,"doublon",IF($F7="","groupe manquant",IF($G7="","rôle manquant",IF($H7="","support de saisie manquant",IF(AND($I7<>"",$J7<>"",$J7<$I7),"date de fin antérieure à la date de début",IF(AND($G7="encadrant",IFERROR(INDEX(Personnes!$F$5:$F$153,MATCH($C7,Personnes!$A$5:$A$153,0)),"")=""),"courriel encadrant manquant","ok")))))))))
A8: 2026-2027 | B8: Charline DANSEUX [P007] | C8: =IFERROR(MID($B8,FIND("[",$B8)+1,FIND("]",$B8)-FIND("[",$B8)-1),"") | D8: =IFERROR(INDEX(Personnes!$B$5:$B$153,MATCH($C8,Personnes!$A$5:$A$153,0))&"","") | E8: =IFERROR(INDEX(Personnes!$C$5:$C$153,MATCH($C8,Personnes!$A$5:$A$153,0))&"","") | F8: L2 | G8: encadrant | H8: classeur | I8: 46272 | M8: =IF($B8="","",IF($C8="","personne non reconnue",IF(ISERROR(SEARCH(TRIM($E8&" "&$D8),$B8)),"libellé incohérent avec l’identifiant",IF(COUNTIFS($A$5:$A$500,$A8,$C$5:$C$500,$C8,$F$5:$F$500,$F8,$G$5:$G$500,$G8)>1,"doublon",IF($F8="","groupe manquant",IF($G8="","rôle manquant",IF($H8="","support de saisie manquant",IF(AND($I8<>"",$J8<>"",$J8<$I8),"date de fin antérieure à la date de début",IF(AND($G8="encadrant",IFERROR(INDEX(Personnes!$F$5:$F$153,MATCH($C8,Personnes!$A$5:$A$153,0)),"")=""),"courriel encadrant manquant","ok")))))))))
A9: 2026-2027 | B9: Cyrille HANNOU [P009] | C9: =IFERROR(MID($B9,FIND("[",$B9)+1,FIND("]",$B9)-FIND("[",$B9)-1),"") | D9: =IFERROR(INDEX(Personnes!$B$5:$B$153,MATCH($C9,Personnes!$A$5:$A$153,0))&"","") | E9: =IFERROR(INDEX(Personnes!$C$5:$C$153,MATCH($C9,Personnes!$A$5:$A$153,0))&"","") | F9: L2 | G9: encadrant | H9: classeur | I9: 46272 | M9: =IF($B9="","",IF($C9="","personne non reconnue",IF(ISERROR(SEARCH(TRIM($E9&" "&$D9),$B9)),"libellé incohérent avec l’identifiant",IF(COUNTIFS($A$5:$A$500,$A9,$C$5:$C$500,$C9,$F$5:$F$500,$F9,$G$5:$G$500,$G9)>1,"doublon",IF($F9="","groupe manquant",IF($G9="","rôle manquant",IF($H9="","support de saisie manquant",IF(AND($I9<>"",$J9<>"",$J9<$I9),"date de fin antérieure à la date de début",IF(AND($G9="encadrant",IFERROR(INDEX(Personnes!$F$5:$F$153,MATCH($C9,Personnes!$A$5:$A$153,0)),"")=""),"courriel encadrant manquant","ok")))))))))
A10: 2026-2027 | B10: Nelly JACQUEMOT [P024] | C10: =IFERROR(MID($B10,FIND("[",$B10)+1,FIND("]",$B10)-FIND("[",$B10)-1),"") | D10: =IFERROR(INDEX(Personnes!$B$5:$B$153,MATCH($C10,Personnes!$A$5:$A$153,0))&"","") | E10: =IFERROR(INDEX(Personnes!$C$5:$C$153,MATCH($C10,Personnes!$A$5:$A$153,0))&"","") | F10: L2 | G10: encadrant | H10: classeur | I10: 46272 | M10: =IF($B10="","",IF($C10="","personne non reconnue",IF(ISERROR(SEARCH(TRIM($E10&" "&$D10),$B10)),"libellé incohérent avec l’identifiant",IF(COUNTIFS($A$5:$A$500,$A10,$C$5:$C$500,$C10,$F$5:$F$500,$F10,$G$5:$G$500,$G10)>1,"doublon",IF($F10="","groupe manquant",IF($G10="","rôle manquant",IF($H10="","support de saisie manquant",IF(AND($I10<>"",$J10<>"",$J10<$I10),"date de fin antérieure à la date de début",IF(AND($G10="encadrant",IFERROR(INDEX(Personnes!$F$5:$F$153,MATCH($C10,Personnes!$A$5:$A$153,0)),"")=""),"courriel encadrant manquant","ok")))))))))
A11: 2026-2027 | B11: Sophie LANDEAU [P028] | C11: =IFERROR(MID($B11,FIND("[",$B11)+1,FIND("]",$B11)-FIND("[",$B11)-1),"") | D11: =IFERROR(INDEX(Personnes!$B$5:$B$153,MATCH($C11,Personnes!$A$5:$A$153,0))&"","") | E11: =IFERROR(INDEX(Personnes!$C$5:$C$153,MATCH($C11,Personnes!$A$5:$A$153,0))&"","") | F11: L2 | G11: encadrant | H11: classeur | I11: 46272 | M11: =IF($B11="","",IF($C11="","personne non reconnue",IF(ISERROR(SEARCH(TRIM($E11&" "&$D11),$B11)),"libellé incohérent avec l’identifiant",IF(COUNTIFS($A$5:$A$500,$A11,$C$5:$C$500,$C11,$F$5:$F$500,$F11,$G$5:$G$500,$G11)>1,"doublon",IF($F11="","groupe manquant",IF($G11="","rôle manquant",IF($H11="","support de saisie manquant",IF(AND($I11<>"",$J11<>"",$J11<$I11),"date de fin antérieure à la date de début",IF(AND($G11="encadrant",IFERROR(INDEX(Personnes!$F$5:$F$153,MATCH($C11,Personnes!$A$5:$A$153,0)),"")=""),"courriel encadrant manquant","ok")))))))))
A12: 2026-2027 | B12: Edward LICHTNER [P010] | C12: =IFERROR(MID($B12,FIND("[",$B12)+1,FIND("]",$B12)-FIND("[",$B12)-1),"") | D12: =IFERROR(INDEX(Personnes!$B$5:$B$153,MATCH($C12,Personnes!$A$5:$A$153,0))&"","") | E12: =IFERROR(INDEX(Personnes!$C$5:$C$153,MATCH($C12,Personnes!$A$5:$A$153,0))&"","") | F12: L2 | G12: encadrant | H12: classeur | I12: 46272 | M12: =IF($B12="","",IF($C12="","personne non reconnue",IF(ISERROR(SEARCH(TRIM($E12&" "&$D12),$B12)),"libellé incohérent avec l’identifiant",IF(COUNTIFS($A$5:$A$500,$A12,$C$5:$C$500,$C12,$F$5:$F$500,$F12,$G$5:$G$500,$G12)>1,"doublon",IF($F12="","groupe manquant",IF($G12="","rôle manquant",IF($H12="","support de saisie manquant",IF(AND($I12<>"",$J12<>"",$J12<$I12),"date de fin antérieure à la date de début",IF(AND($G12="encadrant",IFERROR(INDEX(Personnes!$F$5:$F$153,MATCH($C12,Personnes!$A$5:$A$153,0)),"")=""),"courriel encadrant manquant","ok")))))))))
A13: 2026-2027 | B13: François MEMHELD [P033] | C13: =IFERROR(MID($B13,FIND("[",$B13)+1,FIND("]",$B13)-FIND("[",$B13)-1),"") | D13: =IFERROR(INDEX(Personnes!$B$5:$B$153,MATCH($C13,Personnes!$A$5:$A$153,0))&"","") | E13: =IFERROR(INDEX(Personnes!$C$5:$C$153,MATCH($C13,Personnes!$A$5:$A$153,0))&"","") | F13: L2 | G13: encadrant | H13: classeur | I13: 46272 | M13: =IF($B13="","",IF($C13="","personne non reconnue",IF(ISERROR(SEARCH(TRIM($E13&" "&$D13),$B13)),"libellé incohérent avec l’identifiant",IF(COUNTIFS($A$5:$A$500,$A13,$C$5:$C$500,$C13,$F$5:$F$500,$F13,$G$5:$G$500,$G13)>1,"doublon",IF($F13="","groupe manquant",IF($G13="","rôle manquant",IF($H13="","support de saisie manquant",IF(AND($I13<>"",$J13<>"",$J13<$I13),"date de fin antérieure à la date de début",IF(AND($G13="encadrant",IFERROR(INDEX(Personnes!$F$5:$F$153,MATCH($C13,Personnes!$A$5:$A$153,0)),"")=""),"courriel encadrant manquant","ok")))))))))
A14: 2026-2027 | B14: Mary BAUTISTA [P076] | C14: =IFERROR(MID($B14,FIND("[",$B14)+1,FIND("]",$B14)-FIND("[",$B14)-1),"") | D14: =IFERROR(INDEX(Personnes!$B$5:$B$153,MATCH($C14,Personnes!$A$5:$A$153,0))&"","") | E14: =IFERROR(INDEX(Personnes!$C$5:$C$153,MATCH($C14,Personnes!$A$5:$A$153,0))&"","") | F14: L2 | G14: élève | H14: classeur | I14: 46272 | M14: =IF($B14="","",IF($C14="","personne non reconnue",IF(ISERROR(SEARCH(TRIM($E14&" "&$D14),$B14)),"libellé incohérent avec l’identifiant",IF(COUNTIFS($A$5:$A$500,$A14,$C$5:$C$500,$C14,$F$5:$F$500,$F14,$G$5:$G$500,$G14)>1,"doublon",IF($F14="","groupe manquant",IF($G14="","rôle manquant",IF($H14="","support de saisie manquant",IF(AND($I14<>"",$J14<>"",$J14<$I14),"date de fin antérieure à la date de début",IF(AND($G14="encadrant",IFERROR(INDEX(Personnes!$F$5:$F$153,MATCH($C14,Personnes!$A$5:$A$153,0)),"")=""),"courriel encadrant manquant","ok")))))))))
A15: 2026-2027 | B15: Marc BENDER [P077] | C15: =IFERROR(MID($B15,FIND("[",$B15)+1,FIND("]",$B15)-FIND("[",$B15)-1),"") | D15: =IFERROR(INDEX(Personnes!$B$5:$B$153,MATCH($C15,Personnes!$A$5:$A$153,0))&"","") | E15: =IFERROR(INDEX(Personnes!$C$5:$C$153,MATCH($C15,Personnes!$A$5:$A$153,0))&"","") | F15: L2 | G15: élève | H15: classeur | I15: 46272 | M15: =IF($B15="","",IF($C15="","personne non reconnue",IF(ISERROR(SEARCH(TRIM($E15&" "&$D15),$B15)),"libellé incohérent avec l’identifiant",IF(COUNTIFS($A$5:$A$500,$A15,$C$5:$C$500,$C15,$F$5:$F$500,$F15,$G$5:$G$500,$G15)>1,"doublon",IF($F15="","groupe manquant",IF($G15="","rôle manquant",IF($H15="","support de saisie manquant",IF(AND($I15<>"",$J15<>"",$J15<$I15),"date de fin antérieure à la date de début",IF(AND($G15="encadrant",IFERROR(INDEX(Personnes!$F$5:$F$153,MATCH($C15,Personnes!$A$5:$A$153,0)),"")=""),"courriel encadrant manquant","ok")))))))))
A16: 2026-2027 | B16: Ouafa BENMANSOUR [P055] | C16: =IFERROR(MID($B16,FIND("[",$B16)+1,FIND("]",$B16)-FIND("[",$B16)-1),"") | D16: =IFERROR(INDEX(Personnes!$B$5:$B$153,MATCH($C16,Personnes!$A$5:$A$153,0))&"","") | E16: =IFERROR(INDEX(Personnes!$C$5:$C$153,MATCH($C16,Personnes!$A$5:$A$153,0))&"","") | F16: L2 | G16: élève | H16: classeur | I16: 46272 | M16: =IF($B16="","",IF($C16="","personne non reconnue",IF(ISERROR(SEARCH(TRIM($E16&" "&$D16),$B16)),"libellé incohérent avec l’identifiant",IF(COUNTIFS($A$5:$A$500,$A16,$C$5:$C$500,$C16,$F$5:$F$500,$F16,$G$5:$G$500,$G16)>1,"doublon",IF($F16="","groupe manquant",IF($G16="","rôle manquant",IF($H16="","support de saisie manquant",IF(AND($I16<>"",$J16<>"",$J16<$I16),"date de fin antérieure à la date de début",IF(AND($G16="encadrant",IFERROR(INDEX(Personnes!$F$5:$F$153,MATCH($C16,Personnes!$A$5:$A$153,0)),"")=""),"courriel encadrant manquant","ok")))))))))
... A300: 2026-2027 | B300: Viktor SIKORA [P099] | C300: =IFERROR(MID($B300,FIND("[",$B300)+1,FIND("]",$B300)-FIND("[",$B300)-1),"") | D300: =IFERROR(INDEX(Personnes!$B$5:$B$153,MATCH($C300,Personnes!$A$5:$A$153,0))&"","") | E300: =IFERROR(INDEX(Personnes!$C$5:$C$153,MATCH($C300,Personnes!$A$5:$A$153,0))&"","") | F300: STA | G300: élève | H300: classeur | I300: 46272 | M300: =IF($B300="","",IF($C300="","personne non reconnue",IF(ISERROR(SEARCH(TRIM($E300&" "&$D300),$B300)),"libellé incohérent avec l’identifiant",IF(COUNTIFS($A$5:$A$500,$A300,$C$5:$C$500,$C300,$F$5:$F$500,$F300,$G$5:$G$500,$G300)>1,"doublon",IF($F300="","groupe manquant",IF($G300="","rôle manquant",IF($H300="","support de saisie manquant",IF(AND($I300<>"",$J300<>"",$J300<$I300),"date de fin antérieure à la date de début",IF(AND($G300="encadrant",IFERROR(INDEX(Personnes!$F$5:$F$153,MATCH($C300,Personnes!$A$5:$A$153,0)),"")=""),"courriel encadrant manquant","ok")))))))))
C301: =IFERROR(MID($B301,FIND("[",$B301)+1,FIND("]",$B301)-FIND("[",$B301)-1),"") | D301: =IFERROR(INDEX(Personnes!$B$5:$B$153,MATCH($C301,Personnes!$A$5:$A$153,0))&"","") | E301: =IFERROR(INDEX(Personnes!$C$5:$C$153,MATCH($C301,Personnes!$A$5:$A$153,0))&"","") | M301: =IF($B301="","",IF($C301="","personne non reconnue",IF(ISERROR(SEARCH(TRIM($E301&" "&$D301),$B301)),"libellé incohérent avec l’identifiant",IF(COUNTIFS($A$5:$A$500,$A301,$C$5:$C$500,$C301,$F$5:$F$500,$F301,$G$5:$G$500,$G301)>1,"doublon",IF($F301="","groupe manquant",IF($G301="","rôle manquant",IF($H301="","support de saisie manquant",IF(AND($I301<>"",$J301<>"",$J301<$I301),"date de fin antérieure à la date de début",IF(AND($G301="encadrant",IFERROR(INDEX(Personnes!$F$5:$F$153,MATCH($C301,Personnes!$A$5:$A$153,0)),"")=""),"courriel encadrant manquant","ok")))))))))
C302: =IFERROR(MID($B302,FIND("[",$B302)+1,FIND("]",$B302)-FIND("[",$B302)-1),"") | D302: =IFERROR(INDEX(Personnes!$B$5:$B$153,MATCH($C302,Personnes!$A$5:$A$153,0))&"","") | E302: =IFERROR(INDEX(Personnes!$C$5:$C$153,MATCH($C302,Personnes!$A$5:$A$153,0))&"","") | M302: =IF($B302="","",IF($C302="","personne non reconnue",IF(ISERROR(SEARCH(TRIM($E302&" "&$D302),$B302)),"libellé incohérent avec l’identifiant",IF(COUNTIFS($A$5:$A$500,$A302,$C$5:$C$500,$C302,$F$5:$F$500,$F302,$G$5:$G$500,$G302)>1,"doublon",IF($F302="","groupe manquant",IF($G302="","rôle manquant",IF($H302="","support de saisie manquant",IF(AND($I302<>"",$J302<>"",$J302<$I302),"date de fin antérieure à la date de début",IF(AND($G302="encadrant",IFERROR(INDEX(Personnes!$F$5:$F$153,MATCH($C302,Personnes!$A$5:$A$153,0)),"")=""),"courriel encadrant manquant","ok")))))))))
C303: =IFERROR(MID($B303,FIND("[",$B303)+1,FIND("]",$B303)-FIND("[",$B303)-1),"") | D303: =IFERROR(INDEX(Personnes!$B$5:$B$153,MATCH($C303,Personnes!$A$5:$A$153,0))&"","") | E303: =IFERROR(INDEX(Personnes!$C$5:$C$153,MATCH($C303,Personnes!$A$5:$A$153,0))&"","") | M303: =IF($B303="","",IF($C303="","personne non reconnue",IF(ISERROR(SEARCH(TRIM($E303&" "&$D303),$B303)),"libellé incohérent avec l’identifiant",IF(COUNTIFS($A$5:$A$500,$A303,$C$5:$C$500,$C303,$F$5:$F$500,$F303,$G$5:$G$500,$G303)>1,"doublon",IF($F303="","groupe manquant",IF($G303="","rôle manquant",IF($H303="","support de saisie manquant",IF(AND($I303<>"",$J303<>"",$J303<$I303),"date de fin antérieure à la date de début",IF(AND($G303="encadrant",IFERROR(INDEX(Personnes!$F$5:$F$153,MATCH($C303,Personnes!$A$5:$A$153,0)),"")=""),"courriel encadrant manquant","ok")))))))))
C304: =IFERROR(MID($B304,FIND("[",$B304)+1,FIND("]",$B304)-FIND("[",$B304)-1),"") | D304: =IFERROR(INDEX(Personnes!$B$5:$B$153,MATCH($C304,Personnes!$A$5:$A$153,0))&"","") | E304: =IFERROR(INDEX(Personnes!$C$5:$C$153,MATCH($C304,Personnes!$A$5:$A$153,0))&"","") | M304: =IF($B304="","",IF($C304="","personne non reconnue",IF(ISERROR(SEARCH(TRIM($E304&" "&$D304),$B304)),"libellé incohérent avec l’identifiant",IF(COUNTIFS($A$5:$A$500,$A304,$C$5:$C$500,$C304,$F$5:$F$500,$F304,$G$5:$G$500,$G304)>1,"doublon",IF($F304="","groupe manquant",IF($G304="","rôle manquant",IF($H304="","support de saisie manquant",IF(AND($I304<>"",$J304<>"",$J304<$I304),"date de fin antérieure à la date de début",IF(AND($G304="encadrant",IFERROR(INDEX(Personnes!$F$5:$F$153,MATCH($C304,Personnes!$A$5:$A$153,0)),"")=""),"courriel encadrant manquant","ok")))))))))
C305: =IFERROR(MID($B305,FIND("[",$B305)+1,FIND("]",$B305)-FIND("[",$B305)-1),"") | D305: =IFERROR(INDEX(Personnes!$B$5:$B$153,MATCH($C305,Personnes!$A$5:$A$153,0))&"","") | E305: =IFERROR(INDEX(Personnes!$C$5:$C$153,MATCH($C305,Personnes!$A$5:$A$153,0))&"","") | M305: =IF($B305="","",IF($C305="","personne non reconnue",IF(ISERROR(SEARCH(TRIM($E305&" "&$D305),$B305)),"libellé incohérent avec l’identifiant",IF(COUNTIFS($A$5:$A$500,$A305,$C$5:$C$500,$C305,$F$5:$F$500,$F305,$G$5:$G$500,$G305)>1,"doublon",IF($F305="","groupe manquant",IF($G305="","rôle manquant",IF($H305="","support de saisie manquant",IF(AND($I305<>"",$J305<>"",$J305<$I305),"date de fin antérieure à la date de début",IF(AND($G305="encadrant",IFERROR(INDEX(Personnes!$F$5:$F$153,MATCH($C305,Personnes!$A$5:$A$153,0)),"")=""),"courriel encadrant manquant","ok")))))))))
C306: =IFERROR(MID($B306,FIND("[",$B306)+1,FIND("]",$B306)-FIND("[",$B306)-1),"") | D306: =IFERROR(INDEX(Personnes!$B$5:$B$153,MATCH($C306,Personnes!$A$5:$A$153,0))&"","") | E306: =IFERROR(INDEX(Personnes!$C$5:$C$153,MATCH($C306,Personnes!$A$5:$A$153,0))&"","") | M306: =IF($B306="","",IF($C306="","personne non reconnue",IF(ISERROR(SEARCH(TRIM($E306&" "&$D306),$B306)),"libellé incohérent avec l’identifiant",IF(COUNTIFS($A$5:$A$500,$A306,$C$5:$C$500,$C306,$F$5:$F$500,$F306,$G$5:$G$500,$G306)>1,"doublon",IF($F306="","groupe manquant",IF($G306="","rôle manquant",IF($H306="","support de saisie manquant",IF(AND($I306<>"",$J306<>"",$J306<$I306),"date de fin antérieure à la date de début",IF(AND($G306="encadrant",IFERROR(INDEX(Personnes!$F$5:$F$153,MATCH($C306,Personnes!$A$5:$A$153,0)),"")=""),"courriel encadrant manquant","ok")))))))))
C307: =IFERROR(MID($B307,FIND("[",$B307)+1,FIND("]",$B307)-FIND("[",$B307)-1),"") | D307: =IFERROR(INDEX(Personnes!$B$5:$B$153,MATCH($C307,Personnes!$A$5:$A$153,0))&"","") | E307: =IFERROR(INDEX(Personnes!$C$5:$C$153,MATCH($C307,Personnes!$A$5:$A$153,0))&"","") | M307: =IF($B307="","",IF($C307="","personne non reconnue",IF(ISERROR(SEARCH(TRIM($E307&" "&$D307),$B307)),"libellé incohérent avec l’identifiant",IF(COUNTIFS($A$5:$A$500,$A307,$C$5:$C$500,$C307,$F$5:$F$500,$F307,$G$5:$G$500,$G307)>1,"doublon",IF($F307="","groupe manquant",IF($G307="","rôle manquant",IF($H307="","support de saisie manquant",IF(AND($I307<>"",$J307<>"",$J307<$I307),"date de fin antérieure à la date de début",IF(AND($G307="encadrant",IFERROR(INDEX(Personnes!$F$5:$F$153,MATCH($C307,Personnes!$A$5:$A$153,0)),"")=""),"courriel encadrant manquant","ok")))))))))
C308: =IFERROR(MID($B308,FIND("[",$B308)+1,FIND("]",$B308)-FIND("[",$B308)-1),"") | D308: =IFERROR(INDEX(Personnes!$B$5:$B$153,MATCH($C308,Personnes!$A$5:$A$153,0))&"","") | E308: =IFERROR(INDEX(Personnes!$C$5:$C$153,MATCH($C308,Personnes!$A$5:$A$153,0))&"","") | M308: =IF($B308="","",IF($C308="","personne non reconnue",IF(ISERROR(SEARCH(TRIM($E308&" "&$D308),$B308)),"libellé incohérent avec l’identifiant",IF(COUNTIFS($A$5:$A$500,$A308,$C$5:$C$500,$C308,$F$5:$F$500,$F308,$G$5:$G$500,$G308)>1,"doublon",IF($F308="","groupe manquant",IF($G308="","rôle manquant",IF($H308="","support de saisie manquant",IF(AND($I308<>"",$J308<>"",$J308<$I308),"date de fin antérieure à la date de début",IF(AND($G308="encadrant",IFERROR(INDEX(Personnes!$F$5:$F$153,MATCH($C308,Personnes!$A$5:$A$153,0)),"")=""),"courriel encadrant manquant","ok")))))))))
C309: =IFERROR(MID($B309,FIND("[",$B309)+1,FIND("]",$B309)-FIND("[",$B309)-1),"") | D309: =IFERROR(INDEX(Personnes!$B$5:$B$153,MATCH($C309,Personnes!$A$5:$A$153,0))&"","") | E309: =IFERROR(INDEX(Personnes!$C$5:$C$153,MATCH($C309,Personnes!$A$5:$A$153,0))&"","") | M309: =IF($B309="","",IF($C309="","personne non reconnue",IF(ISERROR(SEARCH(TRIM($E309&" "&$D309),$B309)),"libellé incohérent avec l’identifiant",IF(COUNTIFS($A$5:$A$500,$A309,$C$5:$C$500,$C309,$F$5:$F$500,$F309,$G$5:$G$500,$G309)>1,"doublon",IF($F309="","groupe manquant",IF($G309="","rôle manquant",IF($H309="","support de saisie manquant",IF(AND($I309<>"",$J309<>"",$J309<$I309),"date de fin antérieure à la date de début",IF(AND($G309="encadrant",IFERROR(INDEX(Personnes!$F$5:$F$153,MATCH($C309,Personnes!$A$5:$A$153,0)),"")=""),"courriel encadrant manquant","ok")))))))))
C310: =IFERROR(MID($B310,FIND("[",$B310)+1,FIND("]",$B310)-FIND("[",$B310)-1),"") | D310: =IFERROR(INDEX(Personnes!$B$5:$B$153,MATCH($C310,Personnes!$A$5:$A$153,0))&"","") | E310: =IFERROR(INDEX(Personnes!$C$5:$C$153,MATCH($C310,Personnes!$A$5:$A$153,0))&"","") | M310: =IF($B310="","",IF($C310="","personne non reconnue",IF(ISERROR(SEARCH(TRIM($E310&" "&$D310),$B310)),"libellé incohérent avec l’identifiant",IF(COUNTIFS($A$5:$A$500,$A310,$C$5:$C$500,$C310,$F$5:$F$500,$F310,$G$5:$G$500,$G310)>1,"doublon",IF($F310="","groupe manquant",IF($G310="","rôle manquant",IF($H310="","support de saisie manquant",IF(AND($I310<>"",$J310<>"",$J310<$I310),"date de fin antérieure à la date de début",IF(AND($G310="encadrant",IFERROR(INDEX(Personnes!$F$5:$F$153,MATCH($C310,Personnes!$A$5:$A$153,0)),"")=""),"courriel encadrant manquant","ok")))))))))
C311: =IFERROR(MID($B311,FIND("[",$B311)+1,FIND("]",$B311)-FIND("[",$B311)-1),"") | D311: =IFERROR(INDEX(Personnes!$B$5:$B$153,MATCH($C311,Personnes!$A$5:$A$153,0))&"","") | E311: =IFERROR(INDEX(Personnes!$C$5:$C$153,MATCH($C311,Personnes!$A$5:$A$153,0))&"","") | M311: =IF($B311="","",IF($C311="","personne non reconnue",IF(ISERROR(SEARCH(TRIM($E311&" "&$D311),$B311)),"libellé incohérent avec l’identifiant",IF(COUNTIFS($A$5:$A$500,$A311,$C$5:$C$500,$C311,$F$5:$F$500,$F311,$G$5:$G$500,$G311)>1,"doublon",IF($F311="","groupe manquant",IF($G311="","rôle manquant",IF($H311="","support de saisie manquant",IF(AND($I311<>"",$J311<>"",$J311<$I311),"date de fin antérieure à la date de début",IF(AND($G311="encadrant",IFERROR(INDEX(Personnes!$F$5:$F$153,MATCH($C311,Personnes!$A$5:$A$153,0)),"")=""),"courriel encadrant manquant","ok")))))))))
C312: =IFERROR(MID($B312,FIND("[",$B312)+1,FIND("]",$B312)-FIND("[",$B312)-1),"") | D312: =IFERROR(INDEX(Personnes!$B$5:$B$153,MATCH($C312,Personnes!$A$5:$A$153,0))&"","") | E312: =IFERROR(INDEX(Personnes!$C$5:$C$153,MATCH($C312,Personnes!$A$5:$A$153,0))&"","") | M312: =IF($B312="","",IF($C312="","personne non reconnue",IF(ISERROR(SEARCH(TRIM($E312&" "&$D312),$B312)),"libellé incohérent avec l’identifiant",IF(COUNTIFS($A$5:$A$500,$A312,$C$5:$C$500,$C312,$F$5:$F$500,$F312,$G$5:$G$500,$G312)>1,"doublon",IF($F312="","groupe manquant",IF($G312="","rôle manquant",IF($H312="","support de saisie manquant",IF(AND($I312<>"",$J312<>"",$J312<$I312),"date de fin antérieure à la date de début",IF(AND($G312="encadrant",IFERROR(INDEX(Personnes!$F$5:$F$153,MATCH($C312,Personnes!$A$5:$A$153,0)),"")=""),"courriel encadrant manquant","ok")))))))))
... C500: =IFERROR(MID($B500,FIND("[",$B500)+1,FIND("]",$B500)-FIND("[",$B500)-1),"") | D500: =IFERROR(INDEX(Personnes!$B$5:$B$153,MATCH($C500,Personnes!$A$5:$A$153,0))&"","") | E500: =IFERROR(INDEX(Personnes!$C$5:$C$153,MATCH($C500,Personnes!$A$5:$A$153,0))&"","") | M500: =IF($B500="","",IF($C500="","personne non reconnue",IF(ISERROR(SEARCH(TRIM($E500&" "&$D500),$B500)),"libellé incohérent avec l’identifiant",IF(COUNTIFS($A$5:$A$500,$A500,$C$5:$C$500,$C500,$F$5:$F$500,$F500,$G$5:$G$500,$G500)>1,"doublon",IF($F500="","groupe manquant",IF($G500="","rôle manquant",IF($H500="","support de saisie manquant",IF(AND($I500<>"",$J500<>"",$J500<$I500),"date de fin antérieure à la date de début",IF(AND($G500="encadrant",IFERROR(INDEX(Personnes!$F$5:$F$153,MATCH($C500,Personnes!$A$5:$A$153,0)),"")=""),"courriel encadrant manquant","ok")))))))))

Sheet Responsables_Ligne
A1: Responsable de ligne, par groupe
A2: Table datée : le responsable en vigueur est celui de la dernière date d'effet antérieure à la séance. Un changement en cours de saison ajoute une ligne, il n'écrase rien.
A4: Groupe de niveau | B4: Date d'effet | C4: Sélection par nom ou prénom | D4: Personne (ID) | E4: Nom | F4: Prénom | G4: Commentaire
A5: L1 | B5: 46266 | C5: Michael GRENIER [P032] | D5: =IFERROR(MID($C5,FIND("[",$C5)+1,FIND("]",$C5)-FIND("[",$C5)-1),"") | E5: =IFERROR(INDEX(Personnes!$B$5:$B$153,MATCH($D5,Personnes!$A$5:$A$153,0))&"","") | F5: =IFERROR(INDEX(Personnes!$C$5:$C$153,MATCH($D5,Personnes!$A$5:$A$153,0))&"","")
A6: L2 | B6: 46266 | C6: Sophie LANDEAU [P028] | D6: =IFERROR(MID($C6,FIND("[",$C6)+1,FIND("]",$C6)-FIND("[",$C6)-1),"") | E6: =IFERROR(INDEX(Personnes!$B$5:$B$153,MATCH($D6,Personnes!$A$5:$A$153,0))&"","") | F6: =IFERROR(INDEX(Personnes!$C$5:$C$153,MATCH($D6,Personnes!$A$5:$A$153,0))&"","")
A7: L3 | B7: 46266 | C7: Sandry WALLON [P036] | D7: =IFERROR(MID($C7,FIND("[",$C7)+1,FIND("]",$C7)-FIND("[",$C7)-1),"") | E7: =IFERROR(INDEX(Personnes!$B$5:$B$153,MATCH($D7,Personnes!$A$5:$A$153,0))&"","") | F7: =IFERROR(INDEX(Personnes!$C$5:$C$153,MATCH($D7,Personnes!$A$5:$A$153,0))&"","")
A8: L4 | B8: 46266 | C8: David INSERGUET [P042] | D8: =IFERROR(MID($C8,FIND("[",$C8)+1,FIND("]",$C8)-FIND("[",$C8)-1),"") | E8: =IFERROR(INDEX(Personnes!$B$5:$B$153,MATCH($D8,Personnes!$A$5:$A$153,0))&"","") | F8: =IFERROR(INDEX(Personnes!$C$5:$C$153,MATCH($D8,Personnes!$A$5:$A$153,0))&"","")
D9: =IFERROR(MID($C9,FIND("[",$C9)+1,FIND("]",$C9)-FIND("[",$C9)-1),"") | E9: =IFERROR(INDEX(Personnes!$B$5:$B$153,MATCH($D9,Personnes!$A$5:$A$153,0))&"","") | F9: =IFERROR(INDEX(Personnes!$C$5:$C$153,MATCH($D9,Personnes!$A$5:$A$153,0))&"","")
D10: =IFERROR(MID($C10,FIND("[",$C10)+1,FIND("]",$C10)-FIND("[",$C10)-1),"") | E10: =IFERROR(INDEX(Personnes!$B$5:$B$153,MATCH($D10,Personnes!$A$5:$A$153,0))&"","") | F10: =IFERROR(INDEX(Personnes!$C$5:$C$153,MATCH($D10,Personnes!$A$5:$A$153,0))&"","")
D11: =IFERROR(MID($C11,FIND("[",$C11)+1,FIND("]",$C11)-FIND("[",$C11)-1),"") | E11: =IFERROR(INDEX(Personnes!$B$5:$B$153,MATCH($D11,Personnes!$A$5:$A$153,0))&"","") | F11: =IFERROR(INDEX(Personnes!$C$5:$C$153,MATCH($D11,Personnes!$A$5:$A$153,0))&"","")
D12: =IFERROR(MID($C12,FIND("[",$C12)+1,FIND("]",$C12)-FIND("[",$C12)-1),"") | E12: =IFERROR(INDEX(Personnes!$B$5:$B$153,MATCH($D12,Personnes!$A$5:$A$153,0))&"","") | F12: =IFERROR(INDEX(Personnes!$C$5:$C$153,MATCH($D12,Personnes!$A$5:$A$153,0))&"","")
D13: =IFERROR(MID($C13,FIND("[",$C13)+1,FIND("]",$C13)-FIND("[",$C13)-1),"") | E13: =IFERROR(INDEX(Personnes!$B$5:$B$153,MATCH($D13,Personnes!$A$5:$A$153,0))&"","") | F13: =IFERROR(INDEX(Personnes!$C$5:$C$153,MATCH($D13,Personnes!$A$5:$A$153,0))&"","")
D14: =IFERROR(MID($C14,FIND("[",$C14)+1,FIND("]",$C14)-FIND("[",$C14)-1),"") | E14: =IFERROR(INDEX(Personnes!$B$5:$B$153,MATCH($D14,Personnes!$A$5:$A$153,0))&"","") | F14: =IFERROR(INDEX(Personnes!$C$5:$C$153,MATCH($D14,Personnes!$A$5:$A$153,0))&"","")
D15: =IFERROR(MID($C15,FIND("[",$C15)+1,FIND("]",$C15)-FIND("[",$C15)-1),"") | E15: =IFERROR(INDEX(Personnes!$B$5:$B$153,MATCH($D15,Personnes!$A$5:$A$153,0))&"","") | F15: =IFERROR(INDEX(Personnes!$C$5:$C$153,MATCH($D15,Personnes!$A$5:$A$153,0))&"","")
D16: =IFERROR(MID($C16,FIND("[",$C16)+1,FIND("]",$C16)-FIND("[",$C16)-1),"") | E16: =IFERROR(INDEX(Personnes!$B$5:$B$153,MATCH($D16,Personnes!$A$5:$A$153,0))&"","") | F16: =IFERROR(INDEX(Personnes!$C$5:$C$153,MATCH($D16,Personnes!$A$5:$A$153,0))&"","")
D17: =IFERROR(MID($C17,FIND("[",$C17)+1,FIND("]",$C17)-FIND("[",$C17)-1),"") | E17: =IFERROR(INDEX(Personnes!$B$5:$B$153,MATCH($D17,Personnes!$A$5:$A$153,0))&"","") | F17: =IFERROR(INDEX(Personnes!$C$5:$C$153,MATCH($D17,Personnes!$A$5:$A$153,0))&"","")
D18: =IFERROR(MID($C18,FIND("[",$C18)+1,FIND("]",$C18)-FIND("[",$C18)-1),"") | E18: =IFERROR(INDEX(Personnes!$B$5:$B$153,MATCH($D18,Personnes!$A$5:$A$153,0))&"","") | F18: =IFERROR(INDEX(Personnes!$C$5:$C$153,MATCH($D18,Personnes!$A$5:$A$153,0))&"","")
D19: =IFERROR(MID($C19,FIND("[",$C19)+1,FIND("]",$C19)-FIND("[",$C19)-1),"") | E19: =IFERROR(INDEX(Personnes!$B$5:$B$153,MATCH($D19,Personnes!$A$5:$A$153,0))&"","") | F19: =IFERROR(INDEX(Personnes!$C$5:$C$153,MATCH($D19,Personnes!$A$5:$A$153,0))&"","")
D20: =IFERROR(MID($C20,FIND("[",$C20)+1,FIND("]",$C20)-FIND("[",$C20)-1),"") | E20: =IFERROR(INDEX(Personnes!$B$5:$B$153,MATCH($D20,Personnes!$A$5:$A$153,0))&"","") | F20: =IFERROR(INDEX(Personnes!$C$5:$C$153,MATCH($D20,Personnes!$A$5:$A$153,0))&"","")
... D30: =IFERROR(MID($C30,FIND("[",$C30)+1,FIND("]",$C30)-FIND("[",$C30)-1),"") | E30: =IFERROR(INDEX(Personnes!$B$5:$B$153,MATCH($D30,Personnes!$A$5:$A$153,0))&"","") | F30: =IFERROR(INDEX(Personnes!$C$5:$C$153,MATCH($D30,Personnes!$A$5:$A$153,0))&"","")

Sheet Indisponibilites
A1: Exceptions d'indisponibilité
A2: Les exceptions au calendrier perpétuel. Une indisponibilité couvrant une séance fait apparaître un défaut de couverture.
A4: Sélection par nom ou prénom | B4: Personne (ID) | C4: Nom | D4: Prénom | E4: Date de début | F4: Date de fin | G4: Motif | H4: Créneau concerné (facultatif) | I4: Commentaire
B5: =IFERROR(MID($A5,FIND("[",$A5)+1,FIND("]",$A5)-FIND("[",$A5)-1),"") | C5: =IFERROR(INDEX(Personnes!$B$5:$B$153,MATCH($B5,Personnes!$A$5:$A$153,0))&"","") | D5: =IFERROR(INDEX(Personnes!$C$5:$C$153,MATCH($B5,Personnes!$A$5:$A$153,0))&"","")
B6: =IFERROR(MID($A6,FIND("[",$A6)+1,FIND("]",$A6)-FIND("[",$A6)-1),"") | C6: =IFERROR(INDEX(Personnes!$B$5:$B$153,MATCH($B6,Personnes!$A$5:$A$153,0))&"","") | D6: =IFERROR(INDEX(Personnes!$C$5:$C$153,MATCH($B6,Personnes!$A$5:$A$153,0))&"","")
B7: =IFERROR(MID($A7,FIND("[",$A7)+1,FIND("]",$A7)-FIND("[",$A7)-1),"") | C7: =IFERROR(INDEX(Personnes!$B$5:$B$153,MATCH($B7,Personnes!$A$5:$A$153,0))&"","") | D7: =IFERROR(INDEX(Personnes!$C$5:$C$153,MATCH($B7,Personnes!$A$5:$A$153,0))&"","")
B8: =IFERROR(MID($A8,FIND("[",$A8)+1,FIND("]",$A8)-FIND("[",$A8)-1),"") | C8: =IFERROR(INDEX(Personnes!$B$5:$B$153,MATCH($B8,Personnes!$A$5:$A$153,0))&"","") | D8: =IFERROR(INDEX(Personnes!$C$5:$C$153,MATCH($B8,Personnes!$A$5:$A$153,0))&"","")
B9: =IFERROR(MID($A9,FIND("[",$A9)+1,FIND("]",$A9)-FIND("[",$A9)-1),"") | C9: =IFERROR(INDEX(Personnes!$B$5:$B$153,MATCH($B9,Personnes!$A$5:$A$153,0))&"","") | D9: =IFERROR(INDEX(Personnes!$C$5:$C$153,MATCH($B9,Personnes!$A$5:$A$153,0))&"","")
B10: =IFERROR(MID($A10,FIND("[",$A10)+1,FIND("]",$A10)-FIND("[",$A10)-1),"") | C10: =IFERROR(INDEX(Personnes!$B$5:$B$153,MATCH($B10,Personnes!$A$5:$A$153,0))&"","") | D10: =IFERROR(INDEX(Personnes!$C$5:$C$153,MATCH($B10,Personnes!$A$5:$A$153,0))&"","")
B11: =IFERROR(MID($A11,FIND("[",$A11)+1,FIND("]",$A11)-FIND("[",$A11)-1),"") | C11: =IFERROR(INDEX(Personnes!$B$5:$B$153,MATCH($B11,Personnes!$A$5:$A$153,0))&"","") | D11: =IFERROR(INDEX(Personnes!$C$5:$C$153,MATCH($B11,Personnes!$A$5:$A$153,0))&"","")
B12: =IFERROR(MID($A12,FIND("[",$A12)+1,FIND("]",$A12)-FIND("[",$A12)-1),"") | C12: =IFERROR(INDEX(Personnes!$B$5:$B$153,MATCH($B12,Personnes!$A$5:$A$153,0))&"","") | D12: =IFERROR(INDEX(Personnes!$C$5:$C$153,MATCH($B12,Personnes!$A$5:$A$153,0))&"","")
B13: =IFERROR(MID($A13,FIND("[",$A13)+1,FIND("]",$A13)-FIND("[",$A13)-1),"") | C13: =IFERROR(INDEX(Personnes!$B$5:$B$153,MATCH($B13,Personnes!$A$5:$A$153,0))&"","") | D13: =IFERROR(INDEX(Personnes!$C$5:$C$153,MATCH($B13,Personnes!$A$5:$A$153,0))&"","")
B14: =IFERROR(MID($A14,FIND("[",$A14)+1,FIND("]",$A14)-FIND("[",$A14)-1),"") | C14: =IFERROR(INDEX(Personnes!$B$5:$B$153,MATCH($B14,Personnes!$A$5:$A$153,0))&"","") | D14: =IFERROR(INDEX(Personnes!$C$5:$C$153,MATCH($B14,Personnes!$A$5:$A$153,0))&"","")
B15: =IFERROR(MID($A15,FIND("[",$A15)+1,FIND("]",$A15)-FIND("[",$A15)-1),"") | C15: =IFERROR(INDEX(Personnes!$B$5:$B$153,MATCH($B15,Personnes!$A$5:$A$153,0))&"","") | D15: =IFERROR(INDEX(Personnes!$C$5:$C$153,MATCH($B15,Personnes!$A$5:$A$153,0))&"","")
B16: =IFERROR(MID($A16,FIND("[",$A16)+1,FIND("]",$A16)-FIND("[",$A16)-1),"") | C16: =IFERROR(INDEX(Personnes!$B$5:$B$153,MATCH($B16,Personnes!$A$5:$A$153,0))&"","") | D16: =IFERROR(INDEX(Personnes!$C$5:$C$153,MATCH($B16,Personnes!$A$5:$A$153,0))&"","")
... B300: =IFERROR(MID($A300,FIND("[",$A300)+1,FIND("]",$A300)-FIND("[",$A300)-1),"") | C300: =IFERROR(INDEX(Personnes!$B$5:$B$153,MATCH($B300,Personnes!$A$5:$A$153,0))&"","") | D300: =IFERROR(INDEX(Personnes!$C$5:$C$153,MATCH($B300,Personnes!$A$5:$A$153,0))&"","")

Sheet Controles
A1: Contrôles de cohérence
A2: Tout est calculé. Une valeur non nulle sur une ligne « dont … » demande une action avant la reprise du 7 septembre 2026.
A4: Contrôle | B4: Valeur | C4: Signification
A5: Personnes enregistrées | B5: =COUNTIF(Personnes!$A$5:$A$104,"<>") | C5: Référentiel unique du club.
A6: dont sans nom de famille | B6: =COUNTIFS(Personnes!$A$5:$A$104,"<>",Personnes!$B$5:$B$104,"") | C6: Issues du planning, où seul le prénom figure.
A7: dont sans courriel | B7: =COUNTIFS(Personnes!$A$5:$A$104,"<>",Personnes!$F$5:$F$104,"") | C7: Nécessaire pour l'auto-inscription de l'application.
A8: Inscriptions saisies | B8: =SUMPRODUCT(--(Inscriptions!$C$5:$C$5<>"")) | C8: Une ligne par personne et par groupe de niveau.
A9: dont en anomalie | B9: =SUMPRODUCT((Inscriptions!$C$5:$C$5<>"")*(Inscriptions!$M$5:$M$5<>"ok")) | C9: Voir la colonne Contrôle de l'onglet Inscriptions.
A10: Créneaux de piscine actifs | B10: =COUNTIFS('Creneaux'!$A$5:$A$11,"<>",'Creneaux'!$H$5:$H$11,"oui") | C10: Structure hebdomadaire récurrente.
A11: dont sans horaire | B11: =COUNTIFS('Creneaux'!$A$5:$A$11,"<>",'Creneaux'!$C$5:$C$11,"") | C11: À saisir avant la reprise.
A12: Associations créneau / groupe | B12: =SUMPRODUCT(--('Creneaux_Groupes'!$B$5:$B$10<>"")) | C12: Un créneau peut accueillir plusieurs groupes.
A13: dont en anomalie | B13: =SUMPRODUCT(('Creneaux_Groupes'!$A$5:$A$10<>"")*('Creneaux_Groupes'!$K$5:$K$10<>"ok")*('Creneaux_Groupes'!$K$5:$K$10<>"encadrant à désigner")) | C13: Date d'effet ou groupe manquant, créneau non reconnu, doublon.
A14: Créneaux actifs sans aucun groupe | B14: =SUMPRODUCT(('Creneaux'!$A$5:$A$11<>"")*('Creneaux'!$H$5:$H$11="oui")*(COUNTIF('Creneaux_Groupes'!$B$5:$B$10,'Creneaux'!$A$5:$A$11)=0)) | C14: Un créneau ouvert doit accueillir au moins un groupe.
A15: dont sans encadrant désigné | B15: =COUNTIF('Creneaux_Groupes'!$K$5:$K$10,"encadrant à désigner") | C15: Une ligne par encadrant : plusieurs encadrants sur un même couple créneau / groupe sont attendus.
A16: Responsables de ligne déclarés | B16: =SUMPRODUCT(--('Responsables_Ligne'!$D$5:$D$5<>"")) | C16: Une ligne par groupe et par changement en cours de saison.
A17: Groupes du MVP sans responsable déclaré | B17: =SUMPRODUCT((Referentiels!$F$26:$F$35="oui")*(COUNTIF('Responsables_Ligne'!$A$5:$A$5,Referentiels!$A$26:$A$35)=0)) | C17: Sans responsable, la couverture des séances reste incomplète.
A18: Qualifications déclarées | B18: =SUMPRODUCT(--(Qualifications_Personnes!$B$5:$B$5<>"")) | C18: Conditionne le contrôle de validité des affectations.
A19: dont d'encadrement | B19: =COUNTIF(Qualifications_Personnes!$F$5:$F$5,"Encadrement") | C19: AEL, ACEL, AEEL, IE, MEF1, MEF2.
A20: dont de sécurité | B20: =COUNTIF(Qualifications_Personnes!$F$5:$F$5,"Sécurité") | C20: RIFAA, PSM.
A21: Qualifications sans prérogatives renseignées | B21: =COUNTIFS(Referentiels!$A$66:$A$76,"<>",Referentiels!$E$66:$E$76,"") | C21: À renseigner d'après les textes fédéraux.
A22: Périodes dérogatoires sans dates | B22: =COUNTIFS(Referentiels!$A$98:$A$104,"<>",Referentiels!$B$98:$B$104,"") | C22: Calendrier scolaire et jours fériés à saisir.
A23: Objectifs au référentiel | B23: =COUNTIF(Objectifs_Niveaux!$A$5:$A$51,"<>") | C23: 46 attendus pour L1 à L4.
A24: Objectifs sans critère de validation chiffré | B24: =COUNTIFS(Objectifs_Niveaux!$A$5:$A$51,"<>",Objectifs_Niveaux!$L$5:$L$51,"") | C24: Les 5 objectifs de maîtrise du L4 : critère qualitatif à trancher.
A25: Compétences sans critère observable | B25: =COUNTIFS(Referentiels!$A$53:$A$61,"<>",Referentiels!$C$53:$C$61,"") | C25: Les critères proposés restent à valider collégialement.
A27: Synchronisation des classeurs de ligne
A28: Les classeurs de ligne ne sont pas liés à celui-ci par des formules externes : ce type de lien casse dès qu'un fichier est déplacé, renommé ou synchronisé par OneDrive.
A29: Ils reçoivent une copie du paramétrage, rafraîchie par le script « sync_referentiel.py ». Chaque classeur de ligne affiche dans son onglet Synchro la version et la date du paramétrage dont il est issu.

Sheet Selection
A1: Personnes triées par prénom
A2: =IFERROR(INDEX(Personnes!$J$5:$J$104,MATCH(1,Personnes!$K$5:$K$104,0)),"")
A3: =IFERROR(INDEX(Personnes!$J$5:$J$104,MATCH(2,Personnes!$K$5:$K$104,0)),"")
A4: =IFERROR(INDEX(Personnes!$J$5:$J$104,MATCH(3,Personnes!$K$5:$K$104,0)),"")
A5: =IFERROR(INDEX(Personnes!$J$5:$J$104,MATCH(4,Personnes!$K$5:$K$104,0)),"")
A6: =IFERROR(INDEX(Personnes!$J$5:$J$104,MATCH(5,Personnes!$K$5:$K$104,0)),"")
A7: =IFERROR(INDEX(Personnes!$J$5:$J$104,MATCH(6,Personnes!$K$5:$K$104,0)),"")
A8: =IFERROR(INDEX(Personnes!$J$5:$J$104,MATCH(7,Personnes!$K$5:$K$104,0)),"")
A9: =IFERROR(INDEX(Personnes!$J$5:$J$104,MATCH(8,Personnes!$K$5:$K$104,0)),"")
A10: =IFERROR(INDEX(Personnes!$J$5:$J$104,MATCH(9,Personnes!$K$5:$K$104,0)),"")
A11: =IFERROR(INDEX(Personnes!$J$5:$J$104,MATCH(10,Personnes!$K$5:$K$104,0)),"")
A12: =IFERROR(INDEX(Personnes!$J$5:$J$104,MATCH(11,Personnes!$K$5:$K$104,0)),"")
A13: =IFERROR(INDEX(Personnes!$J$5:$J$104,MATCH(12,Personnes!$K$5:$K$104,0)),"")
A14: =IFERROR(INDEX(Personnes!$J$5:$J$104,MATCH(13,Personnes!$K$5:$K$104,0)),"")
A15: =IFERROR(INDEX(Personnes!$J$5:$J$104,MATCH(14,Personnes!$K$5:$K$104,0)),"")
A16: =IFERROR(INDEX(Personnes!$J$5:$J$104,MATCH(15,Personnes!$K$5:$K$104,0)),"")
A17: =IFERROR(INDEX(Personnes!$J$5:$J$104,MATCH(16,Personnes!$K$5:$K$104,0)),"")
A18: =IFERROR(INDEX(Personnes!$J$5:$J$104,MATCH(17,Personnes!$K$5:$K$104,0)),"")
A19: =IFERROR(INDEX(Personnes!$J$5:$J$104,MATCH(18,Personnes!$K$5:$K$104,0)),"")
A20: =IFERROR(INDEX(Personnes!$J$5:$J$104,MATCH(19,Personnes!$K$5:$K$104,0)),"")
A21: =IFERROR(INDEX(Personnes!$J$5:$J$104,MATCH(20,Personnes!$K$5:$K$104,0)),"")
A22: =IFERROR(INDEX(Personnes!$J$5:$J$104,MATCH(21,Personnes!$K$5:$K$104,0)),"")
A23: =IFERROR(INDEX(Personnes!$J$5:$J$104,MATCH(22,Personnes!$K$5:$K$104,0)),"")
A24: =IFERROR(INDEX(Personnes!$J$5:$J$104,MATCH(23,Personnes!$K$5:$K$104,0)),"")
A25: =IFERROR(INDEX(Personnes!$J$5:$J$104,MATCH(24,Personnes!$K$5:$K$104,0)),"")
A26: =IFERROR(INDEX(Personnes!$J$5:$J$104,MATCH(25,Personnes!$K$5:$K$104,0)),"")
A27: =IFERROR(INDEX(Personnes!$J$5:$J$104,MATCH(26,Personnes!$K$5:$K$104,0)),"")
A28: =IFERROR(INDEX(Personnes!$J$5:$J$104,MATCH(27,Personnes!$K$5:$K$104,0)),"")
A29: =IFERROR(INDEX(Personnes!$J$5:$J$104,MATCH(28,Personnes!$K$5:$K$104,0)),"")
A30: =IFERROR(INDEX(Personnes!$J$5:$J$104,MATCH(29,Personnes!$K$5:$K$104,0)),"")
A31: =IFERROR(INDEX(Personnes!$J$5:$J$104,MATCH(30,Personnes!$K$5:$K$104,0)),"")
A32: =IFERROR(INDEX(Personnes!$J$5:$J$104,MATCH(31,Personnes!$K$5:$K$104,0)),"")
A33: =IFERROR(INDEX(Personnes!$J$5:$J$104,MATCH(32,Personnes!$K$5:$K$104,0)),"")
A34: =IFERROR(INDEX(Personnes!$J$5:$J$104,MATCH(33,Personnes!$K$5:$K$104,0)),"")
A35: =IFERROR(INDEX(Personnes!$J$5:$J$104,MATCH(34,Personnes!$K$5:$K$104,0)),"")
A36: =IFERROR(INDEX(Personnes!$J$5:$J$104,MATCH(35,Personnes!$K$5:$K$104,0)),"")
A37: =IFERROR(INDEX(Personnes!$J$5:$J$104,MATCH(36,Personnes!$K$5:$K$104,0)),"")
A38: =IFERROR(INDEX(Personnes!$J$5:$J$104,MATCH(37,Personnes!$K$5:$K$104,0)),"")
A39: =IFERROR(INDEX(Personnes!$J$5:$J$104,MATCH(38,Personnes!$K$5:$K$104,0)),"")
A40: =IFERROR(INDEX(Personnes!$J$5:$J$104,MATCH(39,Personnes!$K$5:$K$104,0)),"")
A41: =IFERROR(INDEX(Personnes!$J$5:$J$104,MATCH(40,Personnes!$K$5:$K$104,0)),"")
A42: =IFERROR(INDEX(Personnes!$J$5:$J$104,MATCH(41,Personnes!$K$5:$K$104,0)),"")
A43: =IFERROR(INDEX(Personnes!$J$5:$J$104,MATCH(42,Personnes!$K$5:$K$104,0)),"")
A44: =IFERROR(INDEX(Personnes!$J$5:$J$104,MATCH(43,Personnes!$K$5:$K$104,0)),"")
A45: =IFERROR(INDEX(Personnes!$J$5:$J$104,MATCH(44,Personnes!$K$5:$K$104,0)),"")
A46: =IFERROR(INDEX(Personnes!$J$5:$J$104,MATCH(45,Personnes!$K$5:$K$104,0)),"")
A47: =IFERROR(INDEX(Personnes!$J$5:$J$104,MATCH(46,Personnes!$K$5:$K$104,0)),"")
A48: =IFERROR(INDEX(Personnes!$J$5:$J$104,MATCH(47,Personnes!$K$5:$K$104,0)),"")
A49: =IFERROR(INDEX(Personnes!$J$5:$J$104,MATCH(48,Personnes!$K$5:$K$104,0)),"")
A50: =IFERROR(INDEX(Personnes!$J$5:$J$104,MATCH(49,Personnes!$K$5:$K$104,0)),"")
A51: =IFERROR(INDEX(Personnes!$J$5:$J$104,MATCH(50,Personnes!$K$5:$K$104,0)),"")
A52: =IFERROR(INDEX(Personnes!$J$5:$J$104,MATCH(51,Personnes!$K$5:$K$104,0)),"")
A53: =IFERROR(INDEX(Personnes!$J$5:$J$104,MATCH(52,Personnes!$K$5:$K$104,0)),"")
A54: =IFERROR(INDEX(Personnes!$J$5:$J$104,MATCH(53,Personnes!$K$5:$K$104,0)),"")
A55: =IFERROR(INDEX(Personnes!$J$5:$J$104,MATCH(54,Personnes!$K$5:$K$104,0)),"")
A56: =IFERROR(INDEX(Personnes!$J$5:$J$104,MATCH(55,Personnes!$K$5:$K$104,0)),"")
A57: =IFERROR(INDEX(Personnes!$J$5:$J$104,MATCH(56,Personnes!$K$5:$K$104,0)),"")
A58: =IFERROR(INDEX(Personnes!$J$5:$J$104,MATCH(57,Personnes!$K$5:$K$104,0)),"")
A59: =IFERROR(INDEX(Personnes!$J$5:$J$104,MATCH(58,Personnes!$K$5:$K$104,0)),"")
A60: =IFERROR(INDEX(Personnes!$J$5:$J$104,MATCH(59,Personnes!$K$5:$K$104,0)),"")
A61: =IFERROR(INDEX(Personnes!$J$5:$J$104,MATCH(60,Personnes!$K$5:$K$104,0)),"")
A62: =IFERROR(INDEX(Personnes!$J$5:$J$104,MATCH(61,Personnes!$K$5:$K$104,0)),"")
A63: =IFERROR(INDEX(Personnes!$J$5:$J$104,MATCH(62,Personnes!$K$5:$K$104,0)),"")
A64: =IFERROR(INDEX(Personnes!$J$5:$J$104,MATCH(63,Personnes!$K$5:$K$104,0)),"")
A65: =IFERROR(INDEX(Personnes!$J$5:$J$104,MATCH(64,Personnes!$K$5:$K$104,0)),"")
A66: =IFERROR(INDEX(Personnes!$J$5:$J$104,MATCH(65,Personnes!$K$5:$K$104,0)),"")
A67: =IFERROR(INDEX(Personnes!$J$5:$J$104,MATCH(66,Personnes!$K$5:$K$104,0)),"")
A68: =IFERROR(INDEX(Personnes!$J$5:$J$104,MATCH(67,Personnes!$K$5:$K$104,0)),"")
A69: =IFERROR(INDEX(Personnes!$J$5:$J$104,MATCH(68,Personnes!$K$5:$K$104,0)),"")
A70: =IFERROR(INDEX(Personnes!$J$5:$J$104,MATCH(69,Personnes!$K$5:$K$104,0)),"")
A71: =IFERROR(INDEX(Personnes!$J$5:$J$104,MATCH(70,Personnes!$K$5:$K$104,0)),"")
A72: =IFERROR(INDEX(Personnes!$J$5:$J$104,MATCH(71,Personnes!$K$5:$K$104,0)),"")
A73: =IFERROR(INDEX(Personnes!$J$5:$J$104,MATCH(72,Personnes!$K$5:$K$104,0)),"")
A74: =IFERROR(INDEX(Personnes!$J$5:$J$104,MATCH(73,Personnes!$K$5:$K$104,0)),"")
A75: =IFERROR(INDEX(Personnes!$J$5:$J$104,MATCH(74,Personnes!$K$5:$K$104,0)),"")
A76: =IFERROR(INDEX(Personnes!$J$5:$J$104,MATCH(75,Personnes!$K$5:$K$104,0)),"")
A77: =IFERROR(INDEX(Personnes!$J$5:$J$104,MATCH(76,Personnes!$K$5:$K$104,0)),"")
A78: =IFERROR(INDEX(Personnes!$J$5:$J$104,MATCH(77,Personnes!$K$5:$K$104,0)),"")
A79: =IFERROR(INDEX(Personnes!$J$5:$J$104,MATCH(78,Personnes!$K$5:$K$104,0)),"")
A80: =IFERROR(INDEX(Personnes!$J$5:$J$104,MATCH(79,Personnes!$K$5:$K$104,0)),"")
A81: =IFERROR(INDEX(Personnes!$J$5:$J$104,MATCH(80,Personnes!$K$5:$K$104,0)),"")
A82: =IFERROR(INDEX(Personnes!$J$5:$J$104,MATCH(81,Personnes!$K$5:$K$104,0)),"")
A83: =IFERROR(INDEX(Personnes!$J$5:$J$104,MATCH(82,Personnes!$K$5:$K$104,0)),"")
A84: =IFERROR(INDEX(Personnes!$J$5:$J$104,MATCH(83,Personnes!$K$5:$K$104,0)),"")
A85: =IFERROR(INDEX(Personnes!$J$5:$J$104,MATCH(84,Personnes!$K$5:$K$104,0)),"")
A86: =IFERROR(INDEX(Personnes!$J$5:$J$104,MATCH(85,Personnes!$K$5:$K$104,0)),"")
A87: =IFERROR(INDEX(Personnes!$J$5:$J$104,MATCH(86,Personnes!$K$5:$K$104,0)),"")
A88: =IFERROR(INDEX(Personnes!$J$5:$J$104,MATCH(87,Personnes!$K$5:$K$104,0)),"")
A89: =IFERROR(INDEX(Personnes!$J$5:$J$104,MATCH(88,Personnes!$K$5:$K$104,0)),"")
A90: =IFERROR(INDEX(Personnes!$J$5:$J$104,MATCH(89,Personnes!$K$5:$K$104,0)),"")
A91: =IFERROR(INDEX(Personnes!$J$5:$J$104,MATCH(90,Personnes!$K$5:$K$104,0)),"")
A92: =IFERROR(INDEX(Personnes!$J$5:$J$104,MATCH(91,Personnes!$K$5:$K$104,0)),"")
A93: =IFERROR(INDEX(Personnes!$J$5:$J$104,MATCH(92,Personnes!$K$5:$K$104,0)),"")
A94: =IFERROR(INDEX(Personnes!$J$5:$J$104,MATCH(93,Personnes!$K$5:$K$104,0)),"")
A95: =IFERROR(INDEX(Personnes!$J$5:$J$104,MATCH(94,Personnes!$K$5:$K$104,0)),"")
A96: =IFERROR(INDEX(Personnes!$J$5:$J$104,MATCH(95,Personnes!$K$5:$K$104,0)),"")
A97: =IFERROR(INDEX(Personnes!$J$5:$J$104,MATCH(96,Personnes!$K$5:$K$104,0)),"")
A98: =IFERROR(INDEX(Personnes!$J$5:$J$104,MATCH(97,Personnes!$K$5:$K$104,0)),"")
A99: =IFERROR(INDEX(Personnes!$J$5:$J$104,MATCH(98,Personnes!$K$5:$K$104,0)),"")
A100: =IFERROR(INDEX(Personnes!$J$5:$J$104,MATCH(99,Personnes!$K$5:$K$104,0)),"")
...

Sheet Listes
A1: Listes de valeurs
A2: Onglet technique : valeurs autorisées, reprises par l'application. Ne pas modifier sans revoir les listes déroulantes.
A4: Niveaux de compétence | B4: Statut d'acquisition | C4: Qualité de réalisation | D4: Rôles d'encadrement | E4: Rôles de personne | F4: Supports de saisie | G4: Périodicités | H4: Motifs d'indisponibilité | I4: Motifs d'absence | J4: Jours | K4: Genres | L4: Statuts de personne | M4: Types d'objectif | N4: Contraintes de validation | O4: Natures de séance | P4: Statuts de séance | Q4: Avis d'encadrant | R4: Types d'événement | S4: Gravités
A5: non acquis | B5: non tenté | C5: en difficulté | D5: directeur de bassin | E5: élève | F5: classeur | G5: toutes les semaines | H5: congé | I5: non renseigné | J5: lundi | K5: F | L5: actif | M5: maîtrise | N5: hypercapnique et/ou hypoxique | O5: ordinaire | P5: planifiée | Q5: absentéiste | R5: perte de contrôle moteur (PCM) | S5: mineur
A6: en cours | B6: non réussi | C6: conforme | D6: responsable de ligne | E6: encadrant | F6: application | G6: semaines paires | H6: professionnel | I6: congé | J6: mardi | K6: H | L6: inactif | M6: acquisition | N6: meilleures conditions | O6: technique | P6: tenue | Q6: dernier tiers | R6: samba | S6: significatif
A7: acquis | B7: réussi | C7: à l'aise | D7: co-encadrant | E7: élève et encadrant | G7: semaines impaires | H7: blessure | I7: professionnel | J7: mercredi | K7: non renseigné | L7: invité | N7: aucune contrainte particulière | O7: hypercapnique | P7: annulée | Q7: dans la moyenne | R7: syncope | S7: grave
A8: expert | D8: tuteur | G8: ponctuel | H8: maladie | I8: blessure | J8: jeudi | L8: en attente de validation | O8: mixte | P8: fermée | Q8: premier tiers | R8: arrêt de séance
D9: stagiaire encadré | H9: formation | I9: maladie | J9: vendredi | O9: hypoxique | Q9: prêt pour le niveau supérieur | R9: malaise
H10: compétition | I10: autre entraînement | J10: samedi | O10: test maximal | R10: barotraumatisme
H11: autre | I11: compétition | J11: dimanche | O11: RIFAA | R11: autre
I12: autre | O12: PSM
O13: examen
O14: formation
O15: tutorat
O16: multi-lignes
